{"level":"info","message":"API a correr em development na porta 3001","service":"leiriadetail-api","timestamp":"2026-05-28T18:56:19.608Z"}
{"level":"info","message":"API a correr em development na porta 3001","service":"leiriadetail-api","timestamp":"2026-05-28T18:58:54.399Z"}
{"duration":"43ms","ip":"::1","level":"info","message":"HTTP Request","method":"GET","service":"leiriadetail-api","status":200,"timestamp":"2026-05-28T19:02:54.773Z","url":"/Reviews/"}
{"duration":"37ms","ip":"::1","level":"info","message":"HTTP Request","method":"GET","service":"leiriadetail-api","status":200,"timestamp":"2026-05-28T19:02:54.774Z","url":"/Faqs/"}
{"duration":"4ms","ip":"::1","level":"info","message":"HTTP Request","method":"GET","service":"leiriadetail-api","status":200,"timestamp":"2026-05-28T19:03:19.501Z","url":"/Reviews/"}
{"duration":"4ms","ip":"::1","level":"info","message":"HTTP Request","method":"GET","service":"leiriadetail-api","status":200,"timestamp":"2026-05-28T19:03:19.503Z","url":"/Faqs/"}
{"duration":"2ms","ip":"::1","level":"info","message":"HTTP Request","method":"GET","service":"leiriadetail-api","status":200,"timestamp":"2026-05-28T19:03:21.014Z","url":"/Reviews/"}
{"duration":"1ms","ip":"::1","level":"info","message":"HTTP Request","method":"GET","service":"leiriadetail-api","status":200,"timestamp":"2026-05-28T19:03:21.015Z","url":"/Faqs/"}
{"level":"warn","message":"Token inválido ou expirado","service":"leiriadetail-api","timestamp":"2026-05-28T19:04:22.235Z"}
{"duration":"17ms","ip":"::1","level":"info","message":"HTTP Request","method":"GET","service":"leiriadetail-api","status":401,"timestamp":"2026-05-28T19:04:22.236Z","url":"/Bookings?user_id=1"}
{"level":"warn","message":"Token inválido ou expirado","service":"leiriadetail-api","timestamp":"2026-05-28T19:04:22.237Z"}
{"duration":"17ms","ip":"::1","level":"info","message":"HTTP Request","method":"GET","service":"leiriadetail-api","status":401,"timestamp":"2026-05-28T19:04:22.237Z","url":"/Bookings?user_id=1"}
{"level":"warn","message":"Token inválido ou expirado","service":"leiriadetail-api","timestamp":"2026-05-28T19:04:22.238Z"}
{"duration":"18ms","ip":"::1","level":"info","message":"HTTP Request","method":"GET","service":"leiriadetail-api","status":401,"timestamp":"2026-05-28T19:04:22.238Z","url":"/Vehicles/List"}
{"level":"warn","message":"Token inválido ou expirado","service":"leiriadetail-api","timestamp":"2026-05-28T19:04:22.238Z"}
{"duration":"26ms","ip":"::1","level":"info","message":"HTTP Request","method":"GET","service":"leiriadetail-api","status":401,"timestamp":"2026-05-28T19:04:22.239Z","url":"/Profile/"}
{"level":"warn","message":"Token inválido ou expirado","service":"leiriadetail-api","timestamp":"2026-05-28T19:04:22.239Z"}
{"duration":"27ms","ip":"::1","level":"info","message":"HTTP Request","method":"GET","service":"leiriadetail-api","status":401,"timestamp":"2026-05-28T19:04:22.240Z","url":"/Authentication/Role"}
{"level":"warn","message":"Token inválido ou expirado","service":"leiriadetail-api","timestamp":"2026-05-28T19:04:30.088Z"}
{"duration":"2ms","ip":"::1","level":"info","message":"HTTP Request","method":"GET","service":"leiriadetail-api","status":401,"timestamp":"2026-05-28T19:04:30.088Z","url":"/Authentication/Role"}
{"level":"warn","message":"Token inválido ou expirado","service":"leiriadetail-api","timestamp":"2026-05-28T19:04:30.095Z"}
{"duration":"2ms","ip":"::1","level":"info","message":"HTTP Request","method":"GET","service":"leiriadetail-api","status":401,"timestamp":"2026-05-28T19:04:30.095Z","url":"/Profile/"}
{"level":"warn","message":"Token inválido ou expirado","service":"leiriadetail-api","timestamp":"2026-05-28T19:04:30.096Z"}
{"duration":"3ms","ip":"::1","level":"info","message":"HTTP Request","method":"GET","service":"leiriadetail-api","status":401,"timestamp":"2026-05-28T19:04:30.097Z","url":"/Bookings?user_id=1"}
{"level":"warn","message":"Token inválido ou expirado","service":"leiriadetail-api","timestamp":"2026-05-28T19:04:30.097Z"}
{"duration":"3ms","ip":"::1","level":"info","message":"HTTP Request","method":"GET","service":"leiriadetail-api","status":401,"timestamp":"2026-05-28T19:04:30.098Z","url":"/Vehicles/List"}
{"level":"warn","message":"Token inválido ou expirado","service":"leiriadetail-api","timestamp":"2026-05-28T19:04:30.098Z"}
{"duration":"2ms","ip":"::1","level":"info","message":"HTTP Request","method":"GET","service":"leiriadetail-api","status":401,"timestamp":"2026-05-28T19:04:30.099Z","url":"/Bookings?user_id=1"}
{"duration":"2ms","ip":"::1","level":"info","message":"HTTP Request","method":"GET","service":"leiriadetail-api","status":200,"timestamp":"2026-05-28T19:04:31.180Z","url":"/Reviews/"}
{"duration":"2ms","ip":"::1","level":"info","message":"HTTP Request","method":"GET","service":"leiriadetail-api","status":200,"timestamp":"2026-05-28T19:04:31.180Z","url":"/Faqs/"}
{"duration":"2ms","ip":"::1","level":"info","message":"HTTP Request","method":"GET","service":"leiriadetail-api","status":200,"timestamp":"2026-05-28T19:04:32.211Z","url":"/Reviews/"}
{"duration":"2ms","ip":"::1","level":"info","message":"HTTP Request","method":"GET","service":"leiriadetail-api","status":200,"timestamp":"2026-05-28T19:04:32.212Z","url":"/Faqs/"}
{"level":"info","message":"API a correr em development na porta 3001","service":"leiriadetail-api","timestamp":"2026-05-28T19:11:01.421Z"}
{"level":"info","message":"API a correr em development na porta 3001","service":"leiriadetail-api","timestamp":"2026-05-28T19:14:19.584Z"}
{"level":"info","message":"API a correr em development na porta 3001","service":"leiriadetail-api","timestamp":"2026-05-28T21:25:53.270Z"}
{"level":"info","message":"Login efetuado","service":"leiriadetail-api","timestamp":"2026-05-28T21:27:43.598Z","userId":1}
{"duration":"103ms","ip":"::1","level":"info","message":"HTTP Request","method":"POST","service":"leiriadetail-api","status":200,"timestamp":"2026-05-28T21:27:43.601Z","url":"/Authentication/Login"}
{"duration":"4ms","ip":"::1","level":"info","message":"HTTP Request","method":"GET","service":"leiriadetail-api","status":304,"timestamp":"2026-05-28T21:27:43.747Z","url":"/Authentication/Role"}
{"duration":"32ms","ip":"::1","level":"info","message":"HTTP Request","method":"GET","service":"leiriadetail-api","status":200,"timestamp":"2026-05-28T21:27:44.093Z","url":"/Dashboard"}
{"duration":"19ms","ip":"::1","level":"info","message":"HTTP Request","method":"GET","service":"leiriadetail-api","status":200,"timestamp":"2026-05-28T21:28:44.031Z","url":"/Dashboard"}
{"duration":"18ms","ip":"::1","level":"info","message":"HTTP Request","method":"GET","service":"leiriadetail-api","status":200,"timestamp":"2026-05-28T21:29:44.075Z","url":"/Dashboard"}
{"duration":"11ms","ip":"::1","level":"info","message":"HTTP Request","method":"GET","service":"leiriadetail-api","status":200,"timestamp":"2026-05-28T21:30:27.662Z","url":"/Audit"}
{"duration":"4ms","ip":"::1","level":"info","message":"HTTP Request","method":"GET","service":"leiriadetail-api","status":200,"timestamp":"2026-05-28T21:30:28.380Z","url":"/Reviews/"}
{"duration":"2ms","ip":"::1","level":"info","message":"HTTP Request","method":"GET","service":"leiriadetail-api","status":200,"timestamp":"2026-05-28T21:30:28.382Z","url":"/Faqs/"}
{"duration":"6ms","ip":"::1","level":"info","message":"HTTP Request","method":"GET","service":"leiriadetail-api","status":200,"timestamp":"2026-05-28T21:30:31.194Z","url":"/Profile/"}
{"duration":"16ms","ip":"::1","level":"info","message":"HTTP Request","method":"GET","service":"leiriadetail-api","status":304,"timestamp":"2026-05-28T21:30:31.206Z","url":"/Authentication/Role"}
{"duration":"5ms","ip":"::1","level":"info","message":"HTTP Request","method":"GET","service":"leiriadetail-api","status":200,"timestamp":"2026-05-28T21:30:31.208Z","url":"/Vehicles/List"}
{"duration":"17ms","ip":"::1","level":"info","message":"HTTP Request","method":"GET","service":"leiriadetail-api","status":200,"timestamp":"2026-05-28T21:30:31.209Z","url":"/Bookings?user_id=1"}
{"duration":"14ms","ip":"::1","level":"info","message":"HTTP Request","method":"GET","service":"leiriadetail-api","status":200,"timestamp":"2026-05-28T21:30:31.217Z","url":"/Bookings?user_id=1"}
{"duration":"6ms","ip":"::1","level":"info","message":"HTTP Request","method":"GET","service":"leiriadetail-api","status":200,"timestamp":"2026-05-28T21:30:33.518Z","url":"/Dashboard"}
{"duration":"6ms","ip":"::1","level":"info","message":"HTTP Request","method":"GET","service":"leiriadetail-api","status":200,"timestamp":"2026-05-28T21:30:36.300Z","url":"/Dashboard"}
{"duration":"4ms","ip":"::1","level":"info","message":"HTTP Request","method":"GET","service":"leiriadetail-api","status":200,"timestamp":"2026-05-28T21:30:37.758Z","url":"/Audit"}
{"duration":"10ms","ip":"::1","level":"info","message":"HTTP Request","method":"GET","service":"leiriadetail-api","status":200,"timestamp":"2026-05-28T21:31:29.887Z","url":"/Audit"}
{"duration":"11ms","ip":"::1","level":"info","message":"HTTP Request","method":"GET","service":"leiriadetail-api","status":200,"timestamp":"2026-05-28T21:31:36.311Z","url":"/Dashboard"}
{"level":"info","message":"API a correr em development na porta 3001","service":"leiriadetail-api","timestamp":"2026-05-28T21:32:22.399Z"}
{"duration":"24ms","ip":"::1","level":"info","message":"HTTP Request","method":"GET","service":"leiriadetail-api","status":200,"timestamp":"2026-05-28T21:32:32.260Z","url":"/Reviews/"}
{"duration":"19ms","ip":"::1","level":"info","message":"HTTP Request","method":"GET","service":"leiriadetail-api","status":200,"timestamp":"2026-05-28T21:32:32.261Z","url":"/Faqs/"}
{"level":"info","message":"Login efetuado","service":"leiriadetail-api","timestamp":"2026-05-28T21:32:47.768Z","userId":1}
{"duration":"63ms","ip":"::1","level":"info","message":"HTTP Request","method":"POST","service":"leiriadetail-api","status":200,"timestamp":"2026-05-28T21:32:47.769Z","url":"/Authentication/Login"}
{"duration":"3ms","ip":"::1","level":"info","message":"HTTP Request","method":"GET","service":"leiriadetail-api","status":304,"timestamp":"2026-05-28T21:32:47.960Z","url":"/Authentication/Role"}
{"duration":"25ms","ip":"::1","level":"info","message":"HTTP Request","method":"GET","service":"leiriadetail-api","status":200,"timestamp":"2026-05-28T21:32:48.201Z","url":"/Dashboard"}
{"duration":"8ms","ip":"::1","level":"info","message":"HTTP Request","method":"GET","service":"leiriadetail-api","status":200,"timestamp":"2026-05-28T21:32:52.478Z","url":"/Financial/"}
{"duration":"4ms","ip":"::1","level":"info","message":"HTTP Request","method":"GET","service":"leiriadetail-api","status":200,"timestamp":"2026-05-28T21:32:53.649Z","url":"/Inventory/"}
{"duration":"4ms","ip":"::1","level":"info","message":"HTTP Request","method":"GET","service":"leiriadetail-api","status":200,"timestamp":"2026-05-28T21:32:53.652Z","url":"/Inventory/alerts"}
{"duration":"3ms","ip":"::1","level":"info","message":"HTTP Request","method":"GET","service":"leiriadetail-api","status":200,"timestamp":"2026-05-28T21:32:54.962Z","url":"/CRM"}
{"duration":"2ms","ip":"::1","level":"info","message":"HTTP Request","method":"GET","service":"leiriadetail-api","status":200,"timestamp":"2026-05-28T21:32:55.766Z","url":"/Services/"}
{"duration":"4ms","ip":"::1","level":"info","message":"HTTP Request","method":"GET","service":"leiriadetail-api","status":200,"timestamp":"2026-05-28T21:32:56.848Z","url":"/Staff/"}
{"duration":"4ms","ip":"::1","level":"info","message":"HTTP Request","method":"GET","service":"leiriadetail-api","status":200,"timestamp":"2026-05-28T21:32:59.095Z","url":"/Staff/"}
{"duration":"7ms","ip":"::1","level":"info","message":"HTTP Request","method":"GET","service":"leiriadetail-api","status":200,"timestamp":"2026-05-28T21:33:00.762Z","url":"/Dashboard"}
{"duration":"18ms","ip":"::1","level":"info","message":"HTTP Request","method":"GET","service":"leiriadetail-api","status":200,"timestamp":"2026-05-28T21:33:48.193Z","url":"/Dashboard"}
{"duration":"6ms","ip":"::1","level":"info","message":"HTTP Request","method":"GET","service":"leiriadetail-api","status":200,"timestamp":"2026-05-28T21:34:00.765Z","url":"/Dashboard"}
{"duration":"20ms","ip":"::1","level":"info","message":"HTTP Request","method":"GET","service":"leiriadetail-api","status":200,"timestamp":"2026-05-28T21:34:48.194Z","url":"/Dashboard"}
{"duration":"6ms","ip":"::1","level":"info","message":"HTTP Request","method":"GET","service":"leiriadetail-api","status":200,"timestamp":"2026-05-28T21:35:00.810Z","url":"/Dashboard"}
{"duration":"21ms","ip":"::1","level":"info","message":"HTTP Request","method":"GET","service":"leiriadetail-api","status":200,"timestamp":"2026-05-28T21:35:48.199Z","url":"/Dashboard"}
{"duration":"6ms","ip":"::1","level":"info","message":"HTTP Request","method":"GET","service":"leiriadetail-api","status":200,"timestamp":"2026-05-28T21:36:00.765Z","url":"/Dashboard"}
{"level":"info","message":"API a correr em development na porta 3001","service":"leiriadetail-api","timestamp":"2026-05-28T21:36:23.295Z"}
{"duration":"30ms","ip":"::1","level":"info","message":"HTTP Request","method":"GET","service":"leiriadetail-api","status":304,"timestamp":"2026-05-28T21:36:29.042Z","url":"/Authentication/Role"}
{"duration":"7ms","ip":"::1","level":"info","message":"HTTP Request","method":"GET","service":"leiriadetail-api","status":200,"timestamp":"2026-05-28T21:36:29.075Z","url":"/Profile/"}
{"duration":"12ms","ip":"::1","level":"info","message":"HTTP Request","method":"GET","service":"leiriadetail-api","status":200,"timestamp":"2026-05-28T21:36:29.083Z","url":"/Bookings?user_id=1"}
{"duration":"13ms","ip":"::1","level":"info","message":"HTTP Request","method":"GET","service":"leiriadetail-api","status":200,"timestamp":"2026-05-28T21:36:29.084Z","url":"/Bookings?user_id=1"}
{"duration":"13ms","ip":"::1","level":"info","message":"HTTP Request","method":"GET","service":"leiriadetail-api","status":200,"timestamp":"2026-05-28T21:36:29.085Z","url":"/Vehicles/List"}
{"duration":"18ms","ip":"::1","level":"info","message":"HTTP Request","method":"GET","service":"leiriadetail-api","status":200,"timestamp":"2026-05-28T21:36:30.260Z","url":"/Dashboard"}
{"duration":"3ms","ip":"::1","level":"info","message":"HTTP Request","method":"GET","service":"leiriadetail-api","status":200,"timestamp":"2026-05-28T21:36:36.033Z","url":"/Profile/"}
{"duration":"20ms","ip":"::1","level":"info","message":"HTTP Request","method":"GET","service":"leiriadetail-api","status":200,"timestamp":"2026-05-28T21:37:30.264Z","url":"/Dashboard"}
{"duration":"21ms","ip":"::1","level":"info","message":"HTTP Request","method":"GET","service":"leiriadetail-api","status":200,"timestamp":"2026-05-28T21:38:30.264Z","url":"/Dashboard"}
{"duration":"21ms","ip":"::1","level":"info","message":"HTTP Request","method":"GET","service":"leiriadetail-api","status":200,"timestamp":"2026-05-28T21:39:30.265Z","url":"/Dashboard"}
{"duration":"21ms","ip":"::1","level":"info","message":"HTTP Request","method":"GET","service":"leiriadetail-api","status":200,"timestamp":"2026-05-28T21:40:30.265Z","url":"/Dashboard"}
{"duration":"20ms","ip":"::1","level":"info","message":"HTTP Request","method":"GET","service":"leiriadetail-api","status":200,"timestamp":"2026-05-28T21:41:30.265Z","url":"/Dashboard"}
{"duration":"3ms","ip":"::1","level":"info","message":"HTTP Request","method":"GET","service":"leiriadetail-api","status":200,"timestamp":"2026-05-28T21:41:39.822Z","url":"/Profile/"}
{"duration":"2ms","ip":"::1","level":"info","message":"HTTP Request","method":"GET","service":"leiriadetail-api","status":200,"timestamp":"2026-05-28T21:42:29.257Z","url":"/Profile/"}
{"duration":"24ms","ip":"::1","level":"info","message":"HTTP Request","method":"GET","service":"leiriadetail-api","status":200,"timestamp":"2026-05-28T21:42:29.260Z","url":"/Financial/"}
{"duration":"15ms","ip":"::1","level":"info","message":"HTTP Request","method":"GET","service":"leiriadetail-api","status":200,"timestamp":"2026-05-28T21:42:30.257Z","url":"/Dashboard"}
{"duration":"14ms","ip":"::1","level":"info","message":"HTTP Request","method":"GET","service":"leiriadetail-api","status":200,"timestamp":"2026-05-28T21:42:30.258Z","url":"/Financial/"}
{"duration":"2ms","ip":"::1","level":"info","message":"HTTP Request","method":"GET","service":"leiriadetail-api","status":200,"timestamp":"2026-05-28T21:42:30.554Z","url":"/Profile/"}
{"duration":"18ms","ip":"::1","level":"info","message":"HTTP Request","method":"GET","service":"leiriadetail-api","status":200,"timestamp":"2026-05-28T21:43:30.262Z","url":"/Dashboard"}
{"duration":"18ms","ip":"::1","level":"info","message":"HTTP Request","method":"GET","service":"leiriadetail-api","status":200,"timestamp":"2026-05-28T21:44:30.262Z","url":"/Dashboard"}
{"duration":"3ms","ip":"::1","level":"info","message":"HTTP Request","method":"GET","service":"leiriadetail-api","status":200,"timestamp":"2026-05-28T21:44:37.016Z","url":"/Profile/"}
{"duration":"10ms","ip":"::1","level":"info","message":"HTTP Request","method":"GET","service":"leiriadetail-api","status":200,"timestamp":"2026-05-28T21:45:20.292Z","url":"/Profile/"}
{"duration":"4ms","ip":"::1","level":"info","message":"HTTP Request","method":"GET","service":"leiriadetail-api","status":200,"timestamp":"2026-05-28T21:45:26.833Z","url":"/Profile/"}
{"duration":"12ms","ip":"::1","level":"info","message":"HTTP Request","method":"GET","service":"leiriadetail-api","status":200,"timestamp":"2026-05-28T21:45:30.361Z","url":"/Dashboard"}
{"duration":"3ms","ip":"::1","level":"info","message":"HTTP Request","method":"GET","service":"leiriadetail-api","status":200,"timestamp":"2026-05-28T21:45:30.653Z","url":"/Profile/"}
{"duration":"3ms","ip":"::1","level":"info","message":"HTTP Request","method":"GET","service":"leiriadetail-api","status":200,"timestamp":"2026-05-28T21:45:53.088Z","url":"/Profile/"}
{"duration":"21ms","ip":"::1","level":"info","message":"HTTP Request","method":"GET","service":"leiriadetail-api","status":200,"timestamp":"2026-05-28T21:46:30.264Z","url":"/Dashboard"}
{"duration":"3ms","ip":"::1","level":"info","message":"HTTP Request","method":"GET","service":"leiriadetail-api","status":200,"timestamp":"2026-05-28T21:46:32.571Z","url":"/Profile/"}
{"level":"info","message":"API a correr em development na porta 3001","service":"leiriadetail-api","timestamp":"2026-05-28T21:46:44.027Z"}
{"duration":"33ms","ip":"::1","level":"info","message":"HTTP Request","method":"GET","service":"leiriadetail-api","status":200,"timestamp":"2026-05-28T21:46:52.847Z","url":"/Financial/"}
{"duration":"8ms","ip":"::1","level":"info","message":"HTTP Request","method":"GET","service":"leiriadetail-api","status":200,"timestamp":"2026-05-28T21:46:54.514Z","url":"/Financial/"}
{"duration":"6ms","ip":"::1","level":"info","message":"HTTP Request","method":"GET","service":"leiriadetail-api","status":200,"timestamp":"2026-05-28T21:47:03.474Z","url":"/Financial/"}
{"duration":"3ms","ip":"::1","level":"info","message":"HTTP Request","method":"GET","service":"leiriadetail-api","status":200,"timestamp":"2026-05-28T21:47:14.136Z","url":"/Profile/"}
{"level":"info","message":"API a correr em development na porta 3001","service":"leiriadetail-api","timestamp":"2026-05-28T21:52:40.988Z"}
{"level":"warn","message":"Token inválido ou expirado","service":"leiriadetail-api","timestamp":"2026-05-28T21:52:47.570Z"}
{"duration":"22ms","ip":"::1","level":"info","message":"HTTP Request","method":"GET","service":"leiriadetail-api","status":401,"timestamp":"2026-05-28T21:52:47.572Z","url":"/Profile/"}
{"level":"warn","message":"Token inválido ou expirado","service":"leiriadetail-api","timestamp":"2026-05-28T21:54:02.194Z"}
{"duration":"11ms","ip":"::1","level":"info","message":"HTTP Request","method":"GET","service":"leiriadetail-api","status":401,"timestamp":"2026-05-28T21:54:02.195Z","url":"/Profile/"}
{"level":"warn","message":"Token inválido ou expirado","service":"leiriadetail-api","timestamp":"2026-05-28T21:54:07.886Z"}
{"duration":"2ms","ip":"::1","level":"info","message":"HTTP Request","method":"GET","service":"leiriadetail-api","status":401,"timestamp":"2026-05-28T21:54:07.887Z","url":"/Profile/"}
{"level":"warn","message":"Token inválido ou expirado","service":"leiriadetail-api","timestamp":"2026-05-28T21:54:11.238Z"}
{"duration":"2ms","ip":"::1","level":"info","message":"HTTP Request","method":"GET","service":"leiriadetail-api","status":401,"timestamp":"2026-05-28T21:54:11.239Z","url":"/Financial/"}
{"level":"warn","message":"Token inválido ou expirado","service":"leiriadetail-api","timestamp":"2026-05-28T21:54:12.202Z"}
{"duration":"1ms","ip":"::1","level":"info","message":"HTTP Request","method":"GET","service":"leiriadetail-api","status":401,"timestamp":"2026-05-28T21:54:12.202Z","url":"/Profile/"}
{"level":"warn","message":"Token inválido ou expirado","service":"leiriadetail-api","timestamp":"2026-05-28T21:54:12.801Z"}
{"duration":"1ms","ip":"::1","level":"info","message":"HTTP Request","method":"GET","service":"leiriadetail-api","status":401,"timestamp":"2026-05-28T21:54:12.801Z","url":"/Financial/"}
{"level":"info","message":"API a correr em development na porta 3001","service":"leiriadetail-api","timestamp":"2026-05-28T21:54:27.817Z"}
{"level":"info","message":"Login efetuado","service":"leiriadetail-api","timestamp":"2026-05-28T21:54:37.066Z","userId":1}
{"duration":"81ms","ip":"::1","level":"info","message":"HTTP Request","method":"POST","service":"leiriadetail-api","status":200,"timestamp":"2026-05-28T21:54:37.069Z","url":"/Authentication/Login"}
{"duration":"3ms","ip":"::1","level":"info","message":"HTTP Request","method":"GET","service":"leiriadetail-api","status":304,"timestamp":"2026-05-28T21:54:37.236Z","url":"/Authentication/Role"}
{"duration":"25ms","ip":"::1","level":"info","message":"HTTP Request","method":"GET","service":"leiriadetail-api","status":200,"timestamp":"2026-05-28T21:54:37.439Z","url":"/Dashboard"}
{"duration":"3ms","ip":"::1","level":"info","message":"HTTP Request","method":"GET","service":"leiriadetail-api","status":200,"timestamp":"2026-05-28T21:54:39.044Z","url":"/Profile/"}
{"duration":"7ms","ip":"::1","level":"info","message":"HTTP Request","method":"PUT","service":"leiriadetail-api","status":200,"timestamp":"2026-05-28T21:54:41.511Z","url":"/Profile/Avatar"}
{"duration":"2ms","ip":"::1","level":"info","message":"HTTP Request","method":"GET","service":"leiriadetail-api","status":200,"timestamp":"2026-05-28T21:54:50.790Z","url":"/Profile/"}
{"duration":"5ms","ip":"::1","level":"info","message":"HTTP Request","method":"GET","service":"leiriadetail-api","status":200,"timestamp":"2026-05-28T21:54:56.646Z","url":"/Audit"}
{"duration":"3ms","ip":"::1","level":"info","message":"HTTP Request","method":"GET","service":"leiriadetail-api","status":200,"timestamp":"2026-05-28T21:54:56.817Z","url":"/Profile/"}
{"duration":"19ms","ip":"::1","level":"info","message":"HTTP Request","method":"GET","service":"leiriadetail-api","status":200,"timestamp":"2026-05-28T21:55:37.432Z","url":"/Dashboard"}
{"duration":"20ms","ip":"::1","level":"info","message":"HTTP Request","method":"GET","service":"leiriadetail-api","status":200,"timestamp":"2026-05-28T21:56:37.432Z","url":"/Dashboard"}
{"duration":"4ms","ip":"::1","level":"info","message":"HTTP Request","method":"GET","service":"leiriadetail-api","status":200,"timestamp":"2026-05-28T21:57:04.468Z","url":"/Profile/"}
{"duration":"3ms","ip":"::1","level":"info","message":"HTTP Request","method":"GET","service":"leiriadetail-api","status":200,"timestamp":"2026-05-28T21:57:06.621Z","url":"/Profile/"}
{"duration":"3ms","ip":"::1","level":"info","message":"HTTP Request","method":"GET","service":"leiriadetail-api","status":200,"timestamp":"2026-05-28T21:57:06.889Z","url":"/Profile/"}
{"duration":"3ms","ip":"::1","level":"info","message":"HTTP Request","method":"GET","service":"leiriadetail-api","status":200,"timestamp":"2026-05-28T21:57:07.105Z","url":"/Profile/"}
{"duration":"4ms","ip":"::1","level":"info","message":"HTTP Request","method":"GET","service":"leiriadetail-api","status":200,"timestamp":"2026-05-28T21:57:07.307Z","url":"/Profile/"}
{"duration":"3ms","ip":"::1","level":"info","message":"HTTP Request","method":"GET","service":"leiriadetail-api","status":200,"timestamp":"2026-05-28T21:57:07.482Z","url":"/Profile/"}
{"duration":"2ms","ip":"::1","level":"info","message":"HTTP Request","method":"GET","service":"leiriadetail-api","status":200,"timestamp":"2026-05-28T21:57:07.655Z","url":"/Profile/"}
{"duration":"3ms","ip":"::1","level":"info","message":"HTTP Request","method":"GET","service":"leiriadetail-api","status":200,"timestamp":"2026-05-28T21:57:07.814Z","url":"/Profile/"}
{"level":"info","message":"API a correr em development na porta 3001","service":"leiriadetail-api","timestamp":"2026-05-28T21:57:44.519Z"}
{"level":"info","message":"Login efetuado","service":"leiriadetail-api","timestamp":"2026-05-28T21:57:57.558Z","userId":1}
{"duration":"84ms","ip":"::1","level":"info","message":"HTTP Request","method":"POST","service":"leiriadetail-api","status":200,"timestamp":"2026-05-28T21:57:57.561Z","url":"/Authentication/Login"}
{"duration":"3ms","ip":"::1","level":"info","message":"HTTP Request","method":"GET","service":"leiriadetail-api","status":304,"timestamp":"2026-05-28T21:57:57.569Z","url":"/Authentication/Role"}
{"duration":"21ms","ip":"::1","level":"info","message":"HTTP Request","method":"GET","service":"leiriadetail-api","status":200,"timestamp":"2026-05-28T21:57:57.709Z","url":"/Dashboard"}
{"duration":"4ms","ip":"::1","level":"info","message":"HTTP Request","method":"GET","service":"leiriadetail-api","status":200,"timestamp":"2026-05-28T21:58:05.683Z","url":"/Audit"}
{"duration":"3ms","ip":"::1","level":"info","message":"HTTP Request","method":"GET","service":"leiriadetail-api","status":200,"timestamp":"2026-05-28T21:58:11.246Z","url":"/Profile/"}
{"duration":"5ms","ip":"::1","level":"info","message":"HTTP Request","method":"PUT","service":"leiriadetail-api","status":200,"timestamp":"2026-05-28T21:58:16.037Z","url":"/Profile/Avatar"}
{"duration":"6ms","ip":"::1","level":"info","message":"HTTP Request","method":"GET","service":"leiriadetail-api","status":200,"timestamp":"2026-05-28T21:58:21.372Z","url":"/Financial/"}
{"duration":"3ms","ip":"::1","level":"info","message":"HTTP Request","method":"GET","service":"leiriadetail-api","status":200,"timestamp":"2026-05-28T21:58:22.012Z","url":"/Profile/"}
{"duration":"26ms","ip":"::1","level":"info","message":"HTTP Request","method":"GET","service":"leiriadetail-api","status":200,"timestamp":"2026-05-28T21:58:57.673Z","url":"/Dashboard"}
{"level":"warn","message":"Token inválido ou expirado","service":"leiriadetail-api","timestamp":"2026-05-28T21:59:50.393Z"}
{"duration":"12ms","ip":"::1","level":"info","message":"HTTP Request","method":"GET","service":"leiriadetail-api","status":401,"timestamp":"2026-05-28T21:59:50.394Z","url":"/Profile/"}
{"duration":"15ms","ip":"::1","level":"info","message":"HTTP Request","method":"GET","service":"leiriadetail-api","status":200,"timestamp":"2026-05-28T21:59:57.660Z","url":"/Dashboard"}
{"level":"warn","message":"Token inválido ou expirado","service":"leiriadetail-api","timestamp":"2026-05-28T22:00:14.022Z"}
{"duration":"3ms","ip":"::1","level":"info","message":"HTTP Request","method":"GET","service":"leiriadetail-api","status":401,"timestamp":"2026-05-28T22:00:14.023Z","url":"/Profile"}
{"duration":"23ms","ip":"::1","level":"info","message":"HTTP Request","method":"GET","service":"leiriadetail-api","status":200,"timestamp":"2026-05-28T22:00:57.669Z","url":"/Dashboard"}
{"duration":"22ms","ip":"::1","level":"info","message":"HTTP Request","method":"GET","service":"leiriadetail-api","status":200,"timestamp":"2026-05-28T22:01:57.668Z","url":"/Dashboard"}
{"duration":"22ms","ip":"::1","level":"info","message":"HTTP Request","method":"GET","service":"leiriadetail-api","status":200,"timestamp":"2026-05-28T22:02:57.667Z","url":"/Dashboard"}
{"duration":"21ms","ip":"::1","level":"info","message":"HTTP Request","method":"GET","service":"leiriadetail-api","status":200,"timestamp":"2026-05-28T22:03:57.668Z","url":"/Dashboard"}
{"duration":"21ms","ip":"::1","level":"info","message":"HTTP Request","method":"GET","service":"leiriadetail-api","status":200,"timestamp":"2026-05-28T22:04:57.667Z","url":"/Dashboard"}
{"level":"warn","message":"Token inválido ou expirado","service":"leiriadetail-api","timestamp":"2026-05-28T22:05:07.216Z"}
{"duration":"2ms","ip":"::1","level":"info","message":"HTTP Request","method":"GET","service":"leiriadetail-api","status":401,"timestamp":"2026-05-28T22:05:07.217Z","url":"/Profile"}
{"duration":"18ms","ip":"::1","level":"info","message":"HTTP Request","method":"GET","service":"leiriadetail-api","status":200,"timestamp":"2026-05-28T22:05:57.660Z","url":"/Dashboard"}
{"duration":"4ms","ip":"::1","level":"info","message":"HTTP Request","method":"GET","service":"leiriadetail-api","status":200,"timestamp":"2026-05-28T22:06:14.384Z","url":"/Profile/"}
{"duration":"3ms","ip":"::1","level":"info","message":"HTTP Request","method":"GET","service":"leiriadetail-api","status":200,"timestamp":"2026-05-28T22:06:21.340Z","url":"/Profile"}
{"level":"info","message":"API a correr em development na porta 3001","service":"leiriadetail-api","timestamp":"2026-05-28T22:07:14.586Z"}
{"level":"info","message":"API a correr em development na porta 3001","service":"leiriadetail-api","timestamp":"2026-05-28T22:07:17.334Z"}
{"level":"info","message":"API a correr em development na porta 3001","service":"leiriadetail-api","timestamp":"2026-05-28T22:07:42.015Z"}
{"level":"info","message":"API a correr em development na porta 3001","service":"leiriadetail-api","timestamp":"2026-05-28T22:07:47.193Z"}
{"level":"info","message":"API a correr em development na porta 3001","service":"leiriadetail-api","timestamp":"2026-05-28T22:07:48.226Z"}
{"level":"info","message":"API a correr em development na porta 3001","service":"leiriadetail-api","timestamp":"2026-05-28T22:08:46.460Z"}
{"level":"info","message":"API a correr em development na porta 3001","service":"leiriadetail-api","timestamp":"2026-05-28T22:09:12.009Z"}
{"duration":"31ms","ip":"::1","level":"info","message":"HTTP Request","method":"GET","service":"leiriadetail-api","status":200,"timestamp":"2026-05-28T22:09:16.925Z","url":"/Profile/"}
{"duration":"14ms","ip":"::1","level":"info","message":"HTTP Request","method":"PUT","service":"leiriadetail-api","status":200,"timestamp":"2026-05-28T22:09:25.463Z","url":"/Profile/Avatar"}
{"duration":"4ms","ip":"::1","level":"info","message":"HTTP Request","method":"PUT","service":"leiriadetail-api","status":200,"timestamp":"2026-05-28T22:09:29.035Z","url":"/Profile/Avatar"}
{"duration":"4ms","ip":"::1","level":"info","message":"HTTP Request","method":"PUT","service":"leiriadetail-api","status":200,"timestamp":"2026-05-28T22:09:31.263Z","url":"/Profile/Avatar"}
{"duration":"13ms","ip":"::1","level":"info","message":"HTTP Request","method":"GET","service":"leiriadetail-api","status":200,"timestamp":"2026-05-28T22:09:37.860Z","url":"/Financial/"}
{"duration":"4ms","ip":"::1","level":"info","message":"HTTP Request","method":"GET","service":"leiriadetail-api","status":200,"timestamp":"2026-05-28T22:09:38.439Z","url":"/Profile/"}
{"duration":"18ms","ip":"::1","level":"info","message":"HTTP Request","method":"GET","service":"leiriadetail-api","status":200,"timestamp":"2026-05-28T22:12:48.888Z","url":"/Financial/"}
{"level":"info","message":"API a correr em development na porta 3001","service":"leiriadetail-api","timestamp":"2026-05-28T22:18:38.307Z"}
{"level":"info","message":"API a correr em development na porta 3001","service":"leiriadetail-api","timestamp":"2026-05-28T22:24:20.473Z"}
{"level":"info","message":"API a correr em development na porta 3001","service":"leiriadetail-api","timestamp":"2026-05-28T22:26:16.262Z"}
{"duration":"29ms","ip":"::1","level":"info","message":"HTTP Request","method":"GET","service":"leiriadetail-api","status":200,"timestamp":"2026-05-28T22:26:17.381Z","url":"/Financial/"}
{"duration":"6ms","ip":"::1","level":"info","message":"HTTP Request","method":"GET","service":"leiriadetail-api","status":200,"timestamp":"2026-05-28T22:26:19.402Z","url":"/Holiday"}
{"level":"info","message":"API a correr em development na porta 3001","service":"leiriadetail-api","timestamp":"2026-05-28T22:28:09.217Z"}
{"duration":"27ms","ip":"::1","level":"info","message":"HTTP Request","method":"GET","service":"leiriadetail-api","status":200,"timestamp":"2026-05-28T22:28:12.950Z","url":"/Holiday"}
{"duration":"5ms","ip":"::1","level":"info","message":"HTTP Request","method":"GET","service":"leiriadetail-api","status":200,"timestamp":"2026-05-28T22:28:14.778Z","url":"/Holiday"}
{"duration":"12ms","ip":"::1","level":"info","message":"HTTP Request","method":"GET","service":"leiriadetail-api","status":200,"timestamp":"2026-05-28T22:29:10.806Z","url":"/Holiday"}
{"duration":"4ms","ip":"::1","level":"info","message":"HTTP Request","method":"GET","service":"leiriadetail-api","status":200,"timestamp":"2026-05-28T22:29:12.595Z","url":"/Holiday"}
{"duration":"11ms","ip":"::1","level":"info","message":"HTTP Request","method":"GET","service":"leiriadetail-api","status":200,"timestamp":"2026-05-28T22:31:33.138Z","url":"/Audit"}
{"duration":"4ms","ip":"::1","level":"info","message":"HTTP Request","method":"GET","service":"leiriadetail-api","status":200,"timestamp":"2026-05-28T22:31:48.230Z","url":"/Staff/"}
{"duration":"4ms","ip":"::1","level":"info","message":"HTTP Request","method":"GET","service":"leiriadetail-api","status":200,"timestamp":"2026-05-28T22:31:51.042Z","url":"/CRM"}
{"duration":"3ms","ip":"::1","level":"info","message":"HTTP Request","method":"GET","service":"leiriadetail-api","status":200,"timestamp":"2026-05-28T22:31:59.503Z","url":"/CRM"}
{"duration":"2ms","ip":"::1","level":"info","message":"HTTP Request","method":"GET","service":"leiriadetail-api","status":200,"timestamp":"2026-05-28T22:32:00.519Z","url":"/Services/"}
{"duration":"13ms","ip":"::1","level":"info","message":"HTTP Request","method":"GET","service":"leiriadetail-api","status":200,"timestamp":"2026-05-28T22:32:01.961Z","url":"/Financial/"}
{"duration":"4ms","ip":"::1","level":"info","message":"HTTP Request","method":"GET","service":"leiriadetail-api","status":200,"timestamp":"2026-05-28T22:32:03.108Z","url":"/Inventory/"}
{"duration":"5ms","ip":"::1","level":"info","message":"HTTP Request","method":"GET","service":"leiriadetail-api","status":200,"timestamp":"2026-05-28T22:32:03.112Z","url":"/Inventory/alerts"}
{"duration":"3ms","ip":"::1","level":"info","message":"HTTP Request","method":"GET","service":"leiriadetail-api","status":200,"timestamp":"2026-05-28T22:32:05.161Z","url":"/Profile/"}
{"duration":"18ms","ip":"::1","level":"info","message":"HTTP Request","method":"GET","service":"leiriadetail-api","status":200,"timestamp":"2026-05-28T22:32:07.534Z","url":"/Dashboard"}
{"duration":"19ms","ip":"::1","level":"info","message":"HTTP Request","method":"GET","service":"leiriadetail-api","status":200,"timestamp":"2026-05-28T22:33:07.538Z","url":"/Dashboard"}
{"duration":"4ms","ip":"::1","level":"info","message":"HTTP Request","method":"GET","service":"leiriadetail-api","status":200,"timestamp":"2026-05-28T22:33:08.955Z","url":"/CRM"}
{"duration":"19ms","ip":"::1","level":"info","message":"HTTP Request","method":"GET","service":"leiriadetail-api","status":200,"timestamp":"2026-05-28T22:34:07.540Z","url":"/Dashboard"}
{"duration":"18ms","ip":"::1","level":"info","message":"HTTP Request","method":"GET","service":"leiriadetail-api","status":200,"timestamp":"2026-05-28T22:35:07.537Z","url":"/Dashboard"}
{"duration":"16ms","ip":"::1","level":"info","message":"HTTP Request","method":"GET","service":"leiriadetail-api","status":200,"timestamp":"2026-05-28T22:36:07.538Z","url":"/Dashboard"}
{"duration":"16ms","ip":"::1","level":"info","message":"HTTP Request","method":"GET","service":"leiriadetail-api","status":200,"timestamp":"2026-05-28T22:37:07.535Z","url":"/Dashboard"}
{"duration":"17ms","ip":"::1","level":"info","message":"HTTP Request","method":"GET","service":"leiriadetail-api","status":200,"timestamp":"2026-05-28T22:38:07.537Z","url":"/Dashboard"}
{"duration":"16ms","ip":"::1","level":"info","message":"HTTP Request","method":"GET","service":"leiriadetail-api","status":200,"timestamp":"2026-05-28T22:39:07.535Z","url":"/Dashboard"}
{"duration":"16ms","ip":"::1","level":"info","message":"HTTP Request","method":"GET","service":"leiriadetail-api","status":200,"timestamp":"2026-05-28T22:40:07.535Z","url":"/Dashboard"}
{"duration":"12ms","ip":"::1","level":"info","message":"HTTP Request","method":"GET","service":"leiriadetail-api","status":200,"timestamp":"2026-05-28T22:40:48.579Z","url":"/CRM"}
{"duration":"9ms","ip":"::1","level":"info","message":"HTTP Request","method":"GET","service":"leiriadetail-api","status":200,"timestamp":"2026-05-28T22:43:59.393Z","url":"/Portfolio/categories"}
{"duration":"11ms","ip":"::1","level":"info","message":"HTTP Request","method":"GET","service":"leiriadetail-api","status":200,"timestamp":"2026-05-28T22:43:59.394Z","url":"/Portfolio/"}
{"duration":"1ms","ip":"::1","level":"info","message":"HTTP Request","method":"GET","service":"leiriadetail-api","status":200,"timestamp":"2026-05-28T22:44:15.579Z","url":"/Portfolio/"}
{"duration":"2ms","ip":"::1","level":"info","message":"HTTP Request","method":"GET","service":"leiriadetail-api","status":200,"timestamp":"2026-05-28T22:44:15.580Z","url":"/Portfolio/categories"}
{"duration":"9ms","ip":"::1","level":"info","message":"HTTP Request","method":"GET","service":"leiriadetail-api","status":200,"timestamp":"2026-05-28T22:46:31.663Z","url":"/Portfolio/"}
{"duration":"9ms","ip":"::1","level":"info","message":"HTTP Request","method":"GET","service":"leiriadetail-api","status":200,"timestamp":"2026-05-28T22:46:31.663Z","url":"/Portfolio/categories"}
{"duration":"9ms","ip":"::1","level":"info","message":"HTTP Request","method":"GET","service":"leiriadetail-api","status":200,"timestamp":"2026-05-28T22:48:58.527Z","url":"/Portfolio/categories"}
{"duration":"9ms","ip":"::1","level":"info","message":"HTTP Request","method":"GET","service":"leiriadetail-api","status":200,"timestamp":"2026-05-28T22:48:58.527Z","url":"/Portfolio/"}
{"duration":"57ms","ip":"::1","level":"info","message":"HTTP Request","method":"POST","service":"leiriadetail-api","status":200,"timestamp":"2026-05-28T22:49:21.181Z","url":"/Portfolio/Add"}
{"duration":"2ms","ip":"::1","level":"info","message":"HTTP Request","method":"GET","service":"leiriadetail-api","status":200,"timestamp":"2026-05-28T22:49:21.187Z","url":"/Portfolio/"}
{"duration":"1ms","ip":"::1","level":"info","message":"HTTP Request","method":"GET","service":"leiriadetail-api","status":200,"timestamp":"2026-05-28T22:49:21.188Z","url":"/Portfolio/categories"}
{"duration":"3ms","ip":"::1","level":"info","message":"HTTP Request","method":"GET","service":"leiriadetail-api","status":200,"timestamp":"2026-05-28T22:49:32.166Z","url":"/Reviews/"}
{"duration":"9ms","ip":"::1","level":"info","message":"HTTP Request","method":"GET","service":"leiriadetail-api","status":200,"timestamp":"2026-05-28T22:49:32.173Z","url":"/Faqs/"}
{"duration":"1ms","ip":"::1","level":"info","message":"HTTP Request","method":"GET","service":"leiriadetail-api","status":200,"timestamp":"2026-05-28T22:49:33.775Z","url":"/Portfolio/categories"}
{"duration":"3ms","ip":"::1","level":"info","message":"HTTP Request","method":"GET","service":"leiriadetail-api","status":200,"timestamp":"2026-05-28T22:49:33.776Z","url":"/Portfolio/"}
{"duration":"1ms","ip":"::1","level":"info","message":"HTTP Request","method":"GET","service":"leiriadetail-api","status":200,"timestamp":"2026-05-28T22:49:33.778Z","url":"/Services/"}
{"duration":"9ms","ip":"::1","level":"info","message":"HTTP Request","method":"GET","service":"leiriadetail-api","status":200,"timestamp":"2026-05-28T22:50:36.946Z","url":"/Portfolio/"}
{"duration":"2ms","ip":"::1","level":"info","message":"HTTP Request","method":"POST","service":"leiriadetail-api","status":404,"timestamp":"2026-05-28T22:51:01.133Z","url":"/Portfolio/"}
{"duration":"10ms","ip":"::1","level":"info","message":"HTTP Request","method":"GET","service":"leiriadetail-api","status":200,"timestamp":"2026-05-28T22:51:09.359Z","url":"/Portfolio/"}
{"duration":"10ms","ip":"::1","level":"info","message":"HTTP Request","method":"GET","service":"leiriadetail-api","status":200,"timestamp":"2026-05-28T22:51:09.360Z","url":"/Portfolio/categories"}
{"duration":"2ms","ip":"::1","level":"info","message":"HTTP Request","method":"GET","service":"leiriadetail-api","status":200,"timestamp":"2026-05-28T22:51:10.763Z","url":"/Portfolio/"}
{"duration":"2ms","ip":"::1","level":"info","message":"HTTP Request","method":"GET","service":"leiriadetail-api","status":200,"timestamp":"2026-05-28T22:51:10.764Z","url":"/Portfolio/categories"}
{"duration":"8ms","ip":"::1","level":"info","message":"HTTP Request","method":"GET","service":"leiriadetail-api","status":200,"timestamp":"2026-05-28T22:51:59.749Z","url":"/Portfolio/"}
{"duration":"8ms","ip":"::1","level":"info","message":"HTTP Request","method":"GET","service":"leiriadetail-api","status":200,"timestamp":"2026-05-28T22:51:59.749Z","url":"/Portfolio/categories"}
{"duration":"1ms","ip":"::1","level":"info","message":"HTTP Request","method":"GET","service":"leiriadetail-api","status":200,"timestamp":"2026-05-28T22:52:09.307Z","url":"/Portfolio/categories"}
{"duration":"2ms","ip":"::1","level":"info","message":"HTTP Request","method":"GET","service":"leiriadetail-api","status":200,"timestamp":"2026-05-28T22:52:09.307Z","url":"/Portfolio/"}
{"duration":"1ms","ip":"::1","level":"info","message":"HTTP Request","method":"GET","service":"leiriadetail-api","status":200,"timestamp":"2026-05-28T22:52:22.656Z","url":"/Portfolio/"}
{"duration":"1ms","ip":"::1","level":"info","message":"HTTP Request","method":"GET","service":"leiriadetail-api","status":200,"timestamp":"2026-05-28T22:52:22.657Z","url":"/Portfolio/categories"}
{"duration":"1ms","ip":"::1","level":"info","message":"HTTP Request","method":"GET","service":"leiriadetail-api","status":200,"timestamp":"2026-05-28T22:52:23.036Z","url":"/Portfolio/"}
{"duration":"2ms","ip":"::1","level":"info","message":"HTTP Request","method":"GET","service":"leiriadetail-api","status":200,"timestamp":"2026-05-28T22:52:23.037Z","url":"/Portfolio/categories"}
{"duration":"2ms","ip":"::1","level":"info","message":"HTTP Request","method":"GET","service":"leiriadetail-api","status":200,"timestamp":"2026-05-28T22:52:23.039Z","url":"/Services/"}
{"duration":"2ms","ip":"::1","level":"info","message":"HTTP Request","method":"GET","service":"leiriadetail-api","status":200,"timestamp":"2026-05-28T22:52:29.817Z","url":"/Portfolio/"}
{"duration":"1ms","ip":"::1","level":"info","message":"HTTP Request","method":"GET","service":"leiriadetail-api","status":200,"timestamp":"2026-05-28T22:52:29.817Z","url":"/Portfolio/categories"}
{"duration":"0ms","ip":"::1","level":"info","message":"HTTP Request","method":"GET","service":"leiriadetail-api","status":200,"timestamp":"2026-05-28T22:52:30.646Z","url":"/Portfolio/categories"}
{"duration":"2ms","ip":"::1","level":"info","message":"HTTP Request","method":"GET","service":"leiriadetail-api","status":200,"timestamp":"2026-05-28T22:52:30.647Z","url":"/Portfolio/"}
{"duration":"1ms","ip":"::1","level":"info","message":"HTTP Request","method":"GET","service":"leiriadetail-api","status":200,"timestamp":"2026-05-28T22:52:50.853Z","url":"/Portfolio/"}
{"duration":"2ms","ip":"::1","level":"info","message":"HTTP Request","method":"GET","service":"leiriadetail-api","status":200,"timestamp":"2026-05-28T22:52:50.854Z","url":"/Portfolio/categories"}
{"duration":"1ms","ip":"::1","level":"info","message":"HTTP Request","method":"GET","service":"leiriadetail-api","status":200,"timestamp":"2026-05-28T22:52:59.181Z","url":"/Portfolio/"}
{"duration":"2ms","ip":"::1","level":"info","message":"HTTP Request","method":"GET","service":"leiriadetail-api","status":200,"timestamp":"2026-05-28T22:52:59.182Z","url":"/Portfolio/categories"}
{"duration":"1ms","ip":"::1","level":"info","message":"HTTP Request","method":"GET","service":"leiriadetail-api","status":200,"timestamp":"2026-05-28T22:53:21.820Z","url":"/Portfolio/categories"}
{"duration":"2ms","ip":"::1","level":"info","message":"HTTP Request","method":"GET","service":"leiriadetail-api","status":200,"timestamp":"2026-05-28T22:53:21.820Z","url":"/Portfolio/"}
{"duration":"1ms","ip":"::1","level":"info","message":"HTTP Request","method":"GET","service":"leiriadetail-api","status":200,"timestamp":"2026-05-28T22:53:21.826Z","url":"/Portfolio/"}
{"duration":"2ms","ip":"::1","level":"info","message":"HTTP Request","method":"GET","service":"leiriadetail-api","status":200,"timestamp":"2026-05-28T22:53:21.827Z","url":"/Portfolio/categories"}
{"duration":"2ms","ip":"::1","level":"info","message":"HTTP Request","method":"GET","service":"leiriadetail-api","status":200,"timestamp":"2026-05-28T22:53:21.829Z","url":"/Services/"}
{"duration":"1ms","ip":"::1","level":"info","message":"HTTP Request","method":"GET","service":"leiriadetail-api","status":200,"timestamp":"2026-05-28T22:53:22.990Z","url":"/Portfolio/"}
{"duration":"1ms","ip":"::1","level":"info","message":"HTTP Request","method":"GET","service":"leiriadetail-api","status":200,"timestamp":"2026-05-28T22:53:22.991Z","url":"/Portfolio/categories"}
{"duration":"1ms","ip":"::1","level":"info","message":"HTTP Request","method":"GET","service":"leiriadetail-api","status":200,"timestamp":"2026-05-28T22:53:23.001Z","url":"/Portfolio/"}
{"duration":"2ms","ip":"::1","level":"info","message":"HTTP Request","method":"GET","service":"leiriadetail-api","status":200,"timestamp":"2026-05-28T22:53:23.002Z","url":"/Portfolio/categories"}
{"duration":"9ms","ip":"::1","level":"info","message":"HTTP Request","method":"GET","service":"leiriadetail-api","status":200,"timestamp":"2026-05-28T22:53:23.010Z","url":"/Services/"}
{"level":"info","message":"API a correr em development na porta 3001","service":"leiriadetail-api","timestamp":"2026-05-28T22:53:31.337Z"}
{"duration":"28ms","ip":"::1","level":"info","message":"HTTP Request","method":"GET","service":"leiriadetail-api","status":200,"timestamp":"2026-05-28T22:53:36.333Z","url":"/Portfolio/categories"}
{"duration":"22ms","ip":"::1","level":"info","message":"HTTP Request","method":"GET","service":"leiriadetail-api","status":200,"timestamp":"2026-05-28T22:53:36.334Z","url":"/Portfolio/"}
{"duration":"22ms","ip":"::1","level":"info","message":"HTTP Request","method":"GET","service":"leiriadetail-api","status":200,"timestamp":"2026-05-28T22:53:36.335Z","url":"/Portfolio/"}
{"duration":"23ms","ip":"::1","level":"info","message":"HTTP Request","method":"GET","service":"leiriadetail-api","status":200,"timestamp":"2026-05-28T22:53:36.336Z","url":"/Portfolio/categories"}
{"duration":"25ms","ip":"::1","level":"info","message":"HTTP Request","method":"GET","service":"leiriadetail-api","status":200,"timestamp":"2026-05-28T22:53:36.339Z","url":"/Services/"}
{"duration":"2ms","ip":"::1","level":"info","message":"HTTP Request","method":"GET","service":"leiriadetail-api","status":200,"timestamp":"2026-05-28T22:53:39.289Z","url":"/Portfolio/categories"}
{"duration":"3ms","ip":"::1","level":"info","message":"HTTP Request","method":"GET","service":"leiriadetail-api","status":200,"timestamp":"2026-05-28T22:53:39.290Z","url":"/Portfolio/"}
{"duration":"2ms","ip":"::1","level":"info","message":"HTTP Request","method":"GET","service":"leiriadetail-api","status":200,"timestamp":"2026-05-28T22:53:39.870Z","url":"/Portfolio/"}
{"duration":"2ms","ip":"::1","level":"info","message":"HTTP Request","method":"GET","service":"leiriadetail-api","status":200,"timestamp":"2026-05-28T22:53:39.871Z","url":"/Portfolio/categories"}
{"duration":"2ms","ip":"::1","level":"info","message":"HTTP Request","method":"GET","service":"leiriadetail-api","status":200,"timestamp":"2026-05-28T22:53:41.092Z","url":"/Portfolio/"}
{"duration":"2ms","ip":"::1","level":"info","message":"HTTP Request","method":"GET","service":"leiriadetail-api","status":200,"timestamp":"2026-05-28T22:53:41.092Z","url":"/Portfolio/categories"}
{"duration":"2ms","ip":"::1","level":"info","message":"HTTP Request","method":"GET","service":"leiriadetail-api","status":200,"timestamp":"2026-05-28T22:53:41.095Z","url":"/Services/"}
{"duration":"1ms","ip":"::1","level":"info","message":"HTTP Request","method":"GET","service":"leiriadetail-api","status":200,"timestamp":"2026-05-28T22:53:41.501Z","url":"/Portfolio/categories"}
{"duration":"3ms","ip":"::1","level":"info","message":"HTTP Request","method":"GET","service":"leiriadetail-api","status":200,"timestamp":"2026-05-28T22:53:41.502Z","url":"/Portfolio/"}
{"duration":"3ms","ip":"::1","level":"info","message":"HTTP Request","method":"GET","service":"leiriadetail-api","status":200,"timestamp":"2026-05-28T22:53:41.503Z","url":"/Services/"}
{"duration":"1ms","ip":"::1","level":"info","message":"HTTP Request","method":"GET","service":"leiriadetail-api","status":200,"timestamp":"2026-05-28T22:53:41.745Z","url":"/Portfolio/"}
{"duration":"2ms","ip":"::1","level":"info","message":"HTTP Request","method":"GET","service":"leiriadetail-api","status":200,"timestamp":"2026-05-28T22:53:41.746Z","url":"/Portfolio/categories"}
{"duration":"3ms","ip":"::1","level":"info","message":"HTTP Request","method":"GET","service":"leiriadetail-api","status":200,"timestamp":"2026-05-28T22:53:41.748Z","url":"/Services/"}
{"duration":"1ms","ip":"::1","level":"info","message":"HTTP Request","method":"GET","service":"leiriadetail-api","status":200,"timestamp":"2026-05-28T22:53:41.945Z","url":"/Portfolio/"}
{"duration":"2ms","ip":"::1","level":"info","message":"HTTP Request","method":"GET","service":"leiriadetail-api","status":200,"timestamp":"2026-05-28T22:53:41.946Z","url":"/Portfolio/categories"}
{"duration":"3ms","ip":"::1","level":"info","message":"HTTP Request","method":"GET","service":"leiriadetail-api","status":200,"timestamp":"2026-05-28T22:53:41.947Z","url":"/Services/"}
{"duration":"2ms","ip":"::1","level":"info","message":"HTTP Request","method":"GET","service":"leiriadetail-api","status":200,"timestamp":"2026-05-28T22:53:42.137Z","url":"/Portfolio/"}
{"duration":"1ms","ip":"::1","level":"info","message":"HTTP Request","method":"GET","service":"leiriadetail-api","status":200,"timestamp":"2026-05-28T22:53:42.137Z","url":"/Portfolio/categories"}
{"duration":"3ms","ip":"::1","level":"info","message":"HTTP Request","method":"GET","service":"leiriadetail-api","status":200,"timestamp":"2026-05-28T22:53:42.139Z","url":"/Services/"}
{"duration":"1ms","ip":"::1","level":"info","message":"HTTP Request","method":"GET","service":"leiriadetail-api","status":200,"timestamp":"2026-05-28T22:53:42.294Z","url":"/Portfolio/"}
{"duration":"2ms","ip":"::1","level":"info","message":"HTTP Request","method":"GET","service":"leiriadetail-api","status":200,"timestamp":"2026-05-28T22:53:42.295Z","url":"/Portfolio/categories"}
{"duration":"4ms","ip":"::1","level":"info","message":"HTTP Request","method":"GET","service":"leiriadetail-api","status":200,"timestamp":"2026-05-28T22:53:42.297Z","url":"/Services/"}
{"duration":"1ms","ip":"::1","level":"info","message":"HTTP Request","method":"GET","service":"leiriadetail-api","status":200,"timestamp":"2026-05-28T22:53:44.487Z","url":"/Portfolio/categories"}
{"duration":"4ms","ip":"::1","level":"info","message":"HTTP Request","method":"GET","service":"leiriadetail-api","status":200,"timestamp":"2026-05-28T22:53:44.488Z","url":"/Portfolio/"}
{"duration":"52ms","ip":"::1","level":"info","message":"HTTP Request","method":"POST","service":"leiriadetail-api","status":200,"timestamp":"2026-05-28T22:53:57.315Z","url":"/Portfolio/Add"}
{"duration":"43ms","ip":"::1","level":"info","message":"HTTP Request","method":"POST","service":"leiriadetail-api","status":200,"timestamp":"2026-05-28T22:53:59.662Z","url":"/Portfolio/Add"}
{"duration":"43ms","ip":"::1","level":"info","message":"HTTP Request","method":"POST","service":"leiriadetail-api","status":200,"timestamp":"2026-05-28T22:54:00.534Z","url":"/Portfolio/Add"}
{"duration":"43ms","ip":"::1","level":"info","message":"HTTP Request","method":"POST","service":"leiriadetail-api","status":200,"timestamp":"2026-05-28T22:54:05.150Z","url":"/Portfolio/Add"}
{"duration":"2ms","ip":"::1","level":"info","message":"HTTP Request","method":"POST","service":"leiriadetail-api","status":200,"timestamp":"2026-05-28T22:54:06.112Z","url":"/Portfolio/Add"}
{"duration":"11ms","ip":"::1","level":"info","message":"HTTP Request","method":"GET","service":"leiriadetail-api","status":200,"timestamp":"2026-05-28T22:54:20.603Z","url":"/Portfolio/categories"}
{"duration":"14ms","ip":"::1","level":"info","message":"HTTP Request","method":"GET","service":"leiriadetail-api","status":200,"timestamp":"2026-05-28T22:54:20.604Z","url":"/Portfolio/"}
{"level":"info","message":"API a correr em development na porta 3001","service":"leiriadetail-api","timestamp":"2026-05-28T22:55:20.585Z"}
{"duration":"18ms","ip":"::1","level":"info","message":"HTTP Request","method":"GET","service":"leiriadetail-api","status":200,"timestamp":"2026-05-28T22:56:48.446Z","url":"/Portfolio/categories"}
{"duration":"26ms","ip":"::1","level":"info","message":"HTTP Request","method":"GET","service":"leiriadetail-api","status":200,"timestamp":"2026-05-28T22:56:48.447Z","url":"/Portfolio/"}
{"duration":"60ms","ip":"::1","level":"info","message":"HTTP Request","method":"POST","service":"leiriadetail-api","status":200,"timestamp":"2026-05-28T22:57:04.180Z","url":"/Portfolio/Add"}
{"duration":"1ms","ip":"::1","level":"info","message":"HTTP Request","method":"GET","service":"leiriadetail-api","status":200,"timestamp":"2026-05-28T22:57:04.190Z","url":"/Portfolio/categories"}
{"duration":"4ms","ip":"::1","level":"info","message":"HTTP Request","method":"GET","service":"leiriadetail-api","status":200,"timestamp":"2026-05-28T22:57:04.193Z","url":"/Portfolio/"}
{"duration":"2ms","ip":"::1","level":"info","message":"HTTP Request","method":"GET","service":"leiriadetail-api","status":200,"timestamp":"2026-05-28T22:57:10.056Z","url":"/Portfolio/categories"}
{"duration":"5ms","ip":"::1","level":"info","message":"HTTP Request","method":"GET","service":"leiriadetail-api","status":200,"timestamp":"2026-05-28T22:57:10.059Z","url":"/Portfolio/"}
{"duration":"11ms","ip":"::1","level":"info","message":"HTTP Request","method":"GET","service":"leiriadetail-api","status":200,"timestamp":"2026-05-28T22:57:10.066Z","url":"/Services/"}
{"duration":"9ms","ip":"::1","level":"info","message":"HTTP Request","method":"GET","service":"leiriadetail-api","status":200,"timestamp":"2026-05-28T22:58:21.662Z","url":"/Portfolio/categories"}
{"duration":"10ms","ip":"::1","level":"info","message":"HTTP Request","method":"GET","service":"leiriadetail-api","status":200,"timestamp":"2026-05-28T22:58:21.663Z","url":"/Services/"}
{"duration":"13ms","ip":"::1","level":"info","message":"HTTP Request","method":"GET","service":"leiriadetail-api","status":200,"timestamp":"2026-05-28T22:58:21.665Z","url":"/Portfolio/"}
{"duration":"2ms","ip":"::1","level":"info","message":"HTTP Request","method":"GET","service":"leiriadetail-api","status":200,"timestamp":"2026-05-28T22:58:22.051Z","url":"/Portfolio/categories"}
{"duration":"4ms","ip":"::1","level":"info","message":"HTTP Request","method":"GET","service":"leiriadetail-api","status":200,"timestamp":"2026-05-28T22:58:22.053Z","url":"/Portfolio/"}
{"duration":"1ms","ip":"::1","level":"info","message":"HTTP Request","method":"GET","service":"leiriadetail-api","status":200,"timestamp":"2026-05-28T22:58:30.438Z","url":"/Portfolio/categories"}
{"duration":"2ms","ip":"::1","level":"info","message":"HTTP Request","method":"GET","service":"leiriadetail-api","status":200,"timestamp":"2026-05-28T22:58:30.439Z","url":"/Services/"}
{"duration":"5ms","ip":"::1","level":"info","message":"HTTP Request","method":"GET","service":"leiriadetail-api","status":200,"timestamp":"2026-05-28T22:58:30.441Z","url":"/Portfolio/"}
{"duration":"1ms","ip":"::1","level":"info","message":"HTTP Request","method":"GET","service":"leiriadetail-api","status":200,"timestamp":"2026-05-28T22:58:31.017Z","url":"/Portfolio/categories"}
{"duration":"4ms","ip":"::1","level":"info","message":"HTTP Request","method":"GET","service":"leiriadetail-api","status":200,"timestamp":"2026-05-28T22:58:31.020Z","url":"/Portfolio/"}
{"duration":"1ms","ip":"::1","level":"info","message":"HTTP Request","method":"GET","service":"leiriadetail-api","status":200,"timestamp":"2026-05-28T22:58:40.994Z","url":"/Portfolio/categories"}
{"duration":"2ms","ip":"::1","level":"info","message":"HTTP Request","method":"GET","service":"leiriadetail-api","status":200,"timestamp":"2026-05-28T22:58:40.995Z","url":"/Services/"}
{"duration":"5ms","ip":"::1","level":"info","message":"HTTP Request","method":"GET","service":"leiriadetail-api","status":200,"timestamp":"2026-05-28T22:58:40.997Z","url":"/Portfolio/"}
{"duration":"1ms","ip":"::1","level":"info","message":"HTTP Request","method":"GET","service":"leiriadetail-api","status":200,"timestamp":"2026-05-28T22:58:41.040Z","url":"/Portfolio/categories"}
{"duration":"4ms","ip":"::1","level":"info","message":"HTTP Request","method":"GET","service":"leiriadetail-api","status":200,"timestamp":"2026-05-28T22:58:41.043Z","url":"/Portfolio/"}
{"duration":"1ms","ip":"::1","level":"info","message":"HTTP Request","method":"GET","service":"leiriadetail-api","status":200,"timestamp":"2026-05-28T22:58:42.818Z","url":"/Portfolio/categories"}
{"duration":"2ms","ip":"::1","level":"info","message":"HTTP Request","method":"GET","service":"leiriadetail-api","status":200,"timestamp":"2026-05-28T22:58:42.819Z","url":"/Services/"}
{"duration":"4ms","ip":"::1","level":"info","message":"HTTP Request","method":"GET","service":"leiriadetail-api","status":200,"timestamp":"2026-05-28T22:58:42.820Z","url":"/Portfolio/"}
{"duration":"0ms","ip":"::1","level":"info","message":"HTTP Request","method":"GET","service":"leiriadetail-api","status":200,"timestamp":"2026-05-28T22:58:43.019Z","url":"/Portfolio/categories"}
{"duration":"4ms","ip":"::1","level":"info","message":"HTTP Request","method":"GET","service":"leiriadetail-api","status":200,"timestamp":"2026-05-28T22:58:43.022Z","url":"/Portfolio/"}
{"duration":"1ms","ip":"::1","level":"info","message":"HTTP Request","method":"GET","service":"leiriadetail-api","status":200,"timestamp":"2026-05-28T22:58:43.909Z","url":"/Portfolio/categories"}
{"duration":"2ms","ip":"::1","level":"info","message":"HTTP Request","method":"GET","service":"leiriadetail-api","status":200,"timestamp":"2026-05-28T22:58:43.910Z","url":"/Services/"}
{"duration":"3ms","ip":"::1","level":"info","message":"HTTP Request","method":"GET","service":"leiriadetail-api","status":200,"timestamp":"2026-05-28T22:58:43.911Z","url":"/Portfolio/"}
{"duration":"1ms","ip":"::1","level":"info","message":"HTTP Request","method":"GET","service":"leiriadetail-api","status":200,"timestamp":"2026-05-28T22:58:44.026Z","url":"/Portfolio/categories"}
{"duration":"3ms","ip":"::1","level":"info","message":"HTTP Request","method":"GET","service":"leiriadetail-api","status":200,"timestamp":"2026-05-28T22:58:44.029Z","url":"/Portfolio/"}
{"duration":"3ms","ip":"::1","level":"info","message":"HTTP Request","method":"GET","service":"leiriadetail-api","status":200,"timestamp":"2026-05-28T22:58:56.029Z","url":"/Portfolio/categories"}
{"duration":"3ms","ip":"::1","level":"info","message":"HTTP Request","method":"GET","service":"leiriadetail-api","status":200,"timestamp":"2026-05-28T22:58:56.030Z","url":"/Services/"}
{"duration":"5ms","ip":"::1","level":"info","message":"HTTP Request","method":"GET","service":"leiriadetail-api","status":200,"timestamp":"2026-05-28T22:58:56.031Z","url":"/Portfolio/"}
{"duration":"1ms","ip":"::1","level":"info","message":"HTTP Request","method":"GET","service":"leiriadetail-api","status":200,"timestamp":"2026-05-28T22:58:56.052Z","url":"/Portfolio/categories"}
{"duration":"4ms","ip":"::1","level":"info","message":"HTTP Request","method":"GET","service":"leiriadetail-api","status":200,"timestamp":"2026-05-28T22:58:56.054Z","url":"/Portfolio/"}
{"duration":"2ms","ip":"::1","level":"info","message":"HTTP Request","method":"GET","service":"leiriadetail-api","status":200,"timestamp":"2026-05-28T22:59:01.721Z","url":"/Portfolio/categories"}
{"duration":"2ms","ip":"::1","level":"info","message":"HTTP Request","method":"GET","service":"leiriadetail-api","status":200,"timestamp":"2026-05-28T22:59:01.722Z","url":"/Services/"}
{"duration":"4ms","ip":"::1","level":"info","message":"HTTP Request","method":"GET","service":"leiriadetail-api","status":200,"timestamp":"2026-05-28T22:59:01.723Z","url":"/Portfolio/"}
{"duration":"1ms","ip":"::1","level":"info","message":"HTTP Request","method":"GET","service":"leiriadetail-api","status":200,"timestamp":"2026-05-28T22:59:02.033Z","url":"/Portfolio/categories"}
{"duration":"5ms","ip":"::1","level":"info","message":"HTTP Request","method":"GET","service":"leiriadetail-api","status":200,"timestamp":"2026-05-28T22:59:02.036Z","url":"/Portfolio/"}
{"duration":"7ms","ip":"::1","level":"info","message":"HTTP Request","method":"GET","service":"leiriadetail-api","status":200,"timestamp":"2026-05-28T22:59:53.937Z","url":"/Portfolio/categories"}
{"duration":"10ms","ip":"::1","level":"info","message":"HTTP Request","method":"GET","service":"leiriadetail-api","status":200,"timestamp":"2026-05-28T22:59:53.939Z","url":"/Portfolio/"}
{"duration":"3ms","ip":"::1","level":"info","message":"HTTP Request","method":"GET","service":"leiriadetail-api","status":200,"timestamp":"2026-05-28T23:00:03.360Z","url":"/Reviews/"}
{"duration":"2ms","ip":"::1","level":"info","message":"HTTP Request","method":"GET","service":"leiriadetail-api","status":200,"timestamp":"2026-05-28T23:00:03.360Z","url":"/Faqs/"}
{"duration":"1ms","ip":"::1","level":"info","message":"HTTP Request","method":"GET","service":"leiriadetail-api","status":200,"timestamp":"2026-05-28T23:00:04.819Z","url":"/Portfolio/categories"}
{"duration":"4ms","ip":"::1","level":"info","message":"HTTP Request","method":"GET","service":"leiriadetail-api","status":200,"timestamp":"2026-05-28T23:00:04.822Z","url":"/Portfolio/"}
{"duration":"1ms","ip":"::1","level":"info","message":"HTTP Request","method":"GET","service":"leiriadetail-api","status":200,"timestamp":"2026-05-28T23:00:13.140Z","url":"/Portfolio/categories"}
{"duration":"4ms","ip":"::1","level":"info","message":"HTTP Request","method":"GET","service":"leiriadetail-api","status":200,"timestamp":"2026-05-28T23:00:13.143Z","url":"/Portfolio/"}
{"duration":"10ms","ip":"::1","level":"info","message":"HTTP Request","method":"GET","service":"leiriadetail-api","status":200,"timestamp":"2026-05-28T23:00:13.149Z","url":"/Services/"}
{"duration":"9ms","ip":"::1","level":"info","message":"HTTP Request","method":"GET","service":"leiriadetail-api","status":200,"timestamp":"2026-05-28T23:03:22.545Z","url":"/Portfolio/1"}
{"duration":"3ms","ip":"::1","level":"info","message":"HTTP Request","method":"GET","service":"leiriadetail-api","status":200,"timestamp":"2026-05-28T23:03:23.718Z","url":"/Portfolio/categories"}
{"duration":"6ms","ip":"::1","level":"info","message":"HTTP Request","method":"GET","service":"leiriadetail-api","status":200,"timestamp":"2026-05-28T23:03:23.719Z","url":"/Portfolio/"}
{"duration":"11ms","ip":"::1","level":"info","message":"HTTP Request","method":"GET","service":"leiriadetail-api","status":200,"timestamp":"2026-05-28T23:03:23.727Z","url":"/Services/"}
{"duration":"9ms","ip":"::1","level":"info","message":"HTTP Request","method":"GET","service":"leiriadetail-api","status":200,"timestamp":"2026-05-28T23:03:57.640Z","url":"/Portfolio/categories"}
{"duration":"10ms","ip":"::1","level":"info","message":"HTTP Request","method":"GET","service":"leiriadetail-api","status":200,"timestamp":"2026-05-28T23:03:57.642Z","url":"/Services/"}
{"duration":"13ms","ip":"::1","level":"info","message":"HTTP Request","method":"GET","service":"leiriadetail-api","status":200,"timestamp":"2026-05-28T23:03:57.644Z","url":"/Portfolio/"}
{"duration":"1ms","ip":"::1","level":"info","message":"HTTP Request","method":"GET","service":"leiriadetail-api","status":200,"timestamp":"2026-05-28T23:03:58.601Z","url":"/Portfolio/categories"}
{"duration":"5ms","ip":"::1","level":"info","message":"HTTP Request","method":"GET","service":"leiriadetail-api","status":200,"timestamp":"2026-05-28T23:03:58.604Z","url":"/Portfolio/"}
{"duration":"2ms","ip":"::1","level":"info","message":"HTTP Request","method":"GET","service":"leiriadetail-api","status":200,"timestamp":"2026-05-28T23:04:04.808Z","url":"/Portfolio/categories"}
{"duration":"3ms","ip":"::1","level":"info","message":"HTTP Request","method":"GET","service":"leiriadetail-api","status":200,"timestamp":"2026-05-28T23:04:04.810Z","url":"/Services/"}
{"duration":"6ms","ip":"::1","level":"info","message":"HTTP Request","method":"GET","service":"leiriadetail-api","status":200,"timestamp":"2026-05-28T23:04:04.812Z","url":"/Portfolio/"}
{"duration":"10ms","ip":"::1","level":"info","message":"HTTP Request","method":"GET","service":"leiriadetail-api","status":200,"timestamp":"2026-05-28T23:05:29.717Z","url":"/Reviews/"}
{"duration":"10ms","ip":"::1","level":"info","message":"HTTP Request","method":"GET","service":"leiriadetail-api","status":200,"timestamp":"2026-05-28T23:05:29.718Z","url":"/Faqs/"}
{"duration":"3ms","ip":"::1","level":"info","message":"HTTP Request","method":"GET","service":"leiriadetail-api","status":200,"timestamp":"2026-05-28T23:05:49.070Z","url":"/Portfolio/categories"}
{"duration":"4ms","ip":"::1","level":"info","message":"HTTP Request","method":"GET","service":"leiriadetail-api","status":200,"timestamp":"2026-05-28T23:05:49.071Z","url":"/Portfolio/"}
{"duration":"8ms","ip":"::1","level":"info","message":"HTTP Request","method":"GET","service":"leiriadetail-api","status":200,"timestamp":"2026-05-28T23:05:49.076Z","url":"/Services/"}
{"duration":"1ms","ip":"::1","level":"info","message":"HTTP Request","method":"GET","service":"leiriadetail-api","status":200,"timestamp":"2026-05-28T23:05:49.864Z","url":"/Portfolio/categories"}
{"duration":"4ms","ip":"::1","level":"info","message":"HTTP Request","method":"GET","service":"leiriadetail-api","status":200,"timestamp":"2026-05-28T23:05:49.866Z","url":"/Portfolio/"}
{"duration":"7ms","ip":"::1","level":"info","message":"HTTP Request","method":"GET","service":"leiriadetail-api","status":200,"timestamp":"2026-05-28T23:07:41.766Z","url":"/Portfolio/categories"}
{"duration":"10ms","ip":"::1","level":"info","message":"HTTP Request","method":"GET","service":"leiriadetail-api","status":200,"timestamp":"2026-05-28T23:07:41.768Z","url":"/Portfolio/"}
{"duration":"1ms","ip":"::1","level":"info","message":"HTTP Request","method":"GET","service":"leiriadetail-api","status":200,"timestamp":"2026-05-28T23:07:44.511Z","url":"/Services/"}
{"duration":"1ms","ip":"::1","level":"info","message":"HTTP Request","method":"GET","service":"leiriadetail-api","status":200,"timestamp":"2026-05-28T23:07:45.523Z","url":"/Portfolio/categories"}
{"duration":"4ms","ip":"::1","level":"info","message":"HTTP Request","method":"GET","service":"leiriadetail-api","status":200,"timestamp":"2026-05-28T23:07:45.524Z","url":"/Portfolio/"}
{"duration":"49ms","ip":"::1","level":"info","message":"HTTP Request","method":"PUT","service":"leiriadetail-api","status":200,"timestamp":"2026-05-28T23:08:14.108Z","url":"/Portfolio/1"}
{"duration":"4ms","ip":"::1","level":"info","message":"HTTP Request","method":"GET","service":"leiriadetail-api","status":200,"timestamp":"2026-05-28T23:08:14.118Z","url":"/Portfolio/"}
{"duration":"7ms","ip":"::1","level":"info","message":"HTTP Request","method":"GET","service":"leiriadetail-api","status":200,"timestamp":"2026-05-28T23:08:14.121Z","url":"/Portfolio/categories"}
{"duration":"1ms","ip":"::1","level":"info","message":"HTTP Request","method":"GET","service":"leiriadetail-api","status":200,"timestamp":"2026-05-28T23:08:16.406Z","url":"/Portfolio/categories"}
{"duration":"4ms","ip":"::1","level":"info","message":"HTTP Request","method":"GET","service":"leiriadetail-api","status":200,"timestamp":"2026-05-28T23:08:16.409Z","url":"/Portfolio/"}
{"duration":"8ms","ip":"::1","level":"info","message":"HTTP Request","method":"GET","service":"leiriadetail-api","status":200,"timestamp":"2026-05-28T23:10:13.946Z","url":"/Portfolio/categories"}
{"duration":"12ms","ip":"::1","level":"info","message":"HTTP Request","method":"GET","service":"leiriadetail-api","status":200,"timestamp":"2026-05-28T23:10:13.949Z","url":"/Portfolio/"}
{"duration":"1ms","ip":"::1","level":"info","message":"HTTP Request","method":"GET","service":"leiriadetail-api","status":200,"timestamp":"2026-05-28T23:10:27.211Z","url":"/Portfolio/categories"}
{"duration":"5ms","ip":"::1","level":"info","message":"HTTP Request","method":"GET","service":"leiriadetail-api","status":200,"timestamp":"2026-05-28T23:10:27.215Z","url":"/Portfolio/"}
{"duration":"10ms","ip":"::1","level":"info","message":"HTTP Request","method":"GET","service":"leiriadetail-api","status":200,"timestamp":"2026-05-28T23:10:27.220Z","url":"/Services/"}
{"duration":"1ms","ip":"::1","level":"info","message":"HTTP Request","method":"GET","service":"leiriadetail-api","status":200,"timestamp":"2026-05-28T23:10:28.007Z","url":"/Portfolio/categories"}
{"duration":"4ms","ip":"::1","level":"info","message":"HTTP Request","method":"GET","service":"leiriadetail-api","status":200,"timestamp":"2026-05-28T23:10:28.009Z","url":"/Portfolio/"}
{"duration":"8ms","ip":"::1","level":"info","message":"HTTP Request","method":"GET","service":"leiriadetail-api","status":200,"timestamp":"2026-05-28T23:16:28.007Z","url":"/Portfolio/categories"}
{"duration":"11ms","ip":"::1","level":"info","message":"HTTP Request","method":"GET","service":"leiriadetail-api","status":200,"timestamp":"2026-05-28T23:16:28.009Z","url":"/Portfolio/"}
{"level":"info","message":"API a correr em development na porta 3001","service":"leiriadetail-api","timestamp":"2026-05-28T23:25:30.030Z"}
{"duration":"23ms","ip":"::1","level":"info","message":"HTTP Request","method":"GET","service":"leiriadetail-api","status":200,"timestamp":"2026-05-28T23:25:43.604Z","url":"/Portfolio/"}
{"duration":"19ms","ip":"::1","level":"info","message":"HTTP Request","method":"GET","service":"leiriadetail-api","status":200,"timestamp":"2026-05-28T23:25:43.606Z","url":"/Portfolio/categories"}
{"duration":"10ms","ip":"::1","level":"info","message":"HTTP Request","method":"GET","service":"leiriadetail-api","status":200,"timestamp":"2026-05-28T23:26:37.741Z","url":"/Portfolio/categories"}
{"duration":"13ms","ip":"::1","level":"info","message":"HTTP Request","method":"GET","service":"leiriadetail-api","status":200,"timestamp":"2026-05-28T23:26:37.743Z","url":"/Portfolio/"}
{"duration":"12ms","ip":"::1","level":"info","message":"HTTP Request","method":"GET","service":"leiriadetail-api","status":200,"timestamp":"2026-05-28T23:26:37.744Z","url":"/Services/"}
{"duration":"2ms","ip":"::1","level":"info","message":"HTTP Request","method":"GET","service":"leiriadetail-api","status":200,"timestamp":"2026-05-28T23:26:38.785Z","url":"/Portfolio/categories"}
{"duration":"3ms","ip":"::1","level":"info","message":"HTTP Request","method":"GET","service":"leiriadetail-api","status":200,"timestamp":"2026-05-28T23:26:38.786Z","url":"/Portfolio/"}
{"duration":"11ms","ip":"::1","level":"info","message":"HTTP Request","method":"GET","service":"leiriadetail-api","status":200,"timestamp":"2026-05-28T23:26:38.795Z","url":"/Services/"}
{"duration":"1ms","ip":"::1","level":"info","message":"HTTP Request","method":"GET","service":"leiriadetail-api","status":200,"timestamp":"2026-05-28T23:26:41.816Z","url":"/Portfolio/"}
{"duration":"2ms","ip":"::1","level":"info","message":"HTTP Request","method":"GET","service":"leiriadetail-api","status":200,"timestamp":"2026-05-28T23:26:41.817Z","url":"/Portfolio/categories"}
{"duration":"1ms","ip":"::1","level":"info","message":"HTTP Request","method":"GET","service":"leiriadetail-api","status":200,"timestamp":"2026-05-28T23:26:43.626Z","url":"/Portfolio/"}
{"duration":"9ms","ip":"::1","level":"info","message":"HTTP Request","method":"GET","service":"leiriadetail-api","status":200,"timestamp":"2026-05-28T23:26:43.634Z","url":"/Portfolio/categories"}
{"duration":"1ms","ip":"::1","level":"info","message":"HTTP Request","method":"GET","service":"leiriadetail-api","status":200,"timestamp":"2026-05-28T23:26:45.829Z","url":"/Portfolio/"}
{"duration":"9ms","ip":"::1","level":"info","message":"HTTP Request","method":"GET","service":"leiriadetail-api","status":200,"timestamp":"2026-05-28T23:26:45.837Z","url":"/Portfolio/categories"}
{"duration":"9ms","ip":"::1","level":"info","message":"HTTP Request","method":"GET","service":"leiriadetail-api","status":200,"timestamp":"2026-05-28T23:26:45.839Z","url":"/Services/"}
{"duration":"11ms","ip":"::1","level":"info","message":"HTTP Request","method":"GET","service":"leiriadetail-api","status":200,"timestamp":"2026-05-28T23:28:08.110Z","url":"/Portfolio/"}
{"duration":"11ms","ip":"::1","level":"info","message":"HTTP Request","method":"GET","service":"leiriadetail-api","status":200,"timestamp":"2026-05-28T23:28:08.110Z","url":"/Portfolio/categories"}
{"duration":"12ms","ip":"::1","level":"info","message":"HTTP Request","method":"GET","service":"leiriadetail-api","status":200,"timestamp":"2026-05-28T23:28:08.112Z","url":"/Services/"}
{"duration":"1ms","ip":"::1","level":"info","message":"HTTP Request","method":"GET","service":"leiriadetail-api","status":200,"timestamp":"2026-05-28T23:28:08.772Z","url":"/Portfolio/categories"}
{"duration":"2ms","ip":"::1","level":"info","message":"HTTP Request","method":"GET","service":"leiriadetail-api","status":200,"timestamp":"2026-05-28T23:28:08.772Z","url":"/Portfolio/"}
{"duration":"11ms","ip":"::1","level":"info","message":"HTTP Request","method":"GET","service":"leiriadetail-api","status":200,"timestamp":"2026-05-28T23:28:08.782Z","url":"/Services/"}
{"duration":"2ms","ip":"::1","level":"info","message":"HTTP Request","method":"GET","service":"leiriadetail-api","status":200,"timestamp":"2026-05-28T23:28:09.010Z","url":"/Portfolio/"}
{"duration":"3ms","ip":"::1","level":"info","message":"HTTP Request","method":"GET","service":"leiriadetail-api","status":200,"timestamp":"2026-05-28T23:28:09.011Z","url":"/Portfolio/categories"}
{"duration":"12ms","ip":"::1","level":"info","message":"HTTP Request","method":"GET","service":"leiriadetail-api","status":200,"timestamp":"2026-05-28T23:28:09.021Z","url":"/Services/"}
{"level":"info","message":"API a correr em development na porta 3001","service":"leiriadetail-api","timestamp":"2026-05-28T23:29:26.491Z"}
{"duration":"18ms","ip":"::1","level":"info","message":"HTTP Request","method":"GET","service":"leiriadetail-api","status":200,"timestamp":"2026-05-28T23:29:28.915Z","url":"/Portfolio/categories"}
{"duration":"27ms","ip":"::1","level":"info","message":"HTTP Request","method":"GET","service":"leiriadetail-api","status":200,"timestamp":"2026-05-28T23:29:28.916Z","url":"/Portfolio/"}
{"duration":"21ms","ip":"::1","level":"info","message":"HTTP Request","method":"GET","service":"leiriadetail-api","status":200,"timestamp":"2026-05-28T23:29:28.917Z","url":"/Services/"}
{"duration":"2ms","ip":"::1","level":"info","message":"HTTP Request","method":"GET","service":"leiriadetail-api","status":200,"timestamp":"2026-05-28T23:29:36.131Z","url":"/Portfolio/"}
{"duration":"3ms","ip":"::1","level":"info","message":"HTTP Request","method":"GET","service":"leiriadetail-api","status":200,"timestamp":"2026-05-28T23:29:36.132Z","url":"/Portfolio/categories"}
{"duration":"10ms","ip":"::1","level":"info","message":"HTTP Request","method":"GET","service":"leiriadetail-api","status":200,"timestamp":"2026-05-28T23:32:20.449Z","url":"/Portfolio/categories"}
{"duration":"11ms","ip":"::1","level":"info","message":"HTTP Request","method":"GET","service":"leiriadetail-api","status":200,"timestamp":"2026-05-28T23:32:20.449Z","url":"/Portfolio/"}
{"duration":"11ms","ip":"::1","level":"info","message":"HTTP Request","method":"GET","service":"leiriadetail-api","status":200,"timestamp":"2026-05-28T23:32:20.450Z","url":"/Services/"}
{"duration":"252ms","ip":"::1","level":"info","message":"HTTP Request","method":"POST","service":"leiriadetail-api","status":200,"timestamp":"2026-05-28T23:33:13.001Z","url":"/Portfolio/Add"}
{"duration":"10ms","ip":"::1","level":"info","message":"HTTP Request","method":"GET","service":"leiriadetail-api","status":200,"timestamp":"2026-05-28T23:33:13.020Z","url":"/Portfolio/categories"}
{"duration":"19ms","ip":"::1","level":"info","message":"HTTP Request","method":"GET","service":"leiriadetail-api","status":200,"timestamp":"2026-05-28T23:33:13.029Z","url":"/Portfolio/"}
{"duration":"2ms","ip":"::1","level":"info","message":"HTTP Request","method":"GET","service":"leiriadetail-api","status":200,"timestamp":"2026-05-28T23:33:15.081Z","url":"/Portfolio/categories"}
{"duration":"7ms","ip":"::1","level":"info","message":"HTTP Request","method":"GET","service":"leiriadetail-api","status":200,"timestamp":"2026-05-28T23:33:15.088Z","url":"/Services/"}
{"duration":"23ms","ip":"::1","level":"info","message":"HTTP Request","method":"GET","service":"leiriadetail-api","status":200,"timestamp":"2026-05-28T23:33:15.102Z","url":"/Portfolio/"}
{"duration":"1ms","ip":"::1","level":"info","message":"HTTP Request","method":"GET","service":"leiriadetail-api","status":200,"timestamp":"2026-05-28T23:33:17.833Z","url":"/Portfolio/categories"}
{"duration":"20ms","ip":"::1","level":"info","message":"HTTP Request","method":"GET","service":"leiriadetail-api","status":200,"timestamp":"2026-05-28T23:33:17.851Z","url":"/Portfolio/"}
{"duration":"238ms","ip":"::1","level":"info","message":"HTTP Request","method":"PUT","service":"leiriadetail-api","status":200,"timestamp":"2026-05-28T23:33:35.066Z","url":"/Portfolio/1"}
{"duration":"1ms","ip":"::1","level":"info","message":"HTTP Request","method":"GET","service":"leiriadetail-api","status":200,"timestamp":"2026-05-28T23:33:35.075Z","url":"/Portfolio/categories"}
{"duration":"19ms","ip":"::1","level":"info","message":"HTTP Request","method":"GET","service":"leiriadetail-api","status":200,"timestamp":"2026-05-28T23:33:35.092Z","url":"/Portfolio/"}
{"duration":"1ms","ip":"::1","level":"info","message":"HTTP Request","method":"GET","service":"leiriadetail-api","status":200,"timestamp":"2026-05-28T23:33:41.583Z","url":"/Portfolio/categories"}
{"duration":"20ms","ip":"::1","level":"info","message":"HTTP Request","method":"GET","service":"leiriadetail-api","status":200,"timestamp":"2026-05-28T23:33:41.601Z","url":"/Portfolio/"}
{"duration":"1ms","ip":"::1","level":"info","message":"HTTP Request","method":"GET","service":"leiriadetail-api","status":200,"timestamp":"2026-05-28T23:33:42.031Z","url":"/Portfolio/categories"}
{"duration":"23ms","ip":"::1","level":"info","message":"HTTP Request","method":"GET","service":"leiriadetail-api","status":200,"timestamp":"2026-05-28T23:33:42.052Z","url":"/Portfolio/"}
{"duration":"1ms","ip":"::1","level":"info","message":"HTTP Request","method":"GET","service":"leiriadetail-api","status":200,"timestamp":"2026-05-28T23:33:42.186Z","url":"/Portfolio/categories"}
{"duration":"19ms","ip":"::1","level":"info","message":"HTTP Request","method":"GET","service":"leiriadetail-api","status":200,"timestamp":"2026-05-28T23:33:42.204Z","url":"/Portfolio/"}
{"duration":"1ms","ip":"::1","level":"info","message":"HTTP Request","method":"GET","service":"leiriadetail-api","status":200,"timestamp":"2026-05-28T23:33:42.362Z","url":"/Portfolio/categories"}
{"duration":"21ms","ip":"::1","level":"info","message":"HTTP Request","method":"GET","service":"leiriadetail-api","status":200,"timestamp":"2026-05-28T23:33:42.381Z","url":"/Portfolio/"}
{"duration":"9ms","ip":"::1","level":"info","message":"HTTP Request","method":"GET","service":"leiriadetail-api","status":200,"timestamp":"2026-05-28T23:34:39.695Z","url":"/Portfolio/categories"}
{"duration":"10ms","ip":"::1","level":"info","message":"HTTP Request","method":"GET","service":"leiriadetail-api","status":200,"timestamp":"2026-05-28T23:34:39.696Z","url":"/Services/"}
{"duration":"30ms","ip":"::1","level":"info","message":"HTTP Request","method":"GET","service":"leiriadetail-api","status":200,"timestamp":"2026-05-28T23:34:39.715Z","url":"/Portfolio/"}
{"duration":"6ms","ip":"::1","level":"info","message":"HTTP Request","method":"DELETE","service":"leiriadetail-api","status":200,"timestamp":"2026-05-28T23:34:42.356Z","url":"/Portfolio/1"}
{"level":"info","message":"API a correr em development na porta 3001","service":"leiriadetail-api","timestamp":"2026-05-28T23:35:00.729Z"}
{"duration":"23ms","ip":"::1","level":"info","message":"HTTP Request","method":"GET","service":"leiriadetail-api","status":200,"timestamp":"2026-05-28T23:35:09.324Z","url":"/Portfolio/categories"}
{"duration":"22ms","ip":"::1","level":"info","message":"HTTP Request","method":"GET","service":"leiriadetail-api","status":200,"timestamp":"2026-05-28T23:35:09.325Z","url":"/Portfolio/categories"}
{"duration":"34ms","ip":"::1","level":"info","message":"HTTP Request","method":"GET","service":"leiriadetail-api","status":200,"timestamp":"2026-05-28T23:35:09.326Z","url":"/Portfolio/"}
{"duration":"25ms","ip":"::1","level":"info","message":"HTTP Request","method":"GET","service":"leiriadetail-api","status":200,"timestamp":"2026-05-28T23:35:09.327Z","url":"/Portfolio/"}
{"duration":"27ms","ip":"::1","level":"info","message":"HTTP Request","method":"GET","service":"leiriadetail-api","status":200,"timestamp":"2026-05-28T23:35:09.330Z","url":"/Services/"}
{"duration":"1ms","ip":"::1","level":"info","message":"HTTP Request","method":"GET","service":"leiriadetail-api","status":200,"timestamp":"2026-05-28T23:35:10.096Z","url":"/Portfolio/categories"}
{"duration":"4ms","ip":"::1","level":"info","message":"HTTP Request","method":"GET","service":"leiriadetail-api","status":200,"timestamp":"2026-05-28T23:35:10.097Z","url":"/Portfolio/"}
{"duration":"4ms","ip":"::1","level":"info","message":"HTTP Request","method":"GET","service":"leiriadetail-api","status":200,"timestamp":"2026-05-28T23:35:10.098Z","url":"/Services/"}
{"duration":"1ms","ip":"::1","level":"info","message":"HTTP Request","method":"GET","service":"leiriadetail-api","status":200,"timestamp":"2026-05-28T23:35:10.721Z","url":"/Portfolio/"}
{"duration":"2ms","ip":"::1","level":"info","message":"HTTP Request","method":"GET","service":"leiriadetail-api","status":200,"timestamp":"2026-05-28T23:35:10.722Z","url":"/Portfolio/categories"}
{"duration":"1ms","ip":"::1","level":"info","message":"HTTP Request","method":"GET","service":"leiriadetail-api","status":200,"timestamp":"2026-05-28T23:35:10.723Z","url":"/Services/"}
{"duration":"2ms","ip":"::1","level":"info","message":"HTTP Request","method":"GET","service":"leiriadetail-api","status":200,"timestamp":"2026-05-28T23:35:11.037Z","url":"/Portfolio/"}
{"duration":"1ms","ip":"::1","level":"info","message":"HTTP Request","method":"GET","service":"leiriadetail-api","status":200,"timestamp":"2026-05-28T23:35:11.037Z","url":"/Portfolio/categories"}
{"duration":"2ms","ip":"::1","level":"info","message":"HTTP Request","method":"GET","service":"leiriadetail-api","status":200,"timestamp":"2026-05-28T23:35:11.040Z","url":"/Services/"}
{"duration":"2ms","ip":"::1","level":"info","message":"HTTP Request","method":"GET","service":"leiriadetail-api","status":200,"timestamp":"2026-05-28T23:35:11.332Z","url":"/Portfolio/"}
{"duration":"3ms","ip":"::1","level":"info","message":"HTTP Request","method":"GET","service":"leiriadetail-api","status":200,"timestamp":"2026-05-28T23:35:11.333Z","url":"/Portfolio/categories"}
{"duration":"3ms","ip":"::1","level":"info","message":"HTTP Request","method":"GET","service":"leiriadetail-api","status":200,"timestamp":"2026-05-28T23:35:11.334Z","url":"/Services/"}
{"duration":"15ms","ip":"::1","level":"info","message":"HTTP Request","method":"GET","service":"leiriadetail-api","status":200,"timestamp":"2026-05-28T23:36:36.344Z","url":"/Portfolio/categories"}
{"duration":"16ms","ip":"::1","level":"info","message":"HTTP Request","method":"GET","service":"leiriadetail-api","status":200,"timestamp":"2026-05-28T23:36:36.345Z","url":"/Portfolio/"}
{"duration":"15ms","ip":"::1","level":"info","message":"HTTP Request","method":"GET","service":"leiriadetail-api","status":200,"timestamp":"2026-05-28T23:36:36.345Z","url":"/Services/"}
{"duration":"13ms","ip":"::1","level":"info","message":"HTTP Request","method":"GET","service":"leiriadetail-api","status":200,"timestamp":"2026-05-28T23:37:27.780Z","url":"/Portfolio/"}
{"duration":"12ms","ip":"::1","level":"info","message":"HTTP Request","method":"GET","service":"leiriadetail-api","status":200,"timestamp":"2026-05-28T23:37:27.780Z","url":"/Portfolio/categories"}
{"duration":"15ms","ip":"::1","level":"info","message":"HTTP Request","method":"GET","service":"leiriadetail-api","status":200,"timestamp":"2026-05-28T23:37:27.783Z","url":"/Services/"}
{"duration":"12ms","ip":"::1","level":"info","message":"HTTP Request","method":"POST","service":"leiriadetail-api","status":200,"timestamp":"2026-05-28T23:37:53.501Z","url":"/Portfolio/Add"}
{"duration":"1ms","ip":"::1","level":"info","message":"HTTP Request","method":"GET","service":"leiriadetail-api","status":200,"timestamp":"2026-05-28T23:37:53.509Z","url":"/Portfolio/categories"}
{"duration":"2ms","ip":"::1","level":"info","message":"HTTP Request","method":"GET","service":"leiriadetail-api","status":200,"timestamp":"2026-05-28T23:37:53.509Z","url":"/Portfolio/"}
{"duration":"5ms","ip":"::1","level":"info","message":"HTTP Request","method":"POST","service":"leiriadetail-api","status":200,"timestamp":"2026-05-28T23:38:06.671Z","url":"/Portfolio/Add"}
{"duration":"1ms","ip":"::1","level":"info","message":"HTTP Request","method":"GET","service":"leiriadetail-api","status":200,"timestamp":"2026-05-28T23:38:06.678Z","url":"/Portfolio/categories"}
{"duration":"1ms","ip":"::1","level":"info","message":"HTTP Request","method":"GET","service":"leiriadetail-api","status":200,"timestamp":"2026-05-28T23:38:06.678Z","url":"/Portfolio/"}
{"duration":"1ms","ip":"::1","level":"info","message":"HTTP Request","method":"GET","service":"leiriadetail-api","status":200,"timestamp":"2026-05-28T23:38:12.092Z","url":"/Portfolio/categories"}
{"duration":"3ms","ip":"::1","level":"info","message":"HTTP Request","method":"GET","service":"leiriadetail-api","status":200,"timestamp":"2026-05-28T23:38:12.093Z","url":"/Portfolio/"}
{"duration":"1ms","ip":"::1","level":"info","message":"HTTP Request","method":"GET","service":"leiriadetail-api","status":200,"timestamp":"2026-05-28T23:38:12.912Z","url":"/Portfolio/"}
{"duration":"2ms","ip":"::1","level":"info","message":"HTTP Request","method":"GET","service":"leiriadetail-api","status":200,"timestamp":"2026-05-28T23:38:12.913Z","url":"/Portfolio/categories"}
{"duration":"2ms","ip":"::1","level":"info","message":"HTTP Request","method":"GET","service":"leiriadetail-api","status":200,"timestamp":"2026-05-28T23:38:12.915Z","url":"/Services/"}
{"duration":"1ms","ip":"::1","level":"info","message":"HTTP Request","method":"GET","service":"leiriadetail-api","status":200,"timestamp":"2026-05-28T23:38:14.168Z","url":"/Portfolio/categories"}
{"duration":"3ms","ip":"::1","level":"info","message":"HTTP Request","method":"GET","service":"leiriadetail-api","status":200,"timestamp":"2026-05-28T23:38:14.170Z","url":"/Portfolio/"}
{"duration":"11ms","ip":"::1","level":"info","message":"HTTP Request","method":"GET","service":"leiriadetail-api","status":200,"timestamp":"2026-05-28T23:38:14.178Z","url":"/Services/"}
{"duration":"1ms","ip":"::1","level":"info","message":"HTTP Request","method":"GET","service":"leiriadetail-api","status":200,"timestamp":"2026-05-28T23:38:15.674Z","url":"/Portfolio/categories"}
{"duration":"3ms","ip":"::1","level":"info","message":"HTTP Request","method":"GET","service":"leiriadetail-api","status":200,"timestamp":"2026-05-28T23:38:15.675Z","url":"/Portfolio/"}
{"duration":"1ms","ip":"::1","level":"info","message":"HTTP Request","method":"GET","service":"leiriadetail-api","status":200,"timestamp":"2026-05-28T23:38:16.400Z","url":"/Portfolio/categories"}
{"duration":"2ms","ip":"::1","level":"info","message":"HTTP Request","method":"GET","service":"leiriadetail-api","status":200,"timestamp":"2026-05-28T23:38:16.401Z","url":"/Portfolio/"}
{"duration":"1ms","ip":"::1","level":"info","message":"HTTP Request","method":"GET","service":"leiriadetail-api","status":200,"timestamp":"2026-05-28T23:38:16.401Z","url":"/Services/"}
{"duration":"2ms","ip":"::1","level":"info","message":"HTTP Request","method":"GET","service":"leiriadetail-api","status":200,"timestamp":"2026-05-28T23:38:17.263Z","url":"/Portfolio/"}
{"duration":"2ms","ip":"::1","level":"info","message":"HTTP Request","method":"GET","service":"leiriadetail-api","status":200,"timestamp":"2026-05-28T23:38:17.263Z","url":"/Portfolio/categories"}
{"duration":"9ms","ip":"::1","level":"info","message":"HTTP Request","method":"GET","service":"leiriadetail-api","status":200,"timestamp":"2026-05-28T23:38:48.407Z","url":"/Portfolio/categories"}
{"duration":"10ms","ip":"::1","level":"info","message":"HTTP Request","method":"GET","service":"leiriadetail-api","status":200,"timestamp":"2026-05-28T23:38:48.408Z","url":"/Portfolio/"}
{"duration":"9ms","ip":"::1","level":"info","message":"HTTP Request","method":"GET","service":"leiriadetail-api","status":200,"timestamp":"2026-05-28T23:38:48.408Z","url":"/Services/"}
{"duration":"1ms","ip":"::1","level":"info","message":"HTTP Request","method":"GET","service":"leiriadetail-api","status":200,"timestamp":"2026-05-28T23:38:58.675Z","url":"/Portfolio/categories"}
{"duration":"1ms","ip":"::1","level":"info","message":"HTTP Request","method":"GET","service":"leiriadetail-api","status":200,"timestamp":"2026-05-28T23:38:58.675Z","url":"/Portfolio/"}
{"duration":"2ms","ip":"::1","level":"info","message":"HTTP Request","method":"GET","service":"leiriadetail-api","status":200,"timestamp":"2026-05-28T23:38:58.676Z","url":"/Services/"}
{"duration":"13ms","ip":"::1","level":"info","message":"HTTP Request","method":"GET","service":"leiriadetail-api","status":200,"timestamp":"2026-05-28T23:40:56.640Z","url":"/Portfolio/"}
{"duration":"13ms","ip":"::1","level":"info","message":"HTTP Request","method":"GET","service":"leiriadetail-api","status":200,"timestamp":"2026-05-28T23:40:56.641Z","url":"/Portfolio/categories"}
{"duration":"14ms","ip":"::1","level":"info","message":"HTTP Request","method":"GET","service":"leiriadetail-api","status":200,"timestamp":"2026-05-28T23:40:56.643Z","url":"/Services/"}
{"duration":"5ms","ip":"::1","level":"info","message":"HTTP Request","method":"DELETE","service":"leiriadetail-api","status":200,"timestamp":"2026-05-28T23:40:58.894Z","url":"/Portfolio/2"}
{"duration":"4ms","ip":"::1","level":"info","message":"HTTP Request","method":"DELETE","service":"leiriadetail-api","status":200,"timestamp":"2026-05-28T23:41:00.478Z","url":"/Portfolio/3"}
{"duration":"237ms","ip":"::1","level":"info","message":"HTTP Request","method":"POST","service":"leiriadetail-api","status":200,"timestamp":"2026-05-28T23:41:19.035Z","url":"/Portfolio/Add"}
{"duration":"1ms","ip":"::1","level":"info","message":"HTTP Request","method":"GET","service":"leiriadetail-api","status":200,"timestamp":"2026-05-28T23:41:19.042Z","url":"/Portfolio/categories"}
{"duration":"12ms","ip":"::1","level":"info","message":"HTTP Request","method":"GET","service":"leiriadetail-api","status":200,"timestamp":"2026-05-28T23:41:19.053Z","url":"/Portfolio/"}
{"duration":"1ms","ip":"::1","level":"info","message":"HTTP Request","method":"GET","service":"leiriadetail-api","status":200,"timestamp":"2026-05-28T23:41:21.174Z","url":"/Portfolio/categories"}
{"duration":"10ms","ip":"::1","level":"info","message":"HTTP Request","method":"GET","service":"leiriadetail-api","status":200,"timestamp":"2026-05-28T23:41:21.182Z","url":"/Portfolio/"}
{"duration":"1ms","ip":"::1","level":"info","message":"HTTP Request","method":"GET","service":"leiriadetail-api","status":200,"timestamp":"2026-05-28T23:41:22.158Z","url":"/Portfolio/categories"}
{"duration":"10ms","ip":"::1","level":"info","message":"HTTP Request","method":"GET","service":"leiriadetail-api","status":200,"timestamp":"2026-05-28T23:41:22.167Z","url":"/Portfolio/"}
{"duration":"1ms","ip":"::1","level":"info","message":"HTTP Request","method":"GET","service":"leiriadetail-api","status":200,"timestamp":"2026-05-28T23:41:22.561Z","url":"/Portfolio/categories"}
{"duration":"3ms","ip":"::1","level":"info","message":"HTTP Request","method":"GET","service":"leiriadetail-api","status":200,"timestamp":"2026-05-28T23:41:22.564Z","url":"/Services/"}
{"duration":"11ms","ip":"::1","level":"info","message":"HTTP Request","method":"GET","service":"leiriadetail-api","status":200,"timestamp":"2026-05-28T23:41:22.570Z","url":"/Portfolio/"}
{"duration":"1ms","ip":"::1","level":"info","message":"HTTP Request","method":"GET","service":"leiriadetail-api","status":200,"timestamp":"2026-05-28T23:41:23.180Z","url":"/Portfolio/categories"}
{"duration":"1ms","ip":"::1","level":"info","message":"HTTP Request","method":"GET","service":"leiriadetail-api","status":200,"timestamp":"2026-05-28T23:41:23.180Z","url":"/Services/"}
{"duration":"11ms","ip":"::1","level":"info","message":"HTTP Request","method":"GET","service":"leiriadetail-api","status":200,"timestamp":"2026-05-28T23:41:23.189Z","url":"/Portfolio/"}
{"duration":"1ms","ip":"::1","level":"info","message":"HTTP Request","method":"GET","service":"leiriadetail-api","status":200,"timestamp":"2026-05-28T23:41:24.092Z","url":"/Portfolio/categories"}
{"duration":"10ms","ip":"::1","level":"info","message":"HTTP Request","method":"GET","service":"leiriadetail-api","status":200,"timestamp":"2026-05-28T23:41:24.101Z","url":"/Portfolio/"}
{"duration":"9ms","ip":"::1","level":"info","message":"HTTP Request","method":"GET","service":"leiriadetail-api","status":200,"timestamp":"2026-05-28T23:45:27.511Z","url":"/Portfolio/categories"}
{"duration":"9ms","ip":"::1","level":"info","message":"HTTP Request","method":"GET","service":"leiriadetail-api","status":200,"timestamp":"2026-05-28T23:45:27.512Z","url":"/Services/"}
{"duration":"19ms","ip":"::1","level":"info","message":"HTTP Request","method":"GET","service":"leiriadetail-api","status":200,"timestamp":"2026-05-28T23:45:27.521Z","url":"/Portfolio/"}
{"duration":"155ms","ip":"::1","level":"info","message":"HTTP Request","method":"PUT","service":"leiriadetail-api","status":200,"timestamp":"2026-05-28T23:45:31.152Z","url":"/Portfolio/4"}
{"duration":"2ms","ip":"::1","level":"info","message":"HTTP Request","method":"GET","service":"leiriadetail-api","status":200,"timestamp":"2026-05-28T23:45:31.165Z","url":"/Portfolio/categories"}
{"duration":"13ms","ip":"::1","level":"info","message":"HTTP Request","method":"GET","service":"leiriadetail-api","status":200,"timestamp":"2026-05-28T23:45:31.176Z","url":"/Portfolio/"}
{"duration":"142ms","ip":"::1","level":"info","message":"HTTP Request","method":"PUT","service":"leiriadetail-api","status":200,"timestamp":"2026-05-28T23:45:33.663Z","url":"/Portfolio/4"}
{"duration":"1ms","ip":"::1","level":"info","message":"HTTP Request","method":"GET","service":"leiriadetail-api","status":200,"timestamp":"2026-05-28T23:45:33.669Z","url":"/Portfolio/categories"}
{"duration":"9ms","ip":"::1","level":"info","message":"HTTP Request","method":"GET","service":"leiriadetail-api","status":200,"timestamp":"2026-05-28T23:45:33.676Z","url":"/Portfolio/"}
{"duration":"5ms","ip":"::1","level":"info","message":"HTTP Request","method":"DELETE","service":"leiriadetail-api","status":200,"timestamp":"2026-05-28T23:45:39.936Z","url":"/Portfolio/4"}
{"level":"info","message":"API a correr em development na porta 3001","service":"leiriadetail-api","timestamp":"2026-05-28T23:45:46.605Z"}
{"duration":"18ms","ip":"::1","level":"info","message":"HTTP Request","method":"GET","service":"leiriadetail-api","status":200,"timestamp":"2026-05-28T23:45:53.639Z","url":"/Portfolio/categories"}
{"duration":"28ms","ip":"::1","level":"info","message":"HTTP Request","method":"GET","service":"leiriadetail-api","status":200,"timestamp":"2026-05-28T23:45:53.640Z","url":"/Portfolio/categories"}
{"duration":"25ms","ip":"::1","level":"info","message":"HTTP Request","method":"GET","service":"leiriadetail-api","status":200,"timestamp":"2026-05-28T23:45:53.643Z","url":"/Portfolio/"}
{"duration":"25ms","ip":"::1","level":"info","message":"HTTP Request","method":"GET","service":"leiriadetail-api","status":200,"timestamp":"2026-05-28T23:45:53.644Z","url":"/Portfolio/"}
{"duration":"25ms","ip":"::1","level":"info","message":"HTTP Request","method":"GET","service":"leiriadetail-api","status":200,"timestamp":"2026-05-28T23:45:53.645Z","url":"/Services/"}
{"duration":"2ms","ip":"::1","level":"info","message":"HTTP Request","method":"GET","service":"leiriadetail-api","status":200,"timestamp":"2026-05-28T23:45:55.056Z","url":"/Portfolio/"}
{"duration":"2ms","ip":"::1","level":"info","message":"HTTP Request","method":"GET","service":"leiriadetail-api","status":200,"timestamp":"2026-05-28T23:45:55.056Z","url":"/Portfolio/categories"}
{"duration":"2ms","ip":"::1","level":"info","message":"HTTP Request","method":"GET","service":"leiriadetail-api","status":200,"timestamp":"2026-05-28T23:45:55.058Z","url":"/Services/"}
{"duration":"239ms","ip":"::1","level":"info","message":"HTTP Request","method":"POST","service":"leiriadetail-api","status":200,"timestamp":"2026-05-28T23:46:15.080Z","url":"/Portfolio/Add"}
{"duration":"1ms","ip":"::1","level":"info","message":"HTTP Request","method":"GET","service":"leiriadetail-api","status":200,"timestamp":"2026-05-28T23:46:15.090Z","url":"/Portfolio/categories"}
{"duration":"16ms","ip":"::1","level":"info","message":"HTTP Request","method":"GET","service":"leiriadetail-api","status":200,"timestamp":"2026-05-28T23:46:15.105Z","url":"/Portfolio/"}
{"duration":"2ms","ip":"::1","level":"info","message":"HTTP Request","method":"GET","service":"leiriadetail-api","status":200,"timestamp":"2026-05-28T23:46:16.446Z","url":"/Portfolio/categories"}
{"duration":"2ms","ip":"::1","level":"info","message":"HTTP Request","method":"GET","service":"leiriadetail-api","status":200,"timestamp":"2026-05-28T23:46:16.453Z","url":"/Services/"}
{"duration":"20ms","ip":"::1","level":"info","message":"HTTP Request","method":"GET","service":"leiriadetail-api","status":200,"timestamp":"2026-05-28T23:46:16.464Z","url":"/Portfolio/"}
{"duration":"1ms","ip":"::1","level":"info","message":"HTTP Request","method":"GET","service":"leiriadetail-api","status":200,"timestamp":"2026-05-28T23:46:21.559Z","url":"/Portfolio/categories"}
{"duration":"17ms","ip":"::1","level":"info","message":"HTTP Request","method":"GET","service":"leiriadetail-api","status":200,"timestamp":"2026-05-28T23:46:21.574Z","url":"/Portfolio/"}
{"duration":"2ms","ip":"::1","level":"info","message":"HTTP Request","method":"GET","service":"leiriadetail-api","status":200,"timestamp":"2026-05-28T23:46:22.480Z","url":"/Portfolio/categories"}
{"duration":"5ms","ip":"::1","level":"info","message":"HTTP Request","method":"GET","service":"leiriadetail-api","status":200,"timestamp":"2026-05-28T23:46:22.485Z","url":"/Services/"}
{"duration":"16ms","ip":"::1","level":"info","message":"HTTP Request","method":"GET","service":"leiriadetail-api","status":200,"timestamp":"2026-05-28T23:46:22.494Z","url":"/Portfolio/"}
{"duration":"1ms","ip":"::1","level":"info","message":"HTTP Request","method":"GET","service":"leiriadetail-api","status":200,"timestamp":"2026-05-28T23:46:23.164Z","url":"/Portfolio/categories"}
{"duration":"19ms","ip":"::1","level":"info","message":"HTTP Request","method":"GET","service":"leiriadetail-api","status":200,"timestamp":"2026-05-28T23:46:23.182Z","url":"/Portfolio/"}
{"duration":"9ms","ip":"::1","level":"info","message":"HTTP Request","method":"GET","service":"leiriadetail-api","status":200,"timestamp":"2026-05-28T23:47:49.403Z","url":"/Portfolio/categories"}
{"duration":"10ms","ip":"::1","level":"info","message":"HTTP Request","method":"GET","service":"leiriadetail-api","status":200,"timestamp":"2026-05-28T23:47:49.405Z","url":"/Services/"}
{"duration":"27ms","ip":"::1","level":"info","message":"HTTP Request","method":"GET","service":"leiriadetail-api","status":200,"timestamp":"2026-05-28T23:47:49.420Z","url":"/Portfolio/"}
{"duration":"2ms","ip":"::1","level":"info","message":"HTTP Request","method":"GET","service":"leiriadetail-api","status":200,"timestamp":"2026-05-28T23:47:49.807Z","url":"/Portfolio/categories"}
{"duration":"4ms","ip":"::1","level":"info","message":"HTTP Request","method":"GET","service":"leiriadetail-api","status":200,"timestamp":"2026-05-28T23:47:49.811Z","url":"/Services/"}
{"duration":"17ms","ip":"::1","level":"info","message":"HTTP Request","method":"GET","service":"leiriadetail-api","status":200,"timestamp":"2026-05-28T23:47:49.821Z","url":"/Portfolio/"}
{"duration":"1ms","ip":"::1","level":"info","message":"HTTP Request","method":"GET","service":"leiriadetail-api","status":200,"timestamp":"2026-05-28T23:47:49.985Z","url":"/Portfolio/categories"}
{"duration":"1ms","ip":"::1","level":"info","message":"HTTP Request","method":"GET","service":"leiriadetail-api","status":200,"timestamp":"2026-05-28T23:47:49.986Z","url":"/Services/"}
{"duration":"18ms","ip":"::1","level":"info","message":"HTTP Request","method":"GET","service":"leiriadetail-api","status":200,"timestamp":"2026-05-28T23:47:50.002Z","url":"/Portfolio/"}
{"duration":"1ms","ip":"::1","level":"info","message":"HTTP Request","method":"GET","service":"leiriadetail-api","status":200,"timestamp":"2026-05-28T23:47:50.167Z","url":"/Portfolio/categories"}
{"duration":"4ms","ip":"::1","level":"info","message":"HTTP Request","method":"GET","service":"leiriadetail-api","status":200,"timestamp":"2026-05-28T23:47:50.172Z","url":"/Services/"}
{"duration":"19ms","ip":"::1","level":"info","message":"HTTP Request","method":"GET","service":"leiriadetail-api","status":200,"timestamp":"2026-05-28T23:47:50.185Z","url":"/Portfolio/"}
{"duration":"1ms","ip":"::1","level":"info","message":"HTTP Request","method":"GET","service":"leiriadetail-api","status":200,"timestamp":"2026-05-28T23:47:50.344Z","url":"/Portfolio/categories"}
{"duration":"2ms","ip":"::1","level":"info","message":"HTTP Request","method":"GET","service":"leiriadetail-api","status":200,"timestamp":"2026-05-28T23:47:50.345Z","url":"/Services/"}
{"duration":"16ms","ip":"::1","level":"info","message":"HTTP Request","method":"GET","service":"leiriadetail-api","status":200,"timestamp":"2026-05-28T23:47:50.358Z","url":"/Portfolio/"}
{"duration":"1ms","ip":"::1","level":"info","message":"HTTP Request","method":"GET","service":"leiriadetail-api","status":200,"timestamp":"2026-05-28T23:47:52.935Z","url":"/Portfolio/categories"}
{"duration":"2ms","ip":"::1","level":"info","message":"HTTP Request","method":"GET","service":"leiriadetail-api","status":200,"timestamp":"2026-05-28T23:47:52.936Z","url":"/Services/"}
{"duration":"15ms","ip":"::1","level":"info","message":"HTTP Request","method":"GET","service":"leiriadetail-api","status":200,"timestamp":"2026-05-28T23:47:52.949Z","url":"/Portfolio/"}
{"duration":"11ms","ip":"::1","level":"info","message":"HTTP Request","method":"GET","service":"leiriadetail-api","status":200,"timestamp":"2026-05-28T23:49:27.524Z","url":"/Portfolio/categories"}
{"duration":"11ms","ip":"::1","level":"info","message":"HTTP Request","method":"GET","service":"leiriadetail-api","status":200,"timestamp":"2026-05-28T23:49:27.525Z","url":"/Services/"}
{"duration":"26ms","ip":"::1","level":"info","message":"HTTP Request","method":"GET","service":"leiriadetail-api","status":200,"timestamp":"2026-05-28T23:49:27.538Z","url":"/Portfolio/"}
{"duration":"9ms","ip":"::1","level":"info","message":"HTTP Request","method":"GET","service":"leiriadetail-api","status":200,"timestamp":"2026-05-28T23:54:17.296Z","url":"/Portfolio/categories"}
{"duration":"10ms","ip":"::1","level":"info","message":"HTTP Request","method":"GET","service":"leiriadetail-api","status":200,"timestamp":"2026-05-28T23:54:17.297Z","url":"/Services/"}
{"duration":"26ms","ip":"::1","level":"info","message":"HTTP Request","method":"GET","service":"leiriadetail-api","status":200,"timestamp":"2026-05-28T23:54:17.312Z","url":"/Portfolio/"}
{"duration":"12ms","ip":"::1","level":"info","message":"HTTP Request","method":"GET","service":"leiriadetail-api","status":200,"timestamp":"2026-05-28T23:56:25.762Z","url":"/Faqs/"}
{"duration":"12ms","ip":"::1","level":"info","message":"HTTP Request","method":"GET","service":"leiriadetail-api","status":200,"timestamp":"2026-05-28T23:56:25.762Z","url":"/Reviews/"}
{"duration":"9ms","ip":"::1","level":"info","message":"HTTP Request","method":"GET","service":"leiriadetail-api","status":200,"timestamp":"2026-05-28T23:57:09.746Z","url":"/Services/"}
{"level":"warn","message":"Token inválido ou expirado","service":"leiriadetail-api","timestamp":"2026-05-28T23:57:10.215Z"}
{"duration":"6ms","ip":"::1","level":"info","message":"HTTP Request","method":"GET","service":"leiriadetail-api","status":401,"timestamp":"2026-05-28T23:57:10.216Z","url":"/CRM"}
{"duration":"11ms","ip":"::1","level":"info","message":"HTTP Request","method":"GET","service":"leiriadetail-api","status":200,"timestamp":"2026-05-28T23:57:16.632Z","url":"/Portfolio/categories"}
{"duration":"11ms","ip":"::1","level":"info","message":"HTTP Request","method":"GET","service":"leiriadetail-api","status":200,"timestamp":"2026-05-28T23:57:16.633Z","url":"/Services/"}
{"duration":"18ms","ip":"::1","level":"info","message":"HTTP Request","method":"GET","service":"leiriadetail-api","status":200,"timestamp":"2026-05-28T23:57:16.638Z","url":"/Portfolio/"}
{"duration":"197ms","ip":"::1","level":"info","message":"HTTP Request","method":"PUT","service":"leiriadetail-api","status":200,"timestamp":"2026-05-28T23:57:23.444Z","url":"/Portfolio/5"}
{"duration":"0ms","ip":"::1","level":"info","message":"HTTP Request","method":"GET","service":"leiriadetail-api","status":200,"timestamp":"2026-05-28T23:57:23.451Z","url":"/Portfolio/categories"}
{"duration":"17ms","ip":"::1","level":"info","message":"HTTP Request","method":"GET","service":"leiriadetail-api","status":200,"timestamp":"2026-05-28T23:57:23.467Z","url":"/Portfolio/"}
{"level":"warn","message":"Token inválido ou expirado","service":"leiriadetail-api","timestamp":"2026-05-28T23:57:31.634Z"}
{"duration":"3ms","ip":"::1","level":"info","message":"HTTP Request","method":"GET","service":"leiriadetail-api","status":401,"timestamp":"2026-05-28T23:57:31.635Z","url":"/CRM"}
{"level":"warn","message":"Token inválido ou expirado","service":"leiriadetail-api","timestamp":"2026-05-29T00:12:55.985Z"}
{"duration":"11ms","ip":"::1","level":"info","message":"HTTP Request","method":"GET","service":"leiriadetail-api","status":401,"timestamp":"2026-05-29T00:12:55.986Z","url":"/CRM"}
{"duration":"9ms","ip":"::1","level":"info","message":"HTTP Request","method":"GET","service":"leiriadetail-api","status":200,"timestamp":"2026-05-29T00:14:13.944Z","url":"/Faqs/"}
{"duration":"10ms","ip":"::1","level":"info","message":"HTTP Request","method":"GET","service":"leiriadetail-api","status":200,"timestamp":"2026-05-29T00:14:13.944Z","url":"/Reviews/"}
{"duration":"2ms","ip":"::1","level":"info","message":"HTTP Request","method":"GET","service":"leiriadetail-api","status":200,"timestamp":"2026-05-29T00:14:15.584Z","url":"/Portfolio/categories"}
{"duration":"1ms","ip":"::1","level":"info","message":"HTTP Request","method":"GET","service":"leiriadetail-api","status":200,"timestamp":"2026-05-29T00:14:15.585Z","url":"/Services/"}
{"duration":"15ms","ip":"::1","level":"info","message":"HTTP Request","method":"GET","service":"leiriadetail-api","status":200,"timestamp":"2026-05-29T00:14:15.597Z","url":"/Portfolio/"}
{"level":"warn","message":"Token inválido ou expirado","service":"leiriadetail-api","timestamp":"2026-05-29T00:14:17.160Z"}
{"duration":"2ms","ip":"::1","level":"info","message":"HTTP Request","method":"GET","service":"leiriadetail-api","status":401,"timestamp":"2026-05-29T00:14:17.161Z","url":"/CRM"}
{"level":"info","message":"API a correr em development na porta 3001","service":"leiriadetail-api","timestamp":"2026-05-29T00:14:24.766Z"}
{"level":"warn","message":"Token inválido ou expirado","service":"leiriadetail-api","timestamp":"2026-05-29T00:14:32.515Z"}
{"duration":"21ms","ip":"::1","level":"info","message":"HTTP Request","method":"GET","service":"leiriadetail-api","status":401,"timestamp":"2026-05-29T00:14:32.517Z","url":"/CRM"}
{"level":"warn","message":"Token inválido ou expirado","service":"leiriadetail-api","timestamp":"2026-05-29T00:14:33.318Z"}
{"duration":"3ms","ip":"::1","level":"info","message":"HTTP Request","method":"GET","service":"leiriadetail-api","status":401,"timestamp":"2026-05-29T00:14:33.319Z","url":"/CRM"}
{"level":"warn","message":"Token inválido ou expirado","service":"leiriadetail-api","timestamp":"2026-05-29T00:14:38.120Z"}
{"duration":"3ms","ip":"::1","level":"info","message":"HTTP Request","method":"GET","service":"leiriadetail-api","status":401,"timestamp":"2026-05-29T00:14:38.121Z","url":"/CRM"}
{"duration":"5ms","ip":"::1","level":"info","message":"HTTP Request","method":"GET","service":"leiriadetail-api","status":200,"timestamp":"2026-05-29T00:14:54.485Z","url":"/Reviews/"}
{"duration":"13ms","ip":"::1","level":"info","message":"HTTP Request","method":"GET","service":"leiriadetail-api","status":200,"timestamp":"2026-05-29T00:14:54.493Z","url":"/Faqs/"}
{"level":"info","message":"Login efetuado","service":"leiriadetail-api","timestamp":"2026-05-29T00:15:06.844Z","userId":1}
{"duration":"64ms","ip":"::1","level":"info","message":"HTTP Request","method":"POST","service":"leiriadetail-api","status":200,"timestamp":"2026-05-29T00:15:06.845Z","url":"/Authentication/Login"}
{"duration":"3ms","ip":"::1","level":"info","message":"HTTP Request","method":"GET","service":"leiriadetail-api","status":304,"timestamp":"2026-05-29T00:15:06.854Z","url":"/Authentication/Role"}
{"duration":"25ms","ip":"::1","level":"info","message":"HTTP Request","method":"GET","service":"leiriadetail-api","status":200,"timestamp":"2026-05-29T00:15:07.248Z","url":"/Dashboard"}
{"duration":"5ms","ip":"::1","level":"info","message":"HTTP Request","method":"GET","service":"leiriadetail-api","status":200,"timestamp":"2026-05-29T00:15:10.950Z","url":"/CRM"}
{"duration":"10ms","ip":"::1","level":"info","message":"HTTP Request","method":"POST","service":"leiriadetail-api","status":201,"timestamp":"2026-05-29T00:15:23.633Z","url":"/CRM"}
{"duration":"5ms","ip":"::1","level":"info","message":"HTTP Request","method":"GET","service":"leiriadetail-api","status":200,"timestamp":"2026-05-29T00:15:23.642Z","url":"/CRM"}
{"duration":"16ms","ip":"::1","level":"info","message":"HTTP Request","method":"GET","service":"leiriadetail-api","status":200,"timestamp":"2026-05-29T00:16:07.237Z","url":"/Dashboard"}
{"duration":"14ms","ip":"::1","level":"info","message":"HTTP Request","method":"GET","service":"leiriadetail-api","status":200,"timestamp":"2026-05-29T00:17:01.141Z","url":"/CRM"}
{"duration":"5ms","ip":"::1","level":"info","message":"HTTP Request","method":"GET","service":"leiriadetail-api","status":200,"timestamp":"2026-05-29T00:17:02.347Z","url":"/CRM"}
{"duration":"10ms","ip":"::1","level":"info","message":"HTTP Request","method":"GET","service":"leiriadetail-api","status":200,"timestamp":"2026-05-29T00:17:07.231Z","url":"/Dashboard"}
{"duration":"16ms","ip":"::1","level":"info","message":"HTTP Request","method":"GET","service":"leiriadetail-api","status":200,"timestamp":"2026-05-29T00:17:44.850Z","url":"/CRM"}
{"duration":"10ms","ip":"::1","level":"info","message":"HTTP Request","method":"GET","service":"leiriadetail-api","status":200,"timestamp":"2026-05-29T00:18:07.232Z","url":"/Dashboard"}
{"duration":"14ms","ip":"::1","level":"info","message":"HTTP Request","method":"GET","service":"leiriadetail-api","status":200,"timestamp":"2026-05-29T00:18:52.660Z","url":"/CRM"}
{"duration":"11ms","ip":"::1","level":"info","message":"HTTP Request","method":"GET","service":"leiriadetail-api","status":200,"timestamp":"2026-05-29T00:19:07.232Z","url":"/Dashboard"}
{"duration":"15ms","ip":"::1","level":"info","message":"HTTP Request","method":"GET","service":"leiriadetail-api","status":200,"timestamp":"2026-05-29T00:20:07.237Z","url":"/Dashboard"}
{"duration":"17ms","ip":"::1","level":"info","message":"HTTP Request","method":"GET","service":"leiriadetail-api","status":200,"timestamp":"2026-05-29T00:21:07.239Z","url":"/Dashboard"}
{"duration":"15ms","ip":"::1","level":"info","message":"HTTP Request","method":"GET","service":"leiriadetail-api","status":200,"timestamp":"2026-05-29T00:22:07.236Z","url":"/Dashboard"}
{"duration":"17ms","ip":"::1","level":"info","message":"HTTP Request","method":"GET","service":"leiriadetail-api","status":200,"timestamp":"2026-05-29T00:23:07.238Z","url":"/Dashboard"}
{"duration":"16ms","ip":"::1","level":"info","message":"HTTP Request","method":"GET","service":"leiriadetail-api","status":200,"timestamp":"2026-05-29T00:24:07.237Z","url":"/Dashboard"}
{"duration":"19ms","ip":"::1","level":"info","message":"HTTP Request","method":"GET","service":"leiriadetail-api","status":200,"timestamp":"2026-05-29T00:25:07.240Z","url":"/Dashboard"}
{"duration":"2ms","ip":"::1","level":"info","message":"HTTP Request","method":"GET","service":"leiriadetail-api","status":200,"timestamp":"2026-05-29T00:25:23.309Z","url":"/Services/"}
{"duration":"7ms","ip":"::1","level":"info","message":"HTTP Request","method":"GET","service":"leiriadetail-api","status":200,"timestamp":"2026-05-29T00:25:26.835Z","url":"/CRM"}
{"duration":"2ms","ip":"::1","level":"info","message":"HTTP Request","method":"GET","service":"leiriadetail-api","status":200,"timestamp":"2026-05-29T00:25:28.017Z","url":"/Services/"}
{"duration":"2ms","ip":"::1","level":"info","message":"HTTP Request","method":"GET","service":"leiriadetail-api","status":200,"timestamp":"2026-05-29T00:25:39.776Z","url":"/Reviews/"}
{"duration":"10ms","ip":"::1","level":"info","message":"HTTP Request","method":"GET","service":"leiriadetail-api","status":200,"timestamp":"2026-05-29T00:25:39.785Z","url":"/Faqs/"}
{"duration":"2ms","ip":"::1","level":"info","message":"HTTP Request","method":"GET","service":"leiriadetail-api","status":200,"timestamp":"2026-05-29T00:25:40.579Z","url":"/Services/"}
{"duration":"9ms","ip":"::1","level":"info","message":"HTTP Request","method":"GET","service":"leiriadetail-api","status":200,"timestamp":"2026-05-29T00:26:07.232Z","url":"/Dashboard"}
{"duration":"2ms","ip":"::1","level":"info","message":"HTTP Request","method":"GET","service":"leiriadetail-api","status":200,"timestamp":"2026-05-29T00:26:14.668Z","url":"/Services/"}
{"duration":"2ms","ip":"::1","level":"info","message":"HTTP Request","method":"GET","service":"leiriadetail-api","status":200,"timestamp":"2026-05-29T00:26:15.146Z","url":"/Reviews/"}
{"duration":"1ms","ip":"::1","level":"info","message":"HTTP Request","method":"GET","service":"leiriadetail-api","status":200,"timestamp":"2026-05-29T00:26:15.147Z","url":"/Faqs/"}
{"duration":"2ms","ip":"::1","level":"info","message":"HTTP Request","method":"GET","service":"leiriadetail-api","status":200,"timestamp":"2026-05-29T00:26:39.307Z","url":"/Services/"}
{"duration":"2ms","ip":"::1","level":"info","message":"HTTP Request","method":"GET","service":"leiriadetail-api","status":200,"timestamp":"2026-05-29T00:26:40.072Z","url":"/Reviews/"}
{"duration":"1ms","ip":"::1","level":"info","message":"HTTP Request","method":"GET","service":"leiriadetail-api","status":200,"timestamp":"2026-05-29T00:26:40.073Z","url":"/Faqs/"}
{"duration":"13ms","ip":"::1","level":"info","message":"HTTP Request","method":"GET","service":"leiriadetail-api","status":200,"timestamp":"2026-05-29T00:31:28.527Z","url":"/CRM"}
{"duration":"9ms","ip":"::1","level":"info","message":"HTTP Request","method":"GET","service":"leiriadetail-api","status":200,"timestamp":"2026-05-29T00:41:27.134Z","url":"/Faqs/"}
{"duration":"11ms","ip":"::1","level":"info","message":"HTTP Request","method":"GET","service":"leiriadetail-api","status":200,"timestamp":"2026-05-29T00:41:27.135Z","url":"/Reviews/"}
{"duration":"2ms","ip":"::1","level":"info","message":"HTTP Request","method":"GET","service":"leiriadetail-api","status":200,"timestamp":"2026-05-29T00:41:55.096Z","url":"/Reviews/"}
{"duration":"2ms","ip":"::1","level":"info","message":"HTTP Request","method":"GET","service":"leiriadetail-api","status":200,"timestamp":"2026-05-29T00:41:55.097Z","url":"/Faqs/"}
{"duration":"15ms","ip":"::1","level":"info","message":"HTTP Request","method":"GET","service":"leiriadetail-api","status":200,"timestamp":"2026-05-29T00:44:22.727Z","url":"/CRM"}
{"duration":"9ms","ip":"::1","level":"info","message":"HTTP Request","method":"GET","service":"leiriadetail-api","status":200,"timestamp":"2026-05-29T00:45:15.374Z","url":"/Services/"}
{"duration":"9ms","ip":"::1","level":"info","message":"HTTP Request","method":"GET","service":"leiriadetail-api","status":200,"timestamp":"2026-05-29T00:45:16.027Z","url":"/CRM"}
{"duration":"6ms","ip":"::1","level":"info","message":"HTTP Request","method":"GET","service":"leiriadetail-api","status":200,"timestamp":"2026-05-29T00:45:19.451Z","url":"/CRM"}
{"duration":"5ms","ip":"::1","level":"info","message":"HTTP Request","method":"GET","service":"leiriadetail-api","status":200,"timestamp":"2026-05-29T00:45:40.031Z","url":"/CRM"}
{"duration":"1ms","ip":"::1","level":"info","message":"HTTP Request","method":"GET","service":"leiriadetail-api","status":200,"timestamp":"2026-05-29T00:45:45.958Z","url":"/Services/"}
{"duration":"4ms","ip":"::1","level":"info","message":"HTTP Request","method":"GET","service":"leiriadetail-api","status":200,"timestamp":"2026-05-29T00:45:49.782Z","url":"/CRM"}
{"duration":"14ms","ip":"::1","level":"info","message":"HTTP Request","method":"GET","service":"leiriadetail-api","status":200,"timestamp":"2026-05-29T00:47:17.184Z","url":"/CRM"}
{"duration":"4ms","ip":"::1","level":"info","message":"HTTP Request","method":"GET","service":"leiriadetail-api","status":200,"timestamp":"2026-05-29T00:47:27.210Z","url":"/CRM"}
{"duration":"5ms","ip":"::1","level":"info","message":"HTTP Request","method":"GET","service":"leiriadetail-api","status":200,"timestamp":"2026-05-29T00:47:35.804Z","url":"/CRM"}
{"duration":"5ms","ip":"::1","level":"info","message":"HTTP Request","method":"GET","service":"leiriadetail-api","status":200,"timestamp":"2026-05-29T00:47:49.645Z","url":"/CRM"}
{"duration":"5ms","ip":"::1","level":"info","message":"HTTP Request","method":"GET","service":"leiriadetail-api","status":200,"timestamp":"2026-05-29T00:48:02.114Z","url":"/CRM"}
{"duration":"5ms","ip":"::1","level":"info","message":"HTTP Request","method":"GET","service":"leiriadetail-api","status":200,"timestamp":"2026-05-29T00:48:22.215Z","url":"/CRM"}
{"duration":"16ms","ip":"::1","level":"info","message":"HTTP Request","method":"GET","service":"leiriadetail-api","status":200,"timestamp":"2026-05-29T00:50:30.674Z","url":"/CRM"}
{"duration":"8ms","ip":"::1","level":"info","message":"HTTP Request","method":"GET","service":"leiriadetail-api","status":200,"timestamp":"2026-05-29T00:51:13.231Z","url":"/Services/"}
{"duration":"12ms","ip":"::1","level":"info","message":"HTTP Request","method":"GET","service":"leiriadetail-api","status":200,"timestamp":"2026-05-29T00:51:14.103Z","url":"/Dashboard"}
{"duration":"1ms","ip":"::1","level":"info","message":"HTTP Request","method":"GET","service":"leiriadetail-api","status":200,"timestamp":"2026-05-29T00:51:17.535Z","url":"/Services/"}
{"duration":"5ms","ip":"::1","level":"info","message":"HTTP Request","method":"GET","service":"leiriadetail-api","status":200,"timestamp":"2026-05-29T00:51:19.765Z","url":"/CRM"}
{"duration":"2ms","ip":"::1","level":"info","message":"HTTP Request","method":"GET","service":"leiriadetail-api","status":200,"timestamp":"2026-05-29T00:51:20.348Z","url":"/Portfolio/categories"}
{"duration":"2ms","ip":"::1","level":"info","message":"HTTP Request","method":"GET","service":"leiriadetail-api","status":200,"timestamp":"2026-05-29T00:51:20.349Z","url":"/Services/"}
{"duration":"18ms","ip":"::1","level":"info","message":"HTTP Request","method":"GET","service":"leiriadetail-api","status":200,"timestamp":"2026-05-29T00:51:20.361Z","url":"/Portfolio/"}
{"duration":"6ms","ip":"::1","level":"info","message":"HTTP Request","method":"GET","service":"leiriadetail-api","status":200,"timestamp":"2026-05-29T00:51:20.870Z","url":"/Financial/"}
{"duration":"4ms","ip":"::1","level":"info","message":"HTTP Request","method":"GET","service":"leiriadetail-api","status":200,"timestamp":"2026-05-29T00:51:21.800Z","url":"/Inventory/"}
{"duration":"3ms","ip":"::1","level":"info","message":"HTTP Request","method":"GET","service":"leiriadetail-api","status":200,"timestamp":"2026-05-29T00:51:21.801Z","url":"/Inventory/alerts"}
{"duration":"4ms","ip":"::1","level":"info","message":"HTTP Request","method":"GET","service":"leiriadetail-api","status":200,"timestamp":"2026-05-29T00:51:22.688Z","url":"/Staff/"}
{"duration":"3ms","ip":"::1","level":"info","message":"HTTP Request","method":"GET","service":"leiriadetail-api","status":200,"timestamp":"2026-05-29T00:51:23.750Z","url":"/Audit"}
{"duration":"4ms","ip":"::1","level":"info","message":"HTTP Request","method":"GET","service":"leiriadetail-api","status":200,"timestamp":"2026-05-29T00:51:26.053Z","url":"/Holiday"}
{"duration":"3ms","ip":"::1","level":"info","message":"HTTP Request","method":"GET","service":"leiriadetail-api","status":200,"timestamp":"2026-05-29T00:51:33.284Z","url":"/Profile/"}
{"level":"info","message":"API a correr em development na porta 3001","service":"leiriadetail-api","timestamp":"2026-05-29T16:36:23.187Z"}
{"duration":"23ms","ip":"::1","level":"info","message":"HTTP Request","method":"GET","service":"leiriadetail-api","status":200,"timestamp":"2026-05-29T16:36:38.493Z","url":"/Faqs/"}
{"duration":"31ms","ip":"::1","level":"info","message":"HTTP Request","method":"GET","service":"leiriadetail-api","status":200,"timestamp":"2026-05-29T16:36:38.494Z","url":"/Reviews/"}
{"duration":"4ms","ip":"::1","level":"info","message":"HTTP Request","method":"GET","service":"leiriadetail-api","status":200,"timestamp":"2026-05-29T16:36:39.617Z","url":"/Reviews/"}
{"duration":"4ms","ip":"::1","level":"info","message":"HTTP Request","method":"GET","service":"leiriadetail-api","status":200,"timestamp":"2026-05-29T16:36:39.618Z","url":"/Faqs/"}
{"duration":"2ms","ip":"::1","level":"info","message":"HTTP Request","method":"GET","service":"leiriadetail-api","status":200,"timestamp":"2026-05-29T16:36:50.383Z","url":"/Services/"}
{"duration":"2ms","ip":"::1","level":"info","message":"HTTP Request","method":"GET","service":"leiriadetail-api","status":200,"timestamp":"2026-05-29T16:36:53.684Z","url":"/Portfolio/categories"}
{"duration":"11ms","ip":"::1","level":"info","message":"HTTP Request","method":"GET","service":"leiriadetail-api","status":200,"timestamp":"2026-05-29T16:36:53.693Z","url":"/Services/"}
{"duration":"21ms","ip":"::1","level":"info","message":"HTTP Request","method":"GET","service":"leiriadetail-api","status":200,"timestamp":"2026-05-29T16:36:53.702Z","url":"/Portfolio/"}
{"duration":"2ms","ip":"::1","level":"info","message":"HTTP Request","method":"GET","service":"leiriadetail-api","status":200,"timestamp":"2026-05-29T16:36:54.166Z","url":"/Services/"}
{"duration":"2ms","ip":"::1","level":"info","message":"HTTP Request","method":"GET","service":"leiriadetail-api","status":200,"timestamp":"2026-05-29T16:36:56.393Z","url":"/Portfolio/categories"}
{"duration":"4ms","ip":"::1","level":"info","message":"HTTP Request","method":"GET","service":"leiriadetail-api","status":200,"timestamp":"2026-05-29T16:36:56.396Z","url":"/Services/"}
{"duration":"15ms","ip":"::1","level":"info","message":"HTTP Request","method":"GET","service":"leiriadetail-api","status":200,"timestamp":"2026-05-29T16:36:56.406Z","url":"/Portfolio/"}
{"level":"info","message":"API a correr em development na porta 3001","service":"leiriadetail-api","timestamp":"2026-05-29T16:40:19.026Z"}
{"level":"info","message":"API a correr em development na porta 3001","service":"leiriadetail-api","timestamp":"2026-05-29T16:40:37.040Z"}
{"level":"info","message":"API a correr em development na porta 3001","service":"leiriadetail-api","timestamp":"2026-05-29T16:40:47.272Z"}
{"level":"info","message":"API a correr em development na porta 3001","service":"leiriadetail-api","timestamp":"2026-05-29T16:47:38.164Z"}
{"duration":"15ms","ip":"::1","level":"info","message":"HTTP Request","method":"GET","service":"leiriadetail-api","status":200,"timestamp":"2026-05-29T16:47:40.332Z","url":"/Portfolio/categories"}
{"duration":"28ms","ip":"::1","level":"info","message":"HTTP Request","method":"GET","service":"leiriadetail-api","status":200,"timestamp":"2026-05-29T16:47:40.337Z","url":"/Portfolio/"}
{"duration":"23ms","ip":"::1","level":"info","message":"HTTP Request","method":"GET","service":"leiriadetail-api","status":200,"timestamp":"2026-05-29T16:47:40.339Z","url":"/Services/"}
{"level":"info","message":"API a correr em development na porta 3001","service":"leiriadetail-api","timestamp":"2026-05-29T16:47:47.619Z"}
{"duration":"19ms","ip":"::1","level":"info","message":"HTTP Request","method":"GET","service":"leiriadetail-api","status":200,"timestamp":"2026-05-29T16:47:51.259Z","url":"/Portfolio/"}
{"duration":"28ms","ip":"::1","level":"info","message":"HTTP Request","method":"GET","service":"leiriadetail-api","status":200,"timestamp":"2026-05-29T16:47:51.261Z","url":"/Portfolio/categories"}
{"duration":"23ms","ip":"::1","level":"info","message":"HTTP Request","method":"GET","service":"leiriadetail-api","status":200,"timestamp":"2026-05-29T16:47:51.263Z","url":"/Services/"}
{"duration":"12ms","ip":"::1","level":"info","message":"HTTP Request","method":"GET","service":"leiriadetail-api","status":200,"timestamp":"2026-05-29T16:55:17.849Z","url":"/Portfolio/"}
{"duration":"12ms","ip":"::1","level":"info","message":"HTTP Request","method":"GET","service":"leiriadetail-api","status":200,"timestamp":"2026-05-29T16:55:17.850Z","url":"/Portfolio/categories"}
{"duration":"13ms","ip":"::1","level":"info","message":"HTTP Request","method":"GET","service":"leiriadetail-api","status":200,"timestamp":"2026-05-29T16:55:17.852Z","url":"/Services/"}
{"duration":"10ms","ip":"::1","level":"info","message":"HTTP Request","method":"GET","service":"leiriadetail-api","status":200,"timestamp":"2026-05-29T16:57:09.002Z","url":"/Materials/"}
{"duration":"10ms","ip":"::1","level":"info","message":"HTTP Request","method":"GET","service":"leiriadetail-api","status":200,"timestamp":"2026-05-29T16:58:05.636Z","url":"/Materials/"}
{"duration":"8ms","ip":"::1","level":"info","message":"HTTP Request","method":"GET","service":"leiriadetail-api","status":200,"timestamp":"2026-05-29T16:58:07.235Z","url":"/Profile/"}
{"duration":"8ms","ip":"::1","level":"info","message":"HTTP Request","method":"GET","service":"leiriadetail-api","status":304,"timestamp":"2026-05-29T16:58:07.242Z","url":"/Authentication/Role"}
{"duration":"8ms","ip":"::1","level":"info","message":"HTTP Request","method":"GET","service":"leiriadetail-api","status":200,"timestamp":"2026-05-29T16:58:07.244Z","url":"/Bookings?user_id=1"}
{"duration":"14ms","ip":"::1","level":"info","message":"HTTP Request","method":"GET","service":"leiriadetail-api","status":200,"timestamp":"2026-05-29T16:58:07.251Z","url":"/Bookings?user_id=1"}
{"duration":"15ms","ip":"::1","level":"info","message":"HTTP Request","method":"GET","service":"leiriadetail-api","status":200,"timestamp":"2026-05-29T16:58:07.252Z","url":"/Vehicles/List"}
{"duration":"21ms","ip":"::1","level":"info","message":"HTTP Request","method":"GET","service":"leiriadetail-api","status":200,"timestamp":"2026-05-29T16:58:08.291Z","url":"/Dashboard"}
{"duration":"4ms","ip":"::1","level":"info","message":"HTTP Request","method":"GET","service":"leiriadetail-api","status":200,"timestamp":"2026-05-29T16:58:11.711Z","url":"/Inventory/"}
{"duration":"4ms","ip":"::1","level":"info","message":"HTTP Request","method":"GET","service":"leiriadetail-api","status":200,"timestamp":"2026-05-29T16:58:11.711Z","url":"/Inventory/alerts"}
{"duration":"18ms","ip":"::1","level":"info","message":"HTTP Request","method":"GET","service":"leiriadetail-api","status":200,"timestamp":"2026-05-29T16:59:08.292Z","url":"/Dashboard"}
{"level":"info","message":"API a correr em development na porta 3001","service":"leiriadetail-api","timestamp":"2026-05-29T17:17:22.251Z"}
{"duration":"26ms","ip":"::1","level":"info","message":"HTTP Request","method":"GET","service":"leiriadetail-api","status":200,"timestamp":"2026-05-29T17:17:25.914Z","url":"/Materials/"}
{"duration":"1ms","ip":"::1","level":"info","message":"HTTP Request","method":"GET","service":"leiriadetail-api","status":200,"timestamp":"2026-05-29T17:17:33.454Z","url":"/Portfolio/categories"}
{"duration":"3ms","ip":"::1","level":"info","message":"HTTP Request","method":"GET","service":"leiriadetail-api","status":200,"timestamp":"2026-05-29T17:17:33.455Z","url":"/Portfolio/"}
{"duration":"11ms","ip":"::1","level":"info","message":"HTTP Request","method":"GET","service":"leiriadetail-api","status":200,"timestamp":"2026-05-29T17:17:33.464Z","url":"/Services/"}
{"level":"warn","message":"Token inválido ou expirado","service":"leiriadetail-api","timestamp":"2026-05-29T17:17:41.239Z"}
{"duration":"3ms","ip":"::1","level":"info","message":"HTTP Request","method":"GET","service":"leiriadetail-api","status":401,"timestamp":"2026-05-29T17:17:41.239Z","url":"/Authentication/Role"}
{"level":"warn","message":"Token inválido ou expirado","service":"leiriadetail-api","timestamp":"2026-05-29T17:17:41.245Z"}
{"duration":"3ms","ip":"::1","level":"info","message":"HTTP Request","method":"GET","service":"leiriadetail-api","status":401,"timestamp":"2026-05-29T17:17:41.246Z","url":"/Profile/"}
{"level":"warn","message":"Token inválido ou expirado","service":"leiriadetail-api","timestamp":"2026-05-29T17:17:41.249Z"}
{"duration":"2ms","ip":"::1","level":"info","message":"HTTP Request","method":"GET","service":"leiriadetail-api","status":401,"timestamp":"2026-05-29T17:17:41.250Z","url":"/Bookings?user_id=1"}
{"level":"warn","message":"Token inválido ou expirado","service":"leiriadetail-api","timestamp":"2026-05-29T17:17:41.252Z"}
{"duration":"2ms","ip":"::1","level":"info","message":"HTTP Request","method":"GET","service":"leiriadetail-api","status":401,"timestamp":"2026-05-29T17:17:41.252Z","url":"/Vehicles/List"}
{"level":"warn","message":"Token inválido ou expirado","service":"leiriadetail-api","timestamp":"2026-05-29T17:17:41.253Z"}
{"duration":"2ms","ip":"::1","level":"info","message":"HTTP Request","method":"GET","service":"leiriadetail-api","status":401,"timestamp":"2026-05-29T17:17:41.253Z","url":"/Bookings?user_id=1"}
{"level":"warn","message":"Token inválido ou expirado","service":"leiriadetail-api","timestamp":"2026-05-29T17:17:47.226Z"}
{"duration":"2ms","ip":"::1","level":"info","message":"HTTP Request","method":"GET","service":"leiriadetail-api","status":401,"timestamp":"2026-05-29T17:17:47.227Z","url":"/Authentication/Role"}
{"level":"warn","message":"Token inválido ou expirado","service":"leiriadetail-api","timestamp":"2026-05-29T17:17:47.233Z"}
{"duration":"2ms","ip":"::1","level":"info","message":"HTTP Request","method":"GET","service":"leiriadetail-api","status":401,"timestamp":"2026-05-29T17:17:47.233Z","url":"/Profile/"}
{"level":"warn","message":"Token inválido ou expirado","service":"leiriadetail-api","timestamp":"2026-05-29T17:17:47.233Z"}
{"duration":"3ms","ip":"::1","level":"info","message":"HTTP Request","method":"GET","service":"leiriadetail-api","status":401,"timestamp":"2026-05-29T17:17:47.234Z","url":"/Bookings?user_id=1"}
{"level":"warn","message":"Token inválido ou expirado","service":"leiriadetail-api","timestamp":"2026-05-29T17:17:47.234Z"}
{"duration":"3ms","ip":"::1","level":"info","message":"HTTP Request","method":"GET","service":"leiriadetail-api","status":401,"timestamp":"2026-05-29T17:17:47.235Z","url":"/Vehicles/List"}
{"level":"warn","message":"Token inválido ou expirado","service":"leiriadetail-api","timestamp":"2026-05-29T17:17:47.244Z"}
{"duration":"12ms","ip":"::1","level":"info","message":"HTTP Request","method":"GET","service":"leiriadetail-api","status":401,"timestamp":"2026-05-29T17:17:47.244Z","url":"/Bookings?user_id=1"}
{"duration":"3ms","ip":"::1","level":"info","message":"HTTP Request","method":"GET","service":"leiriadetail-api","status":200,"timestamp":"2026-05-29T17:18:06.586Z","url":"/Reviews/"}
{"duration":"4ms","ip":"::1","level":"info","message":"HTTP Request","method":"GET","service":"leiriadetail-api","status":200,"timestamp":"2026-05-29T17:18:06.587Z","url":"/Faqs/"}
{"duration":"2ms","ip":"::1","level":"info","message":"HTTP Request","method":"GET","service":"leiriadetail-api","status":200,"timestamp":"2026-05-29T17:18:07.539Z","url":"/Reviews/"}
{"duration":"2ms","ip":"::1","level":"info","message":"HTTP Request","method":"GET","service":"leiriadetail-api","status":200,"timestamp":"2026-05-29T17:18:07.540Z","url":"/Faqs/"}
{"level":"info","message":"Login efetuado","service":"leiriadetail-api","timestamp":"2026-05-29T17:18:17.322Z","userId":1}
{"duration":"66ms","ip":"::1","level":"info","message":"HTTP Request","method":"POST","service":"leiriadetail-api","status":200,"timestamp":"2026-05-29T17:18:17.322Z","url":"/Authentication/Login"}
{"duration":"3ms","ip":"::1","level":"info","message":"HTTP Request","method":"GET","service":"leiriadetail-api","status":200,"timestamp":"2026-05-29T17:18:17.508Z","url":"/Authentication/Role"}
{"duration":"27ms","ip":"::1","level":"info","message":"HTTP Request","method":"GET","service":"leiriadetail-api","status":200,"timestamp":"2026-05-29T17:18:17.693Z","url":"/Dashboard"}
{"duration":"3ms","ip":"::1","level":"info","message":"HTTP Request","method":"GET","service":"leiriadetail-api","status":200,"timestamp":"2026-05-29T17:18:21.254Z","url":"/Profile/"}
{"duration":"2ms","ip":"::1","level":"info","message":"HTTP Request","method":"GET","service":"leiriadetail-api","status":200,"timestamp":"2026-05-29T17:18:26.464Z","url":"/Materials/"}
{"duration":"3ms","ip":"::1","level":"info","message":"HTTP Request","method":"GET","service":"leiriadetail-api","status":200,"timestamp":"2026-05-29T17:18:27.968Z","url":"/Profile/"}
{"duration":"3ms","ip":"::1","level":"info","message":"HTTP Request","method":"GET","service":"leiriadetail-api","status":304,"timestamp":"2026-05-29T17:18:27.971Z","url":"/Authentication/Role"}
{"duration":"2ms","ip":"::1","level":"info","message":"HTTP Request","method":"GET","service":"leiriadetail-api","status":200,"timestamp":"2026-05-29T17:18:27.974Z","url":"/Bookings?user_id=1"}
{"duration":"4ms","ip":"::1","level":"info","message":"HTTP Request","method":"GET","service":"leiriadetail-api","status":200,"timestamp":"2026-05-29T17:18:27.976Z","url":"/Bookings?user_id=1"}
{"duration":"5ms","ip":"::1","level":"info","message":"HTTP Request","method":"GET","service":"leiriadetail-api","status":200,"timestamp":"2026-05-29T17:18:27.977Z","url":"/Vehicles/List"}
{"duration":"18ms","ip":"::1","level":"info","message":"HTTP Request","method":"GET","service":"leiriadetail-api","status":200,"timestamp":"2026-05-29T17:19:17.685Z","url":"/Dashboard"}
{"duration":"18ms","ip":"::1","level":"info","message":"HTTP Request","method":"GET","service":"leiriadetail-api","status":200,"timestamp":"2026-05-29T17:20:17.684Z","url":"/Dashboard"}
{"level":"info","message":"API a correr em development na porta 3001","service":"leiriadetail-api","timestamp":"2026-05-29T17:21:08.295Z"}
{"duration":"42ms","ip":"::1","level":"info","message":"HTTP Request","method":"GET","service":"leiriadetail-api","status":200,"timestamp":"2026-05-29T17:21:17.713Z","url":"/Dashboard"}
{"level":"info","message":"API a correr em development na porta 3001","service":"leiriadetail-api","timestamp":"2026-05-29T17:21:41.895Z"}
{"level":"info","message":"API a correr em development na porta 3001","service":"leiriadetail-api","timestamp":"2026-05-29T17:21:52.169Z"}
{"level":"info","message":"API a correr em development na porta 3001","service":"leiriadetail-api","timestamp":"2026-05-29T17:22:10.829Z"}
{"duration":"45ms","ip":"::1","level":"info","message":"HTTP Request","method":"GET","service":"leiriadetail-api","status":200,"timestamp":"2026-05-29T17:22:17.713Z","url":"/Dashboard"}
{"duration":"20ms","ip":"::1","level":"info","message":"HTTP Request","method":"GET","service":"leiriadetail-api","status":200,"timestamp":"2026-05-29T17:23:17.732Z","url":"/Dashboard"}
{"duration":"14ms","ip":"::1","level":"info","message":"HTTP Request","method":"GET","service":"leiriadetail-api","status":200,"timestamp":"2026-05-29T17:24:07.868Z","url":"/Profile/"}
{"duration":"16ms","ip":"::1","level":"info","message":"HTTP Request","method":"GET","service":"leiriadetail-api","status":200,"timestamp":"2026-05-29T17:24:17.685Z","url":"/Dashboard"}
{"duration":"11ms","ip":"::1","level":"info","message":"HTTP Request","method":"GET","service":"leiriadetail-api","status":200,"timestamp":"2026-05-29T17:25:16.415Z","url":"/Profile/"}
{"level":"info","message":"API a correr em development na porta 3001","service":"leiriadetail-api","timestamp":"2026-05-29T17:25:23.462Z"}
{"duration":"26ms","ip":"::1","level":"info","message":"HTTP Request","method":"GET","service":"leiriadetail-api","status":200,"timestamp":"2026-05-29T17:25:28.335Z","url":"/Profile/"}
{"duration":"12ms","ip":"::1","level":"info","message":"HTTP Request","method":"GET","service":"leiriadetail-api","status":200,"timestamp":"2026-05-29T17:25:28.798Z","url":"/Profile/"}
{"duration":"13ms","ip":"::1","level":"info","message":"HTTP Request","method":"GET","service":"leiriadetail-api","status":200,"timestamp":"2026-05-29T17:25:29.237Z","url":"/Profile/"}
{"duration":"12ms","ip":"::1","level":"info","message":"HTTP Request","method":"GET","service":"leiriadetail-api","status":200,"timestamp":"2026-05-29T17:25:30.321Z","url":"/Holiday"}
{"duration":"4ms","ip":"::1","level":"info","message":"HTTP Request","method":"GET","service":"leiriadetail-api","status":200,"timestamp":"2026-05-29T17:25:31.479Z","url":"/Profile/"}
{"level":"warn","message":"Token inválido ou expirado","service":"leiriadetail-api","timestamp":"2026-05-29T17:29:50.256Z"}
{"duration":"14ms","ip":"::1","level":"info","message":"HTTP Request","method":"GET","service":"leiriadetail-api","status":401,"timestamp":"2026-05-29T17:29:50.258Z","url":"/Profile/"}
{"level":"info","message":"API a correr em development na porta 3001","service":"leiriadetail-api","timestamp":"2026-05-29T17:30:05.136Z"}
{"level":"warn","message":"Token inválido ou expirado","service":"leiriadetail-api","timestamp":"2026-05-29T17:30:23.030Z"}
{"duration":"31ms","ip":"::1","level":"info","message":"HTTP Request","method":"GET","service":"leiriadetail-api","status":401,"timestamp":"2026-05-29T17:30:23.034Z","url":"/Profile/"}
{"level":"warn","message":"Token inválido ou expirado","service":"leiriadetail-api","timestamp":"2026-05-29T17:30:27.940Z"}
{"duration":"3ms","ip":"::1","level":"info","message":"HTTP Request","method":"GET","service":"leiriadetail-api","status":401,"timestamp":"2026-05-29T17:30:27.941Z","url":"/Holiday"}
{"level":"warn","message":"Token inválido ou expirado","service":"leiriadetail-api","timestamp":"2026-05-29T17:30:30.247Z"}
{"duration":"3ms","ip":"::1","level":"info","message":"HTTP Request","method":"GET","service":"leiriadetail-api","status":401,"timestamp":"2026-05-29T17:30:30.248Z","url":"/Profile/"}
{"level":"info","message":"Login efetuado","service":"leiriadetail-api","timestamp":"2026-05-29T17:30:44.208Z","userId":1}
{"duration":"445ms","ip":"::1","level":"info","message":"HTTP Request","method":"POST","service":"leiriadetail-api","status":200,"timestamp":"2026-05-29T17:30:44.209Z","url":"/Authentication/Login"}
{"duration":"5ms","ip":"::1","level":"info","message":"HTTP Request","method":"GET","service":"leiriadetail-api","status":304,"timestamp":"2026-05-29T17:30:44.268Z","url":"/Authentication/Role"}
{"duration":"350ms","ip":"::1","level":"info","message":"HTTP Request","method":"GET","service":"leiriadetail-api","status":200,"timestamp":"2026-05-29T17:30:45.216Z","url":"/Dashboard"}
{"duration":"5ms","ip":"::1","level":"info","message":"HTTP Request","method":"GET","service":"leiriadetail-api","status":200,"timestamp":"2026-05-29T17:30:46.347Z","url":"/Profile/"}
{"duration":"7ms","ip":"::1","level":"info","message":"HTTP Request","method":"GET","service":"leiriadetail-api","status":200,"timestamp":"2026-05-29T17:30:57.672Z","url":"/Holiday"}
{"duration":"5ms","ip":"::1","level":"info","message":"HTTP Request","method":"GET","service":"leiriadetail-api","status":200,"timestamp":"2026-05-29T17:31:00.225Z","url":"/Audit"}
{"duration":"4ms","ip":"::1","level":"info","message":"HTTP Request","method":"GET","service":"leiriadetail-api","status":200,"timestamp":"2026-05-29T17:31:01.234Z","url":"/Staff/"}
{"duration":"4ms","ip":"::1","level":"info","message":"HTTP Request","method":"GET","service":"leiriadetail-api","status":200,"timestamp":"2026-05-29T17:31:02.646Z","url":"/Inventory/"}
{"duration":"5ms","ip":"::1","level":"info","message":"HTTP Request","method":"GET","service":"leiriadetail-api","status":200,"timestamp":"2026-05-29T17:31:02.651Z","url":"/Inventory/alerts"}
{"duration":"7ms","ip":"::1","level":"info","message":"HTTP Request","method":"GET","service":"leiriadetail-api","status":200,"timestamp":"2026-05-29T17:31:03.541Z","url":"/Financial/"}
{"duration":"2ms","ip":"::1","level":"info","message":"HTTP Request","method":"GET","service":"leiriadetail-api","status":200,"timestamp":"2026-05-29T17:31:04.096Z","url":"/Portfolio/categories"}
{"duration":"4ms","ip":"::1","level":"info","message":"HTTP Request","method":"GET","service":"leiriadetail-api","status":200,"timestamp":"2026-05-29T17:31:04.097Z","url":"/Portfolio/"}
{"duration":"2ms","ip":"::1","level":"info","message":"HTTP Request","method":"GET","service":"leiriadetail-api","status":200,"timestamp":"2026-05-29T17:31:04.100Z","url":"/Services/"}
{"duration":"5ms","ip":"::1","level":"info","message":"HTTP Request","method":"GET","service":"leiriadetail-api","status":200,"timestamp":"2026-05-29T17:31:05.391Z","url":"/CRM"}
{"duration":"21ms","ip":"::1","level":"info","message":"HTTP Request","method":"GET","service":"leiriadetail-api","status":200,"timestamp":"2026-05-29T17:31:44.890Z","url":"/Dashboard"}
{"level":"info","message":"API a correr em development na porta 3001","service":"leiriadetail-api","timestamp":"2026-05-29T17:32:44.700Z"}
{"level":"info","message":"API a correr em development na porta 3001","service":"leiriadetail-api","timestamp":"2026-05-29T22:08:10.015Z"}
{"duration":"29ms","ip":"::1","level":"info","message":"HTTP Request","method":"GET","service":"leiriadetail-api","status":200,"timestamp":"2026-05-29T22:08:13.016Z","url":"/Services/"}
{"duration":"26ms","ip":"::1","level":"info","message":"HTTP Request","method":"GET","service":"leiriadetail-api","status":200,"timestamp":"2026-05-29T22:08:17.540Z","url":"/Dashboard"}
{"duration":"5ms","ip":"::1","level":"info","message":"HTTP Request","method":"GET","service":"leiriadetail-api","status":200,"timestamp":"2026-05-29T22:08:19.258Z","url":"/CRM"}
{"duration":"4ms","ip":"::1","level":"info","message":"HTTP Request","method":"GET","service":"leiriadetail-api","status":200,"timestamp":"2026-05-29T22:08:20.147Z","url":"/CRM"}
{"duration":"4ms","ip":"::1","level":"info","message":"HTTP Request","method":"GET","service":"leiriadetail-api","status":200,"timestamp":"2026-05-29T22:08:20.814Z","url":"/CRM"}
{"duration":"20ms","ip":"::1","level":"info","message":"HTTP Request","method":"GET","service":"leiriadetail-api","status":200,"timestamp":"2026-05-29T22:09:17.537Z","url":"/Dashboard"}
{"duration":"21ms","ip":"::1","level":"info","message":"HTTP Request","method":"GET","service":"leiriadetail-api","status":200,"timestamp":"2026-05-29T22:10:17.536Z","url":"/Dashboard"}
{"duration":"19ms","ip":"::1","level":"info","message":"HTTP Request","method":"GET","service":"leiriadetail-api","status":200,"timestamp":"2026-05-29T22:11:17.534Z","url":"/Dashboard"}
{"level":"info","message":"API a correr em development na porta 3001","service":"leiriadetail-api","timestamp":"2026-05-29T22:11:59.992Z"}
{"duration":"28ms","ip":"::1","level":"info","message":"HTTP Request","method":"GET","service":"leiriadetail-api","status":200,"timestamp":"2026-05-29T22:12:01.983Z","url":"/CRM"}
{"duration":"6ms","ip":"::1","level":"info","message":"HTTP Request","method":"GET","service":"leiriadetail-api","status":200,"timestamp":"2026-05-29T22:12:03.947Z","url":"/CRM"}
{"duration":"27ms","ip":"::1","level":"info","message":"HTTP Request","method":"GET","service":"leiriadetail-api","status":200,"timestamp":"2026-05-29T22:12:13.800Z","url":"/Dashboard"}
{"duration":"5ms","ip":"::1","level":"info","message":"HTTP Request","method":"GET","service":"leiriadetail-api","status":200,"timestamp":"2026-05-29T22:12:15.337Z","url":"/CRM"}
{"duration":"20ms","ip":"::1","level":"info","message":"HTTP Request","method":"GET","service":"leiriadetail-api","status":200,"timestamp":"2026-05-29T22:13:13.790Z","url":"/Dashboard"}
{"duration":"3ms","ip":"::1","level":"info","message":"HTTP Request","method":"GET","service":"leiriadetail-api","status":404,"timestamp":"2026-05-29T22:13:22.029Z","url":"/Registos?date=2026-05-29"}
{"duration":"6ms","ip":"::1","level":"info","message":"HTTP Request","method":"GET","service":"leiriadetail-api","status":200,"timestamp":"2026-05-29T22:13:22.032Z","url":"/CRM"}
{"duration":"9ms","ip":"::1","level":"info","message":"HTTP Request","method":"GET","service":"leiriadetail-api","status":200,"timestamp":"2026-05-29T22:13:25.015Z","url":"/Dashboard"}
{"duration":"2ms","ip":"::1","level":"info","message":"HTTP Request","method":"GET","service":"leiriadetail-api","status":404,"timestamp":"2026-05-29T22:13:27.171Z","url":"/Registos?date=2026-05-29"}
{"duration":"5ms","ip":"::1","level":"info","message":"HTTP Request","method":"GET","service":"leiriadetail-api","status":200,"timestamp":"2026-05-29T22:13:27.178Z","url":"/CRM"}
{"level":"info","message":"API a correr em development na porta 3001","service":"leiriadetail-api","timestamp":"2026-05-29T22:14:01.684Z"}
{"level":"info","message":"API a correr em development na porta 3001","service":"leiriadetail-api","timestamp":"2026-05-29T22:14:11.040Z"}
{"level":"info","message":"API a correr em development na porta 3001","service":"leiriadetail-api","timestamp":"2026-05-29T22:14:17.193Z"}
{"duration":"41ms","ip":"::1","level":"info","message":"HTTP Request","method":"GET","service":"leiriadetail-api","status":200,"timestamp":"2026-05-29T22:14:25.097Z","url":"/Dashboard"}
{"level":"info","message":"API a correr em development na porta 3001","service":"leiriadetail-api","timestamp":"2026-05-29T22:15:01.521Z"}
{"level":"info","message":"API a correr em development na porta 3001","service":"leiriadetail-api","timestamp":"2026-05-29T22:15:03.120Z"}
{"level":"info","message":"API a correr em development na porta 3001","service":"leiriadetail-api","timestamp":"2026-05-29T22:15:15.884Z"}
{"duration":"44ms","ip":"::1","level":"info","message":"HTTP Request","method":"GET","service":"leiriadetail-api","status":200,"timestamp":"2026-05-29T22:15:25.058Z","url":"/Dashboard"}
{"level":"info","message":"API a correr em development na porta 3001","service":"leiriadetail-api","timestamp":"2026-05-29T22:16:15.204Z"}
{"level":"info","message":"API a correr em development na porta 3001","service":"leiriadetail-api","timestamp":"2026-05-29T22:16:16.128Z"}
{"duration":"43ms","ip":"::1","level":"info","message":"HTTP Request","method":"GET","service":"leiriadetail-api","status":200,"timestamp":"2026-05-29T22:16:25.056Z","url":"/Dashboard"}
{"duration":"19ms","ip":"::1","level":"info","message":"HTTP Request","method":"GET","service":"leiriadetail-api","status":200,"timestamp":"2026-05-29T22:17:25.030Z","url":"/Dashboard"}
{"duration":"4ms","ip":"::1","level":"info","message":"HTTP Request","method":"GET","service":"leiriadetail-api","status":200,"timestamp":"2026-05-29T22:17:43.278Z","url":"/CRM"}
{"duration":"5ms","ip":"::1","level":"info","message":"HTTP Request","method":"GET","service":"leiriadetail-api","status":200,"timestamp":"2026-05-29T22:17:43.279Z","url":"/Registos?date=2026-05-29"}
{"duration":"4ms","ip":"::1","level":"info","message":"HTTP Request","method":"GET","service":"leiriadetail-api","status":200,"timestamp":"2026-05-29T22:17:46.292Z","url":"/Staff/"}
{"duration":"20ms","ip":"::1","level":"info","message":"HTTP Request","method":"GET","service":"leiriadetail-api","status":200,"timestamp":"2026-05-29T22:18:25.030Z","url":"/Dashboard"}
{"duration":"20ms","ip":"::1","level":"info","message":"HTTP Request","method":"GET","service":"leiriadetail-api","status":200,"timestamp":"2026-05-29T22:19:25.032Z","url":"/Dashboard"}
{"level":"info","message":"API a correr em development na porta 3001","service":"leiriadetail-api","timestamp":"2026-05-29T22:23:09.744Z"}
{"level":"info","message":"API a correr em development na porta 3001","service":"leiriadetail-api","timestamp":"2026-05-29T22:23:24.089Z"}
{"level":"info","message":"API a correr em development na porta 3001","service":"leiriadetail-api","timestamp":"2026-05-29T22:23:53.537Z"}
{"level":"info","message":"API a correr em development na porta 3001","service":"leiriadetail-api","timestamp":"2026-05-29T22:23:55.338Z"}
{"level":"info","message":"API a correr em development na porta 3001","service":"leiriadetail-api","timestamp":"2026-05-29T22:23:58.715Z"}
{"level":"info","message":"API a correr em development na porta 3001","service":"leiriadetail-api","timestamp":"2026-05-29T22:24:25.697Z"}
{"level":"info","message":"API a correr em development na porta 3001","service":"leiriadetail-api","timestamp":"2026-05-29T22:24:36.684Z"}
{"level":"info","message":"API a correr em development na porta 3001","service":"leiriadetail-api","timestamp":"2026-05-29T22:24:43.016Z"}
{"level":"info","message":"API a correr em development na porta 3001","service":"leiriadetail-api","timestamp":"2026-05-29T22:24:50.417Z"}
{"level":"info","message":"API a correr em development na porta 3001","service":"leiriadetail-api","timestamp":"2026-05-29T22:25:26.587Z"}
{"level":"info","message":"API a correr em development na porta 3001","service":"leiriadetail-api","timestamp":"2026-05-29T22:26:16.675Z"}
{"level":"info","message":"API a correr em development na porta 3001","service":"leiriadetail-api","timestamp":"2026-05-29T22:26:17.344Z"}
{"level":"info","message":"API a correr em development na porta 3001","service":"leiriadetail-api","timestamp":"2026-05-29T22:26:21.135Z"}
{"level":"info","message":"API a correr em development na porta 3001","service":"leiriadetail-api","timestamp":"2026-05-29T22:26:35.511Z"}
{"level":"info","message":"API a correr em development na porta 3001","service":"leiriadetail-api","timestamp":"2026-05-29T22:26:48.247Z"}
{"level":"info","message":"API a correr em development na porta 3001","service":"leiriadetail-api","timestamp":"2026-05-29T22:26:50.748Z"}
{"duration":"27ms","ip":"::1","level":"info","message":"HTTP Request","method":"GET","service":"leiriadetail-api","status":200,"timestamp":"2026-05-29T22:26:58.440Z","url":"/Faqs/"}
{"duration":"39ms","ip":"::1","level":"info","message":"HTTP Request","method":"GET","service":"leiriadetail-api","status":200,"timestamp":"2026-05-29T22:26:58.441Z","url":"/Reviews/"}
{"level":"info","message":"API a correr em development na porta 3001","service":"leiriadetail-api","timestamp":"2026-05-29T22:27:10.477Z"}
{"level":"info","message":"Login efetuado","service":"leiriadetail-api","timestamp":"2026-05-29T22:27:38.114Z","userId":1}
{"duration":"88ms","ip":"::1","level":"info","message":"HTTP Request","method":"POST","service":"leiriadetail-api","status":200,"timestamp":"2026-05-29T22:27:38.117Z","url":"/Authentication/Login"}
{"duration":"4ms","ip":"::1","level":"info","message":"HTTP Request","method":"GET","service":"leiriadetail-api","status":304,"timestamp":"2026-05-29T22:27:38.427Z","url":"/Authentication/Role"}
{"duration":"22ms","ip":"::1","level":"info","message":"HTTP Request","method":"GET","service":"leiriadetail-api","status":200,"timestamp":"2026-05-29T22:27:38.830Z","url":"/Dashboard"}
{"duration":"5ms","ip":"::1","level":"info","message":"HTTP Request","method":"GET","service":"leiriadetail-api","status":200,"timestamp":"2026-05-29T22:27:40.516Z","url":"/Registos?date=2026-05-29"}
{"duration":"5ms","ip":"::1","level":"info","message":"HTTP Request","method":"GET","service":"leiriadetail-api","status":200,"timestamp":"2026-05-29T22:27:40.519Z","url":"/CRM"}
{"duration":"4ms","ip":"::1","level":"info","message":"HTTP Request","method":"GET","service":"leiriadetail-api","status":200,"timestamp":"2026-05-29T22:27:45.370Z","url":"/CRM"}
{"duration":"9ms","ip":"::1","level":"info","message":"HTTP Request","method":"GET","service":"leiriadetail-api","status":200,"timestamp":"2026-05-29T22:27:47.692Z","url":"/Registos"}
{"duration":"5ms","ip":"::1","level":"info","message":"HTTP Request","method":"GET","service":"leiriadetail-api","status":200,"timestamp":"2026-05-29T22:27:47.699Z","url":"/Registos/Stats"}
{"duration":"5ms","ip":"::1","level":"info","message":"HTTP Request","method":"GET","service":"leiriadetail-api","status":200,"timestamp":"2026-05-29T22:27:47.700Z","url":"/CRM"}
{"duration":"2ms","ip":"::1","level":"info","message":"HTTP Request","method":"GET","service":"leiriadetail-api","status":200,"timestamp":"2026-05-29T22:27:49.651Z","url":"/Portfolio/categories"}
{"duration":"4ms","ip":"::1","level":"info","message":"HTTP Request","method":"GET","service":"leiriadetail-api","status":200,"timestamp":"2026-05-29T22:27:49.652Z","url":"/Portfolio/"}
{"duration":"4ms","ip":"::1","level":"info","message":"HTTP Request","method":"GET","service":"leiriadetail-api","status":200,"timestamp":"2026-05-29T22:27:49.656Z","url":"/Services/"}
{"duration":"6ms","ip":"::1","level":"info","message":"HTTP Request","method":"GET","service":"leiriadetail-api","status":200,"timestamp":"2026-05-29T22:27:51.401Z","url":"/Financial/"}
{"duration":"4ms","ip":"::1","level":"info","message":"HTTP Request","method":"GET","service":"leiriadetail-api","status":200,"timestamp":"2026-05-29T22:27:53.380Z","url":"/Inventory/"}
{"duration":"4ms","ip":"::1","level":"info","message":"HTTP Request","method":"GET","service":"leiriadetail-api","status":200,"timestamp":"2026-05-29T22:27:53.383Z","url":"/Inventory/alerts"}
{"duration":"5ms","ip":"::1","level":"info","message":"HTTP Request","method":"GET","service":"leiriadetail-api","status":200,"timestamp":"2026-05-29T22:27:54.890Z","url":"/Staff/"}
{"duration":"4ms","ip":"::1","level":"info","message":"HTTP Request","method":"GET","service":"leiriadetail-api","status":200,"timestamp":"2026-05-29T22:27:56.230Z","url":"/Audit"}
{"duration":"5ms","ip":"::1","level":"info","message":"HTTP Request","method":"GET","service":"leiriadetail-api","status":200,"timestamp":"2026-05-29T22:27:58.909Z","url":"/Holiday"}
{"duration":"4ms","ip":"::1","level":"info","message":"HTTP Request","method":"GET","service":"leiriadetail-api","status":200,"timestamp":"2026-05-29T22:28:00.639Z","url":"/Profile/"}
{"duration":"6ms","ip":"::1","level":"info","message":"HTTP Request","method":"GET","service":"leiriadetail-api","status":200,"timestamp":"2026-05-29T22:28:06.846Z","url":"/Dashboard"}
{"duration":"3ms","ip":"::1","level":"info","message":"HTTP Request","method":"GET","service":"leiriadetail-api","status":304,"timestamp":"2026-05-29T22:28:10.865Z","url":"/Authentication/Role"}
{"duration":"2ms","ip":"::1","level":"info","message":"HTTP Request","method":"GET","service":"leiriadetail-api","status":200,"timestamp":"2026-05-29T22:28:10.870Z","url":"/Bookings?user_id=1"}
{"duration":"4ms","ip":"::1","level":"info","message":"HTTP Request","method":"GET","service":"leiriadetail-api","status":200,"timestamp":"2026-05-29T22:28:10.871Z","url":"/Profile/"}
{"duration":"3ms","ip":"::1","level":"info","message":"HTTP Request","method":"GET","service":"leiriadetail-api","status":200,"timestamp":"2026-05-29T22:28:10.871Z","url":"/Vehicles/List"}
{"duration":"12ms","ip":"::1","level":"info","message":"HTTP Request","method":"GET","service":"leiriadetail-api","status":200,"timestamp":"2026-05-29T22:28:10.880Z","url":"/Bookings?user_id=1"}
{"duration":"9ms","ip":"::1","level":"info","message":"HTTP Request","method":"GET","service":"leiriadetail-api","status":200,"timestamp":"2026-05-29T22:28:38.771Z","url":"/Dashboard"}
{"duration":"6ms","ip":"::1","level":"info","message":"HTTP Request","method":"GET","service":"leiriadetail-api","status":200,"timestamp":"2026-05-29T22:29:06.846Z","url":"/Dashboard"}
{"duration":"21ms","ip":"::1","level":"info","message":"HTTP Request","method":"GET","service":"leiriadetail-api","status":200,"timestamp":"2026-05-29T22:29:38.782Z","url":"/Dashboard"}
{"duration":"9ms","ip":"::1","level":"info","message":"HTTP Request","method":"GET","service":"leiriadetail-api","status":200,"timestamp":"2026-05-29T22:30:06.851Z","url":"/Dashboard"}
{"duration":"21ms","ip":"::1","level":"info","message":"HTTP Request","method":"GET","service":"leiriadetail-api","status":200,"timestamp":"2026-05-29T22:30:38.782Z","url":"/Dashboard"}
{"duration":"7ms","ip":"::1","level":"info","message":"HTTP Request","method":"GET","service":"leiriadetail-api","status":200,"timestamp":"2026-05-29T22:31:06.848Z","url":"/Dashboard"}
{"duration":"19ms","ip":"::1","level":"info","message":"HTTP Request","method":"GET","service":"leiriadetail-api","status":200,"timestamp":"2026-05-29T22:31:38.784Z","url":"/Dashboard"}
{"duration":"6ms","ip":"::1","level":"info","message":"HTTP Request","method":"GET","service":"leiriadetail-api","status":200,"timestamp":"2026-05-29T22:32:06.848Z","url":"/Dashboard"}
{"duration":"18ms","ip":"::1","level":"info","message":"HTTP Request","method":"GET","service":"leiriadetail-api","status":200,"timestamp":"2026-05-29T22:32:38.778Z","url":"/Dashboard"}
{"duration":"7ms","ip":"::1","level":"info","message":"HTTP Request","method":"GET","service":"leiriadetail-api","status":200,"timestamp":"2026-05-29T22:33:06.849Z","url":"/Dashboard"}
{"duration":"17ms","ip":"::1","level":"info","message":"HTTP Request","method":"GET","service":"leiriadetail-api","status":200,"timestamp":"2026-05-29T22:33:38.778Z","url":"/Dashboard"}
{"duration":"7ms","ip":"::1","level":"info","message":"HTTP Request","method":"GET","service":"leiriadetail-api","status":200,"timestamp":"2026-05-29T22:34:06.848Z","url":"/Dashboard"}
{"duration":"18ms","ip":"::1","level":"info","message":"HTTP Request","method":"GET","service":"leiriadetail-api","status":200,"timestamp":"2026-05-29T22:34:38.777Z","url":"/Dashboard"}
{"duration":"8ms","ip":"::1","level":"info","message":"HTTP Request","method":"GET","service":"leiriadetail-api","status":200,"timestamp":"2026-05-29T22:35:06.849Z","url":"/Dashboard"}
{"duration":"18ms","ip":"::1","level":"info","message":"HTTP Request","method":"GET","service":"leiriadetail-api","status":200,"timestamp":"2026-05-29T22:35:38.779Z","url":"/Dashboard"}
{"duration":"6ms","ip":"::1","level":"info","message":"HTTP Request","method":"GET","service":"leiriadetail-api","status":200,"timestamp":"2026-05-29T22:36:06.850Z","url":"/Dashboard"}
{"duration":"8ms","ip":"::1","level":"info","message":"HTTP Request","method":"GET","service":"leiriadetail-api","status":200,"timestamp":"2026-05-29T22:36:34.110Z","url":"/Dashboard"}
{"duration":"3ms","ip":"::1","level":"info","message":"HTTP Request","method":"GET","service":"leiriadetail-api","status":200,"timestamp":"2026-05-29T22:36:34.320Z","url":"/Profile/"}
{"duration":"2ms","ip":"::1","level":"info","message":"HTTP Request","method":"GET","service":"leiriadetail-api","status":304,"timestamp":"2026-05-29T22:36:34.324Z","url":"/Authentication/Role"}
{"duration":"2ms","ip":"::1","level":"info","message":"HTTP Request","method":"GET","service":"leiriadetail-api","status":200,"timestamp":"2026-05-29T22:36:34.327Z","url":"/Bookings?user_id=1"}
{"duration":"3ms","ip":"::1","level":"info","message":"HTTP Request","method":"GET","service":"leiriadetail-api","status":200,"timestamp":"2026-05-29T22:36:34.328Z","url":"/Bookings?user_id=1"}
{"duration":"4ms","ip":"::1","level":"info","message":"HTTP Request","method":"GET","service":"leiriadetail-api","status":200,"timestamp":"2026-05-29T22:36:34.329Z","url":"/Vehicles/List"}
{"duration":"17ms","ip":"::1","level":"info","message":"HTTP Request","method":"GET","service":"leiriadetail-api","status":200,"timestamp":"2026-05-29T22:37:34.121Z","url":"/Dashboard"}
{"duration":"19ms","ip":"::1","level":"info","message":"HTTP Request","method":"GET","service":"leiriadetail-api","status":200,"timestamp":"2026-05-29T22:38:34.123Z","url":"/Dashboard"}
{"duration":"17ms","ip":"::1","level":"info","message":"HTTP Request","method":"GET","service":"leiriadetail-api","status":200,"timestamp":"2026-05-29T22:39:34.122Z","url":"/Dashboard"}
{"duration":"20ms","ip":"::1","level":"info","message":"HTTP Request","method":"GET","service":"leiriadetail-api","status":200,"timestamp":"2026-05-29T22:40:34.124Z","url":"/Dashboard"}
{"duration":"18ms","ip":"::1","level":"info","message":"HTTP Request","method":"GET","service":"leiriadetail-api","status":200,"timestamp":"2026-05-29T22:41:34.121Z","url":"/Dashboard"}
{"duration":"30ms","ip":"::1","level":"info","message":"HTTP Request","method":"GET","service":"leiriadetail-api","status":200,"timestamp":"2026-05-29T22:42:34.134Z","url":"/Dashboard"}
{"duration":"17ms","ip":"::1","level":"info","message":"HTTP Request","method":"GET","service":"leiriadetail-api","status":200,"timestamp":"2026-05-29T22:43:34.121Z","url":"/Dashboard"}
{"duration":"18ms","ip":"::1","level":"info","message":"HTTP Request","method":"GET","service":"leiriadetail-api","status":200,"timestamp":"2026-05-29T22:44:34.121Z","url":"/Dashboard"}
{"duration":"19ms","ip":"::1","level":"info","message":"HTTP Request","method":"GET","service":"leiriadetail-api","status":200,"timestamp":"2026-05-29T22:45:34.123Z","url":"/Dashboard"}
{"duration":"20ms","ip":"::1","level":"info","message":"HTTP Request","method":"GET","service":"leiriadetail-api","status":200,"timestamp":"2026-05-29T22:46:34.123Z","url":"/Dashboard"}
{"duration":"18ms","ip":"::1","level":"info","message":"HTTP Request","method":"GET","service":"leiriadetail-api","status":200,"timestamp":"2026-05-29T22:47:34.121Z","url":"/Dashboard"}
{"duration":"19ms","ip":"::1","level":"info","message":"HTTP Request","method":"GET","service":"leiriadetail-api","status":200,"timestamp":"2026-05-29T22:48:34.123Z","url":"/Dashboard"}
{"duration":"19ms","ip":"::1","level":"info","message":"HTTP Request","method":"GET","service":"leiriadetail-api","status":200,"timestamp":"2026-05-29T22:49:34.122Z","url":"/Dashboard"}
{"duration":"17ms","ip":"::1","level":"info","message":"HTTP Request","method":"GET","service":"leiriadetail-api","status":200,"timestamp":"2026-05-29T22:50:34.121Z","url":"/Dashboard"}
{"duration":"22ms","ip":"::1","level":"info","message":"HTTP Request","method":"GET","service":"leiriadetail-api","status":200,"timestamp":"2026-05-29T22:51:34.126Z","url":"/Dashboard"}
{"duration":"18ms","ip":"::1","level":"info","message":"HTTP Request","method":"GET","service":"leiriadetail-api","status":200,"timestamp":"2026-05-29T22:52:34.122Z","url":"/Dashboard"}
{"duration":"17ms","ip":"::1","level":"info","message":"HTTP Request","method":"GET","service":"leiriadetail-api","status":200,"timestamp":"2026-05-29T22:53:34.120Z","url":"/Dashboard"}
{"duration":"16ms","ip":"::1","level":"info","message":"HTTP Request","method":"GET","service":"leiriadetail-api","status":200,"timestamp":"2026-05-29T22:54:34.120Z","url":"/Dashboard"}
{"level":"info","message":"API a correr em development na porta 3001","service":"leiriadetail-api","timestamp":"2026-05-29T22:55:29.134Z"}
{"duration":"49ms","ip":"::1","level":"info","message":"HTTP Request","method":"GET","service":"leiriadetail-api","status":200,"timestamp":"2026-05-29T22:55:34.199Z","url":"/Dashboard"}
{"level":"info","message":"API a correr em development na porta 3001","service":"leiriadetail-api","timestamp":"2026-05-30T00:18:17.903Z"}
{"level":"info","message":"API a correr em development na porta 3001","service":"leiriadetail-api","timestamp":"2026-05-30T00:30:37.801Z"}
{"level":"info","message":"API a correr em development na porta 3001","service":"leiriadetail-api","timestamp":"2026-05-30T13:36:24.435Z"}
{"level":"warn","message":"Tentativa de autenticação sem sessionKey","service":"leiriadetail-api","timestamp":"2026-05-30T13:36:40.163Z"}
{"duration":"3ms","ip":"::1","level":"info","message":"HTTP Request","method":"GET","service":"leiriadetail-api","status":401,"timestamp":"2026-05-30T13:36:40.165Z","url":"/Profile/"}
{"level":"warn","message":"Tentativa de autenticação sem sessionKey","service":"leiriadetail-api","timestamp":"2026-05-30T13:36:40.166Z"}
{"duration":"0ms","ip":"::1","level":"info","message":"HTTP Request","method":"GET","service":"leiriadetail-api","status":401,"timestamp":"2026-05-30T13:36:40.167Z","url":"/Vehicles/List"}
{"level":"warn","message":"Tentativa de autenticação sem sessionKey","service":"leiriadetail-api","timestamp":"2026-05-30T13:36:41.844Z"}
{"duration":"1ms","ip":"::1","level":"info","message":"HTTP Request","method":"GET","service":"leiriadetail-api","status":401,"timestamp":"2026-05-30T13:36:41.845Z","url":"/Profile/"}
{"level":"warn","message":"Tentativa de autenticação sem sessionKey","service":"leiriadetail-api","timestamp":"2026-05-30T13:36:41.845Z"}
{"duration":"1ms","ip":"::1","level":"info","message":"HTTP Request","method":"GET","service":"leiriadetail-api","status":401,"timestamp":"2026-05-30T13:36:41.846Z","url":"/Vehicles/List"}
{"duration":"13ms","ip":"::1","level":"info","message":"HTTP Request","method":"GET","service":"leiriadetail-api","status":200,"timestamp":"2026-05-30T13:37:37.276Z","url":"/Reviews/"}
{"duration":"5ms","ip":"::1","level":"info","message":"HTTP Request","method":"GET","service":"leiriadetail-api","status":200,"timestamp":"2026-05-30T13:37:37.277Z","url":"/Faqs/"}
{"duration":"5ms","ip":"::1","level":"info","message":"HTTP Request","method":"GET","service":"leiriadetail-api","status":200,"timestamp":"2026-05-30T13:37:44.199Z","url":"/Reviews/"}
{"duration":"5ms","ip":"::1","level":"info","message":"HTTP Request","method":"GET","service":"leiriadetail-api","status":200,"timestamp":"2026-05-30T13:37:44.200Z","url":"/Faqs/"}
{"duration":"2ms","ip":"::1","level":"info","message":"HTTP Request","method":"GET","service":"leiriadetail-api","status":200,"timestamp":"2026-05-30T13:39:32.959Z","url":"/Reviews/"}
{"duration":"3ms","ip":"::1","level":"info","message":"HTTP Request","method":"GET","service":"leiriadetail-api","status":200,"timestamp":"2026-05-30T13:39:32.960Z","url":"/Faqs/"}
{"duration":"3ms","ip":"::1","level":"info","message":"HTTP Request","method":"GET","service":"leiriadetail-api","status":200,"timestamp":"2026-05-30T13:39:46.881Z","url":"/Reviews/"}
{"duration":"2ms","ip":"::1","level":"info","message":"HTTP Request","method":"GET","service":"leiriadetail-api","status":200,"timestamp":"2026-05-30T13:39:46.882Z","url":"/Faqs/"}
{"level":"info","message":"API a correr em development na porta 3001","service":"leiriadetail-api","timestamp":"2026-05-30T13:39:52.115Z"}
{"level":"info","message":"API a correr em development na porta 3001","service":"leiriadetail-api","timestamp":"2026-05-30T13:48:35.758Z"}
{"level":"info","message":"API a correr em development na porta 3001","service":"leiriadetail-api","timestamp":"2026-05-30T13:48:38.489Z"}
{"level":"info","message":"API a correr em development na porta 3001","service":"leiriadetail-api","timestamp":"2026-05-30T13:51:20.869Z"}
{"level":"info","message":"API a correr em development na porta 3001","service":"leiriadetail-api","timestamp":"2026-05-30T13:53:48.902Z"}
{"level":"info","message":"API a correr em development na porta 3001","service":"leiriadetail-api","timestamp":"2026-05-30T21:43:35.984Z"}
{"duration":"27ms","ip":"::1","level":"info","message":"HTTP Request","method":"GET","service":"leiriadetail-api","status":200,"timestamp":"2026-05-30T21:43:43.275Z","url":"/Faqs/"}
{"duration":"35ms","ip":"::1","level":"info","message":"HTTP Request","method":"GET","service":"leiriadetail-api","status":200,"timestamp":"2026-05-30T21:43:43.277Z","url":"/Reviews/"}
{"duration":"12ms","ip":"::1","level":"info","message":"HTTP Request","method":"GET","service":"leiriadetail-api","status":200,"timestamp":"2026-05-30T21:44:31.792Z","url":"/Reviews/"}
{"duration":"12ms","ip":"::1","level":"info","message":"HTTP Request","method":"GET","service":"leiriadetail-api","status":200,"timestamp":"2026-05-30T21:44:31.794Z","url":"/Faqs/"}
{"duration":"10ms","ip":"::1","level":"info","message":"HTTP Request","method":"GET","service":"leiriadetail-api","status":200,"timestamp":"2026-05-30T21:44:32.144Z","url":"/Services/"}
{"duration":"9ms","ip":"::1","level":"info","message":"HTTP Request","method":"GET","service":"leiriadetail-api","status":200,"timestamp":"2026-05-30T21:44:37.383Z","url":"/Services/"}
{"duration":"17ms","ip":"::1","level":"info","message":"HTTP Request","method":"GET","service":"leiriadetail-api","status":200,"timestamp":"2026-05-30T21:44:39.039Z","url":"/Portfolio/"}
{"duration":"18ms","ip":"::1","level":"info","message":"HTTP Request","method":"GET","service":"leiriadetail-api","status":200,"timestamp":"2026-05-30T21:44:39.043Z","url":"/Portfolio/categories"}
{"duration":"18ms","ip":"::1","level":"info","message":"HTTP Request","method":"GET","service":"leiriadetail-api","status":200,"timestamp":"2026-05-30T21:44:39.045Z","url":"/Services/"}
{"duration":"12ms","ip":"::1","level":"info","message":"HTTP Request","method":"GET","service":"leiriadetail-api","status":200,"timestamp":"2026-05-30T21:44:43.719Z","url":"/Materials/"}
{"duration":"9ms","ip":"::1","level":"info","message":"HTTP Request","method":"GET","service":"leiriadetail-api","status":200,"timestamp":"2026-05-30T21:44:45.206Z","url":"/Faqs/"}
{"duration":"12ms","ip":"::1","level":"info","message":"HTTP Request","method":"GET","service":"leiriadetail-api","status":200,"timestamp":"2026-05-30T21:44:54.769Z","url":"/Reviews/"}
{"duration":"14ms","ip":"::1","level":"info","message":"HTTP Request","method":"GET","service":"leiriadetail-api","status":200,"timestamp":"2026-05-30T21:44:54.774Z","url":"/Faqs/"}
{"duration":"10ms","ip":"::1","level":"info","message":"HTTP Request","method":"GET","service":"leiriadetail-api","status":200,"timestamp":"2026-05-30T21:44:55.169Z","url":"/Services/"}
{"duration":"17ms","ip":"::1","level":"info","message":"HTTP Request","method":"GET","service":"leiriadetail-api","status":200,"timestamp":"2026-05-30T21:49:28.503Z","url":"/Faqs/"}
{"duration":"17ms","ip":"::1","level":"info","message":"HTTP Request","method":"GET","service":"leiriadetail-api","status":200,"timestamp":"2026-05-30T21:49:28.503Z","url":"/Reviews/"}
{"duration":"4ms","ip":"::1","level":"info","message":"HTTP Request","method":"GET","service":"leiriadetail-api","status":200,"timestamp":"2026-05-30T21:49:29.783Z","url":"/Reviews/"}
{"duration":"4ms","ip":"::1","level":"info","message":"HTTP Request","method":"GET","service":"leiriadetail-api","status":200,"timestamp":"2026-05-30T21:49:29.784Z","url":"/Faqs/"}
{"level":"info","message":"Login efetuado","service":"leiriadetail-api","timestamp":"2026-05-30T21:49:38.061Z","userId":1}
{"duration":"86ms","ip":"::1","level":"info","message":"HTTP Request","method":"POST","service":"leiriadetail-api","status":200,"timestamp":"2026-05-30T21:49:38.062Z","url":"/Authentication/Login"}
{"duration":"4ms","ip":"::1","level":"info","message":"HTTP Request","method":"GET","service":"leiriadetail-api","status":304,"timestamp":"2026-05-30T21:49:38.072Z","url":"/Authentication/Role"}
{"duration":"36ms","ip":"::1","level":"info","message":"HTTP Request","method":"GET","service":"leiriadetail-api","status":200,"timestamp":"2026-05-30T21:49:38.234Z","url":"/Dashboard"}
{"duration":"5ms","ip":"::1","level":"info","message":"HTTP Request","method":"GET","service":"leiriadetail-api","status":200,"timestamp":"2026-05-30T21:49:55.210Z","url":"/CRM"}
{"duration":"9ms","ip":"::1","level":"info","message":"HTTP Request","method":"GET","service":"leiriadetail-api","status":200,"timestamp":"2026-05-30T21:49:55.213Z","url":"/Registos?date=2026-05-30"}
{"duration":"5ms","ip":"::1","level":"info","message":"HTTP Request","method":"GET","service":"leiriadetail-api","status":200,"timestamp":"2026-05-30T21:50:08.395Z","url":"/CRM"}
{"duration":"2ms","ip":"::1","level":"info","message":"HTTP Request","method":"GET","service":"leiriadetail-api","status":200,"timestamp":"2026-05-30T21:50:16.116Z","url":"/Services/"}
{"duration":"6ms","ip":"::1","level":"info","message":"HTTP Request","method":"GET","service":"leiriadetail-api","status":200,"timestamp":"2026-05-30T21:50:18.332Z","url":"/Registos"}
{"duration":"5ms","ip":"::1","level":"info","message":"HTTP Request","method":"GET","service":"leiriadetail-api","status":200,"timestamp":"2026-05-30T21:50:18.343Z","url":"/Registos/Stats"}
{"duration":"5ms","ip":"::1","level":"info","message":"HTTP Request","method":"GET","service":"leiriadetail-api","status":200,"timestamp":"2026-05-30T21:50:18.344Z","url":"/CRM"}
{"duration":"3ms","ip":"::1","level":"info","message":"HTTP Request","method":"GET","service":"leiriadetail-api","status":200,"timestamp":"2026-05-30T21:50:19.995Z","url":"/Portfolio/categories"}
{"duration":"7ms","ip":"::1","level":"info","message":"HTTP Request","method":"GET","service":"leiriadetail-api","status":200,"timestamp":"2026-05-30T21:50:19.998Z","url":"/Portfolio/"}
{"duration":"14ms","ip":"::1","level":"info","message":"HTTP Request","method":"GET","service":"leiriadetail-api","status":200,"timestamp":"2026-05-30T21:50:20.007Z","url":"/Services/"}
{"duration":"13ms","ip":"::1","level":"info","message":"HTTP Request","method":"GET","service":"leiriadetail-api","status":200,"timestamp":"2026-05-30T21:50:26.627Z","url":"/Financial/"}
{"duration":"7ms","ip":"::1","level":"info","message":"HTTP Request","method":"GET","service":"leiriadetail-api","status":200,"timestamp":"2026-05-30T21:50:33.031Z","url":"/Inventory/"}
{"duration":"8ms","ip":"::1","level":"info","message":"HTTP Request","method":"GET","service":"leiriadetail-api","status":200,"timestamp":"2026-05-30T21:50:33.032Z","url":"/Inventory/alerts"}
{"duration":"7ms","ip":"::1","level":"info","message":"HTTP Request","method":"GET","service":"leiriadetail-api","status":200,"timestamp":"2026-05-30T21:50:38.203Z","url":"/Dashboard"}
{"duration":"8ms","ip":"::1","level":"info","message":"HTTP Request","method":"POST","service":"leiriadetail-api","status":201,"timestamp":"2026-05-30T21:50:44.974Z","url":"/Inventory/"}
{"duration":"5ms","ip":"::1","level":"info","message":"HTTP Request","method":"GET","service":"leiriadetail-api","status":200,"timestamp":"2026-05-30T21:50:44.983Z","url":"/Inventory/"}
{"duration":"4ms","ip":"::1","level":"info","message":"HTTP Request","method":"GET","service":"leiriadetail-api","status":200,"timestamp":"2026-05-30T21:50:44.986Z","url":"/Inventory/alerts"}
{"duration":"5ms","ip":"::1","level":"info","message":"HTTP Request","method":"GET","service":"leiriadetail-api","status":200,"timestamp":"2026-05-30T21:50:48.043Z","url":"/Staff/"}
{"duration":"4ms","ip":"::1","level":"info","message":"HTTP Request","method":"GET","service":"leiriadetail-api","status":200,"timestamp":"2026-05-30T21:50:52.829Z","url":"/Audit"}
{"duration":"4ms","ip":"::1","level":"info","message":"HTTP Request","method":"GET","service":"leiriadetail-api","status":200,"timestamp":"2026-05-30T21:50:54.704Z","url":"/Holiday"}
{"duration":"3ms","ip":"::1","level":"info","message":"HTTP Request","method":"GET","service":"leiriadetail-api","status":200,"timestamp":"2026-05-30T21:50:56.937Z","url":"/Profile/"}
{"duration":"3ms","ip":"::1","level":"info","message":"HTTP Request","method":"GET","service":"leiriadetail-api","status":200,"timestamp":"2026-05-30T21:51:03.982Z","url":"/Reviews/"}
{"duration":"3ms","ip":"::1","level":"info","message":"HTTP Request","method":"GET","service":"leiriadetail-api","status":200,"timestamp":"2026-05-30T21:51:03.983Z","url":"/Faqs/"}
{"duration":"3ms","ip":"::1","level":"info","message":"HTTP Request","method":"GET","service":"leiriadetail-api","status":200,"timestamp":"2026-05-30T21:51:16.194Z","url":"/Reviews/"}
{"duration":"3ms","ip":"::1","level":"info","message":"HTTP Request","method":"GET","service":"leiriadetail-api","status":200,"timestamp":"2026-05-30T21:51:16.196Z","url":"/Faqs/"}
{"duration":"4ms","ip":"::1","level":"info","message":"HTTP Request","method":"GET","service":"leiriadetail-api","status":200,"timestamp":"2026-05-30T21:51:17.576Z","url":"/Vehicles/List"}
{"duration":"3ms","ip":"::1","level":"info","message":"HTTP Request","method":"GET","service":"leiriadetail-api","status":200,"timestamp":"2026-05-30T21:51:20.164Z","url":"/Profile/"}
{"duration":"3ms","ip":"::1","level":"info","message":"HTTP Request","method":"GET","service":"leiriadetail-api","status":304,"timestamp":"2026-05-30T21:51:20.167Z","url":"/Authentication/Role"}
{"duration":"4ms","ip":"::1","level":"info","message":"HTTP Request","method":"GET","service":"leiriadetail-api","status":200,"timestamp":"2026-05-30T21:51:20.180Z","url":"/Bookings?user_id=1"}
{"duration":"6ms","ip":"::1","level":"info","message":"HTTP Request","method":"GET","service":"leiriadetail-api","status":200,"timestamp":"2026-05-30T21:51:20.182Z","url":"/Vehicles/List"}
{"duration":"15ms","ip":"::1","level":"info","message":"HTTP Request","method":"GET","service":"leiriadetail-api","status":200,"timestamp":"2026-05-30T21:51:20.191Z","url":"/Bookings?user_id=1"}
{"duration":"2ms","ip":"::1","level":"info","message":"HTTP Request","method":"GET","service":"leiriadetail-api","status":200,"timestamp":"2026-05-30T21:51:29.208Z","url":"/Faqs/"}
{"duration":"5ms","ip":"::1","level":"info","message":"HTTP Request","method":"GET","service":"leiriadetail-api","status":200,"timestamp":"2026-05-30T21:51:29.209Z","url":"/Reviews/"}
{"duration":"2ms","ip":"::1","level":"info","message":"HTTP Request","method":"GET","service":"leiriadetail-api","status":200,"timestamp":"2026-05-30T21:51:31.017Z","url":"/Services/"}
{"duration":"2ms","ip":"::1","level":"info","message":"HTTP Request","method":"GET","service":"leiriadetail-api","status":200,"timestamp":"2026-05-30T21:51:33.193Z","url":"/Reviews/"}
{"duration":"2ms","ip":"::1","level":"info","message":"HTTP Request","method":"GET","service":"leiriadetail-api","status":200,"timestamp":"2026-05-30T21:51:33.196Z","url":"/Faqs/"}
{"duration":"4ms","ip":"::1","level":"info","message":"HTTP Request","method":"GET","service":"leiriadetail-api","status":200,"timestamp":"2026-05-30T21:51:37.678Z","url":"/Vehicles/List"}
{"duration":"2ms","ip":"::1","level":"info","message":"HTTP Request","method":"GET","service":"leiriadetail-api","status":200,"timestamp":"2026-05-30T21:51:38.590Z","url":"/Reviews/"}
{"duration":"2ms","ip":"::1","level":"info","message":"HTTP Request","method":"GET","service":"leiriadetail-api","status":200,"timestamp":"2026-05-30T21:51:38.594Z","url":"/Faqs/"}
{"duration":"11ms","ip":"::1","level":"info","message":"HTTP Request","method":"GET","service":"leiriadetail-api","status":200,"timestamp":"2026-05-30T21:52:16.183Z","url":"/Services/"}
{"duration":"2ms","ip":"::1","level":"info","message":"HTTP Request","method":"GET","service":"leiriadetail-api","status":200,"timestamp":"2026-05-30T21:52:20.067Z","url":"/Services/"}
{"duration":"5ms","ip":"::1","level":"info","message":"HTTP Request","method":"GET","service":"leiriadetail-api","status":200,"timestamp":"2026-05-30T21:52:21.011Z","url":"/Portfolio/"}
{"duration":"3ms","ip":"::1","level":"info","message":"HTTP Request","method":"GET","service":"leiriadetail-api","status":200,"timestamp":"2026-05-30T21:52:21.016Z","url":"/Portfolio/categories"}
{"duration":"11ms","ip":"::1","level":"info","message":"HTTP Request","method":"GET","service":"leiriadetail-api","status":200,"timestamp":"2026-05-30T21:52:21.025Z","url":"/Services/"}
{"duration":"4ms","ip":"::1","level":"info","message":"HTTP Request","method":"GET","service":"leiriadetail-api","status":200,"timestamp":"2026-05-30T21:52:24.316Z","url":"/Materials/"}
{"duration":"2ms","ip":"::1","level":"info","message":"HTTP Request","method":"GET","service":"leiriadetail-api","status":200,"timestamp":"2026-05-30T21:52:26.362Z","url":"/Faqs/"}
{"duration":"4ms","ip":"::1","level":"info","message":"HTTP Request","method":"GET","service":"leiriadetail-api","status":304,"timestamp":"2026-05-30T21:52:35.617Z","url":"/Authentication/Role"}
{"duration":"4ms","ip":"::1","level":"info","message":"HTTP Request","method":"GET","service":"leiriadetail-api","status":200,"timestamp":"2026-05-30T21:52:35.623Z","url":"/Profile/"}
{"duration":"6ms","ip":"::1","level":"info","message":"HTTP Request","method":"GET","service":"leiriadetail-api","status":200,"timestamp":"2026-05-30T21:52:35.630Z","url":"/Bookings?user_id=1"}
{"duration":"6ms","ip":"::1","level":"info","message":"HTTP Request","method":"GET","service":"leiriadetail-api","status":200,"timestamp":"2026-05-30T21:52:35.631Z","url":"/Vehicles/List"}
{"duration":"14ms","ip":"::1","level":"info","message":"HTTP Request","method":"GET","service":"leiriadetail-api","status":200,"timestamp":"2026-05-30T21:52:35.641Z","url":"/Bookings?user_id=1"}
{"duration":"3ms","ip":"::1","level":"info","message":"HTTP Request","method":"GET","service":"leiriadetail-api","status":200,"timestamp":"2026-05-30T21:52:46.368Z","url":"/Faqs/"}
{"duration":"4ms","ip":"::1","level":"info","message":"HTTP Request","method":"GET","service":"leiriadetail-api","status":200,"timestamp":"2026-05-30T21:52:46.369Z","url":"/Reviews/"}
{"duration":"17ms","ip":"::1","level":"info","message":"HTTP Request","method":"GET","service":"leiriadetail-api","status":200,"timestamp":"2026-05-30T21:53:56.066Z","url":"/Profile/"}
{"duration":"14ms","ip":"::1","level":"info","message":"HTTP Request","method":"GET","service":"leiriadetail-api","status":200,"timestamp":"2026-05-30T21:53:56.068Z","url":"/Bookings?user_id=1"}
{"duration":"14ms","ip":"::1","level":"info","message":"HTTP Request","method":"GET","service":"leiriadetail-api","status":200,"timestamp":"2026-05-30T21:53:56.069Z","url":"/Vehicles/List"}
{"duration":"15ms","ip":"::1","level":"info","message":"HTTP Request","method":"GET","service":"leiriadetail-api","status":200,"timestamp":"2026-05-30T21:53:56.071Z","url":"/Bookings?user_id=1"}
{"duration":"3ms","ip":"::1","level":"info","message":"HTTP Request","method":"GET","service":"leiriadetail-api","status":304,"timestamp":"2026-05-30T21:53:56.341Z","url":"/Authentication/Role"}
{"duration":"2ms","ip":"::1","level":"info","message":"HTTP Request","method":"GET","service":"leiriadetail-api","status":200,"timestamp":"2026-05-30T21:53:56.940Z","url":"/Faqs/"}
{"duration":"4ms","ip":"::1","level":"info","message":"HTTP Request","method":"GET","service":"leiriadetail-api","status":200,"timestamp":"2026-05-30T21:53:56.941Z","url":"/Reviews/"}
{"duration":"13ms","ip":"::1","level":"info","message":"HTTP Request","method":"GET","service":"leiriadetail-api","status":200,"timestamp":"2026-05-30T21:54:57.509Z","url":"/Reviews/"}
{"duration":"12ms","ip":"::1","level":"info","message":"HTTP Request","method":"GET","service":"leiriadetail-api","status":200,"timestamp":"2026-05-30T21:54:57.510Z","url":"/Faqs/"}
{"duration":"3ms","ip":"::1","level":"info","message":"HTTP Request","method":"GET","service":"leiriadetail-api","status":200,"timestamp":"2026-05-30T21:55:05.775Z","url":"/Services/"}
{"duration":"2ms","ip":"::1","level":"info","message":"HTTP Request","method":"GET","service":"leiriadetail-api","status":200,"timestamp":"2026-05-30T21:55:06.193Z","url":"/Reviews/"}
{"duration":"2ms","ip":"::1","level":"info","message":"HTTP Request","method":"GET","service":"leiriadetail-api","status":200,"timestamp":"2026-05-30T21:55:06.195Z","url":"/Faqs/"}
{"level":"info","message":"API a correr em development na porta 3001","service":"leiriadetail-api","timestamp":"2026-05-30T22:18:56.498Z"}
{"duration":"18ms","ip":"::1","level":"info","message":"HTTP Request","method":"GET","service":"leiriadetail-api","status":200,"timestamp":"2026-05-30T22:19:30.402Z","url":"/Faqs/"}
{"duration":"25ms","ip":"::1","level":"info","message":"HTTP Request","method":"GET","service":"leiriadetail-api","status":200,"timestamp":"2026-05-30T22:19:30.402Z","url":"/Reviews/"}
{"duration":"3ms","ip":"::1","level":"info","message":"HTTP Request","method":"GET","service":"leiriadetail-api","status":200,"timestamp":"2026-05-30T22:19:32.043Z","url":"/Reviews/"}
{"duration":"3ms","ip":"::1","level":"info","message":"HTTP Request","method":"GET","service":"leiriadetail-api","status":200,"timestamp":"2026-05-30T22:19:32.044Z","url":"/Faqs/"}
{"duration":"11ms","ip":"::1","level":"info","message":"HTTP Request","method":"GET","service":"leiriadetail-api","status":200,"timestamp":"2026-05-30T22:22:50.348Z","url":"/Faqs/"}
{"duration":"12ms","ip":"::1","level":"info","message":"HTTP Request","method":"GET","service":"leiriadetail-api","status":200,"timestamp":"2026-05-30T22:22:50.349Z","url":"/Reviews/"}
{"level":"info","message":"API a correr em development na porta 3001","service":"leiriadetail-api","timestamp":"2026-05-31T14:16:59.415Z"}
{"level":"info","message":"API a correr em development na porta 3001","service":"leiriadetail-api","timestamp":"2026-05-31T14:30:56.377Z"}
{"level":"info","message":"API a correr em development na porta 3001","service":"leiriadetail-api","timestamp":"2026-05-31T14:36:34.749Z"}
{"level":"info","message":"API a correr em development na porta 3001","service":"leiriadetail-api","timestamp":"2026-05-31T14:36:47.008Z"}
{"level":"info","message":"API a correr em development na porta 3001","service":"leiriadetail-api","timestamp":"2026-05-31T14:37:05.052Z"}
{"level":"info","message":"Login efetuado","service":"leiriadetail-api","timestamp":"2026-05-31T14:37:27.128Z","userId":1}
{"duration":"91ms","ip":"::1","level":"info","message":"HTTP Request","method":"POST","service":"leiriadetail-api","status":200,"timestamp":"2026-05-31T14:37:27.131Z","url":"/Authentication/Login"}
{"duration":"4ms","ip":"::1","level":"info","message":"HTTP Request","method":"GET","service":"leiriadetail-api","status":304,"timestamp":"2026-05-31T14:37:27.139Z","url":"/Authentication/Role"}
{"duration":"24ms","ip":"::1","level":"info","message":"HTTP Request","method":"GET","service":"leiriadetail-api","status":200,"timestamp":"2026-05-31T14:37:27.321Z","url":"/Dashboard"}
{"duration":"28ms","ip":"::1","level":"info","message":"HTTP Request","method":"GET","service":"leiriadetail-api","status":200,"timestamp":"2026-05-31T14:38:27.277Z","url":"/Dashboard"}
{"duration":"24ms","ip":"::1","level":"info","message":"HTTP Request","method":"GET","service":"leiriadetail-api","status":200,"timestamp":"2026-05-31T14:39:27.272Z","url":"/Dashboard"}
{"duration":"27ms","ip":"::1","level":"info","message":"HTTP Request","method":"GET","service":"leiriadetail-api","status":200,"timestamp":"2026-05-31T14:40:27.276Z","url":"/Dashboard"}
{"duration":"23ms","ip":"::1","level":"info","message":"HTTP Request","method":"GET","service":"leiriadetail-api","status":200,"timestamp":"2026-05-31T14:41:27.269Z","url":"/Dashboard"}
{"duration":"23ms","ip":"::1","level":"info","message":"HTTP Request","method":"GET","service":"leiriadetail-api","status":200,"timestamp":"2026-05-31T14:42:27.271Z","url":"/Dashboard"}
{"duration":"22ms","ip":"::1","level":"info","message":"HTTP Request","method":"GET","service":"leiriadetail-api","status":200,"timestamp":"2026-05-31T14:43:27.269Z","url":"/Dashboard"}
{"duration":"23ms","ip":"::1","level":"info","message":"HTTP Request","method":"GET","service":"leiriadetail-api","status":200,"timestamp":"2026-05-31T14:44:27.270Z","url":"/Dashboard"}
{"duration":"21ms","ip":"::1","level":"info","message":"HTTP Request","method":"GET","service":"leiriadetail-api","status":200,"timestamp":"2026-05-31T14:45:27.267Z","url":"/Dashboard"}
{"duration":"22ms","ip":"::1","level":"info","message":"HTTP Request","method":"GET","service":"leiriadetail-api","status":200,"timestamp":"2026-05-31T14:46:27.269Z","url":"/Dashboard"}
{"duration":"30ms","ip":"::1","level":"info","message":"HTTP Request","method":"GET","service":"leiriadetail-api","status":200,"timestamp":"2026-05-31T14:47:27.280Z","url":"/Dashboard"}
{"duration":"20ms","ip":"::1","level":"info","message":"HTTP Request","method":"GET","service":"leiriadetail-api","status":200,"timestamp":"2026-05-31T14:48:27.267Z","url":"/Dashboard"}
{"duration":"5ms","ip":"::1","level":"info","message":"HTTP Request","method":"GET","service":"leiriadetail-api","status":304,"timestamp":"2026-05-31T14:48:57.229Z","url":"/Authentication/Role"}
{"duration":"4ms","ip":"::1","level":"info","message":"HTTP Request","method":"GET","service":"leiriadetail-api","status":200,"timestamp":"2026-05-31T14:48:57.230Z","url":"/Profile/"}
{"duration":"3ms","ip":"::1","level":"info","message":"HTTP Request","method":"GET","service":"leiriadetail-api","status":200,"timestamp":"2026-05-31T14:48:57.239Z","url":"/Bookings?user_id=1"}
{"duration":"5ms","ip":"::1","level":"info","message":"HTTP Request","method":"GET","service":"leiriadetail-api","status":200,"timestamp":"2026-05-31T14:48:57.240Z","url":"/Vehicles/List"}
{"duration":"5ms","ip":"::1","level":"info","message":"HTTP Request","method":"GET","service":"leiriadetail-api","status":200,"timestamp":"2026-05-31T14:48:57.240Z","url":"/Bookings?user_id=1"}
{"duration":"21ms","ip":"::1","level":"info","message":"HTTP Request","method":"GET","service":"leiriadetail-api","status":200,"timestamp":"2026-05-31T14:49:28.158Z","url":"/Dashboard"}
{"duration":"21ms","ip":"::1","level":"info","message":"HTTP Request","method":"GET","service":"leiriadetail-api","status":200,"timestamp":"2026-05-31T14:50:50.158Z","url":"/Dashboard"}
{"duration":"7ms","ip":"::1","level":"info","message":"HTTP Request","method":"GET","service":"leiriadetail-api","status":200,"timestamp":"2026-05-31T14:51:04.305Z","url":"/Dashboard"}
{"duration":"6ms","ip":"::1","level":"info","message":"HTTP Request","method":"GET","service":"leiriadetail-api","status":200,"timestamp":"2026-05-31T14:51:08.258Z","url":"/Dashboard"}
{"duration":"4ms","ip":"::1","level":"info","message":"HTTP Request","method":"GET","service":"leiriadetail-api","status":200,"timestamp":"2026-05-31T14:51:12.268Z","url":"/Dashboard"}
{"duration":"4ms","ip":"::1","level":"info","message":"HTTP Request","method":"GET","service":"leiriadetail-api","status":200,"timestamp":"2026-05-31T14:51:13.037Z","url":"/Profile/"}
{"duration":"4ms","ip":"::1","level":"info","message":"HTTP Request","method":"GET","service":"leiriadetail-api","status":200,"timestamp":"2026-05-31T14:51:13.041Z","url":"/Bookings?user_id=1"}
{"duration":"4ms","ip":"::1","level":"info","message":"HTTP Request","method":"GET","service":"leiriadetail-api","status":304,"timestamp":"2026-05-31T14:51:13.042Z","url":"/Authentication/Role"}
{"duration":"4ms","ip":"::1","level":"info","message":"HTTP Request","method":"GET","service":"leiriadetail-api","status":200,"timestamp":"2026-05-31T14:51:13.042Z","url":"/Vehicles/List"}
{"duration":"16ms","ip":"::1","level":"info","message":"HTTP Request","method":"GET","service":"leiriadetail-api","status":200,"timestamp":"2026-05-31T14:51:13.054Z","url":"/Bookings?user_id=1"}
{"duration":"7ms","ip":"::1","level":"info","message":"HTTP Request","method":"GET","service":"leiriadetail-api","status":200,"timestamp":"2026-05-31T14:51:13.272Z","url":"/Dashboard"}
{"level":"info","message":"API a correr em development na porta 3001","service":"leiriadetail-api","timestamp":"2026-05-31T14:53:32.017Z"}
{"duration":"80ms","ip":"::1","level":"info","message":"HTTP Request","method":"GET","service":"leiriadetail-api","status":304,"timestamp":"2026-05-31T15:07:03.371Z","url":"/Authentication/Role"}
{"duration":"10ms","ip":"::1","level":"info","message":"HTTP Request","method":"GET","service":"leiriadetail-api","status":200,"timestamp":"2026-05-31T15:07:03.397Z","url":"/Profile/"}
{"duration":"23ms","ip":"::1","level":"info","message":"HTTP Request","method":"GET","service":"leiriadetail-api","status":200,"timestamp":"2026-05-31T15:07:03.413Z","url":"/Vehicles/List"}
{"duration":"26ms","ip":"::1","level":"info","message":"HTTP Request","method":"GET","service":"leiriadetail-api","status":200,"timestamp":"2026-05-31T15:07:03.415Z","url":"/Bookings?user_id=1"}
{"duration":"24ms","ip":"::1","level":"info","message":"HTTP Request","method":"GET","service":"leiriadetail-api","status":200,"timestamp":"2026-05-31T15:07:03.416Z","url":"/Bookings?user_id=1"}
{"duration":"4ms","ip":"::1","level":"info","message":"HTTP Request","method":"GET","service":"leiriadetail-api","status":304,"timestamp":"2026-05-31T15:07:06.734Z","url":"/Authentication/Role"}
{"duration":"5ms","ip":"::1","level":"info","message":"HTTP Request","method":"GET","service":"leiriadetail-api","status":200,"timestamp":"2026-05-31T15:07:06.746Z","url":"/Bookings?user_id=1"}
{"duration":"7ms","ip":"::1","level":"info","message":"HTTP Request","method":"GET","service":"leiriadetail-api","status":200,"timestamp":"2026-05-31T15:07:06.748Z","url":"/Profile/"}
{"duration":"7ms","ip":"::1","level":"info","message":"HTTP Request","method":"GET","service":"leiriadetail-api","status":200,"timestamp":"2026-05-31T15:07:06.751Z","url":"/Vehicles/List"}
{"duration":"8ms","ip":"::1","level":"info","message":"HTTP Request","method":"GET","service":"leiriadetail-api","status":200,"timestamp":"2026-05-31T15:07:06.752Z","url":"/Bookings?user_id=1"}
{"level":"info","message":"API a correr em development na porta 3001","service":"leiriadetail-api","timestamp":"2026-05-31T15:32:08.932Z"}
{"duration":"42ms","ip":"::1","level":"info","message":"HTTP Request","method":"GET","service":"leiriadetail-api","status":404,"timestamp":"2026-05-31T15:47:03.221Z","url":"/Loyalty/Dashboard"}
{"duration":"35ms","ip":"::1","level":"info","message":"HTTP Request","method":"GET","service":"leiriadetail-api","status":404,"timestamp":"2026-05-31T15:47:03.223Z","url":"/Loyalty/History"}
{"duration":"7ms","ip":"::1","level":"info","message":"HTTP Request","method":"GET","service":"leiriadetail-api","status":304,"timestamp":"2026-05-31T15:47:25.052Z","url":"/Authentication/Role"}
{"duration":"9ms","ip":"::1","level":"info","message":"HTTP Request","method":"GET","service":"leiriadetail-api","status":200,"timestamp":"2026-05-31T15:47:25.063Z","url":"/Profile/"}
{"duration":"9ms","ip":"::1","level":"info","message":"HTTP Request","method":"GET","service":"leiriadetail-api","status":200,"timestamp":"2026-05-31T15:47:25.064Z","url":"/Bookings?user_id=1"}
{"duration":"16ms","ip":"::1","level":"info","message":"HTTP Request","method":"GET","service":"leiriadetail-api","status":200,"timestamp":"2026-05-31T15:47:25.074Z","url":"/Vehicles/List"}
{"duration":"19ms","ip":"::1","level":"info","message":"HTTP Request","method":"GET","service":"leiriadetail-api","status":200,"timestamp":"2026-05-31T15:47:25.075Z","url":"/Bookings?user_id=1"}
{"duration":"1ms","ip":"::1","level":"info","message":"HTTP Request","method":"GET","service":"leiriadetail-api","status":404,"timestamp":"2026-05-31T15:47:25.978Z","url":"/Loyalty/Dashboard"}
{"duration":"2ms","ip":"::1","level":"info","message":"HTTP Request","method":"GET","service":"leiriadetail-api","status":404,"timestamp":"2026-05-31T15:47:25.979Z","url":"/Loyalty/History"}
{"level":"warn","message":"Token inválido ou expirado","service":"leiriadetail-api","timestamp":"2026-05-31T16:01:51.740Z"}
{"duration":"18ms","ip":"::1","level":"info","message":"HTTP Request","method":"GET","service":"leiriadetail-api","status":401,"timestamp":"2026-05-31T16:01:51.740Z","url":"/Authentication/Role"}
{"level":"warn","message":"Token inválido ou expirado","service":"leiriadetail-api","timestamp":"2026-05-31T16:01:51.741Z"}
{"duration":"15ms","ip":"::1","level":"info","message":"HTTP Request","method":"GET","service":"leiriadetail-api","status":401,"timestamp":"2026-05-31T16:01:51.741Z","url":"/Profile/"}
{"level":"warn","message":"Token inválido ou expirado","service":"leiriadetail-api","timestamp":"2026-05-31T16:01:51.744Z"}
{"duration":"17ms","ip":"::1","level":"info","message":"HTTP Request","method":"GET","service":"leiriadetail-api","status":401,"timestamp":"2026-05-31T16:01:51.745Z","url":"/Bookings?user_id=1"}
{"level":"warn","message":"Token inválido ou expirado","service":"leiriadetail-api","timestamp":"2026-05-31T16:01:51.745Z"}
{"duration":"17ms","ip":"::1","level":"info","message":"HTTP Request","method":"GET","service":"leiriadetail-api","status":401,"timestamp":"2026-05-31T16:01:51.745Z","url":"/Vehicles/List"}
{"level":"warn","message":"Token inválido ou expirado","service":"leiriadetail-api","timestamp":"2026-05-31T16:01:51.746Z"}
{"duration":"17ms","ip":"::1","level":"info","message":"HTTP Request","method":"GET","service":"leiriadetail-api","status":401,"timestamp":"2026-05-31T16:01:51.746Z","url":"/Bookings?user_id=1"}
{"level":"warn","message":"Token inválido ou expirado","service":"leiriadetail-api","timestamp":"2026-05-31T16:01:52.624Z"}
{"duration":"1ms","ip":"::1","level":"info","message":"HTTP Request","method":"GET","service":"leiriadetail-api","status":401,"timestamp":"2026-05-31T16:01:52.624Z","url":"/Loyalty/Dashboard"}
{"level":"warn","message":"Token inválido ou expirado","service":"leiriadetail-api","timestamp":"2026-05-31T16:01:52.624Z"}
{"duration":"2ms","ip":"::1","level":"info","message":"HTTP Request","method":"GET","service":"leiriadetail-api","status":401,"timestamp":"2026-05-31T16:01:52.625Z","url":"/Loyalty/History"}
{"level":"warn","message":"Token inválido ou expirado","service":"leiriadetail-api","timestamp":"2026-05-31T16:02:09.863Z"}
{"duration":"3ms","ip":"::1","level":"info","message":"HTTP Request","method":"GET","service":"leiriadetail-api","status":401,"timestamp":"2026-05-31T16:02:09.864Z","url":"/Dashboard"}
{"level":"warn","message":"Token inválido ou expirado","service":"leiriadetail-api","timestamp":"2026-05-31T16:02:10.947Z"}
{"duration":"2ms","ip":"::1","level":"info","message":"HTTP Request","method":"GET","service":"leiriadetail-api","status":401,"timestamp":"2026-05-31T16:02:10.948Z","url":"/Dashboard"}
{"level":"warn","message":"Token inválido ou expirado","service":"leiriadetail-api","timestamp":"2026-05-31T16:02:11.449Z"}
{"duration":"2ms","ip":"::1","level":"info","message":"HTTP Request","method":"GET","service":"leiriadetail-api","status":401,"timestamp":"2026-05-31T16:02:11.450Z","url":"/Dashboard"}
{"level":"warn","message":"Token inválido ou expirado","service":"leiriadetail-api","timestamp":"2026-05-31T16:02:11.769Z"}
{"duration":"2ms","ip":"::1","level":"info","message":"HTTP Request","method":"GET","service":"leiriadetail-api","status":401,"timestamp":"2026-05-31T16:02:11.770Z","url":"/Dashboard"}
{"level":"info","message":"API a correr em development na porta 3001","service":"leiriadetail-api","timestamp":"2026-05-31T16:02:21.818Z"}
{"level":"warn","message":"Token inválido ou expirado","service":"leiriadetail-api","timestamp":"2026-05-31T16:02:25.430Z"}
{"duration":"22ms","ip":"::1","level":"info","message":"HTTP Request","method":"GET","service":"leiriadetail-api","status":401,"timestamp":"2026-05-31T16:02:25.432Z","url":"/Dashboard"}
{"level":"warn","message":"Token inválido ou expirado","service":"leiriadetail-api","timestamp":"2026-05-31T16:02:25.912Z"}
{"duration":"2ms","ip":"::1","level":"info","message":"HTTP Request","method":"GET","service":"leiriadetail-api","status":401,"timestamp":"2026-05-31T16:02:25.912Z","url":"/Dashboard"}
{"duration":"6ms","ip":"::1","level":"info","message":"HTTP Request","method":"GET","service":"leiriadetail-api","status":200,"timestamp":"2026-05-31T16:02:31.759Z","url":"/Reviews/"}
{"duration":"13ms","ip":"::1","level":"info","message":"HTTP Request","method":"GET","service":"leiriadetail-api","status":200,"timestamp":"2026-05-31T16:02:31.768Z","url":"/Faqs/"}
{"level":"info","message":"Login efetuado","service":"leiriadetail-api","timestamp":"2026-05-31T16:02:41.558Z","userId":1}
{"duration":"71ms","ip":"::1","level":"info","message":"HTTP Request","method":"POST","service":"leiriadetail-api","status":200,"timestamp":"2026-05-31T16:02:41.559Z","url":"/Authentication/Login"}
{"duration":"3ms","ip":"::1","level":"info","message":"HTTP Request","method":"GET","service":"leiriadetail-api","status":304,"timestamp":"2026-05-31T16:02:41.742Z","url":"/Authentication/Role"}
{"duration":"25ms","ip":"::1","level":"info","message":"HTTP Request","method":"GET","service":"leiriadetail-api","status":200,"timestamp":"2026-05-31T16:02:41.920Z","url":"/Dashboard"}
{"duration":"10ms","ip":"::1","level":"info","message":"HTTP Request","method":"GET","service":"leiriadetail-api","status":200,"timestamp":"2026-05-31T16:02:45.111Z","url":"/Dashboard"}
{"duration":"6ms","ip":"::1","level":"info","message":"HTTP Request","method":"GET","service":"leiriadetail-api","status":200,"timestamp":"2026-05-31T16:02:46.389Z","url":"/Dashboard"}
{"duration":"5ms","ip":"::1","level":"info","message":"HTTP Request","method":"GET","service":"leiriadetail-api","status":200,"timestamp":"2026-05-31T16:02:54.797Z","url":"/Dashboard"}
{"duration":"3ms","ip":"::1","level":"info","message":"HTTP Request","method":"GET","service":"leiriadetail-api","status":200,"timestamp":"2026-05-31T16:02:58.879Z","url":"/Profile/"}
{"level":"warn","message":"Token inválido ou expirado","service":"leiriadetail-api","timestamp":"2026-05-31T16:03:03.165Z"}
{"duration":"2ms","ip":"::1","level":"info","message":"HTTP Request","method":"GET","service":"leiriadetail-api","status":401,"timestamp":"2026-05-31T16:03:03.166Z","url":"/Loyalty/Dashboard"}
{"level":"warn","message":"Token inválido ou expirado","service":"leiriadetail-api","timestamp":"2026-05-31T16:03:03.166Z"}
{"duration":"2ms","ip":"::1","level":"info","message":"HTTP Request","method":"GET","service":"leiriadetail-api","status":401,"timestamp":"2026-05-31T16:03:03.167Z","url":"/Loyalty/History"}
{"duration":"3ms","ip":"::1","level":"info","message":"HTTP Request","method":"GET","service":"leiriadetail-api","status":200,"timestamp":"2026-05-31T16:03:04.219Z","url":"/Profile/"}
{"duration":"5ms","ip":"::1","level":"info","message":"HTTP Request","method":"GET","service":"leiriadetail-api","status":304,"timestamp":"2026-05-31T16:03:04.224Z","url":"/Authentication/Role"}
{"duration":"4ms","ip":"::1","level":"info","message":"HTTP Request","method":"GET","service":"leiriadetail-api","status":200,"timestamp":"2026-05-31T16:03:04.224Z","url":"/Bookings?user_id=1"}
{"duration":"4ms","ip":"::1","level":"info","message":"HTTP Request","method":"GET","service":"leiriadetail-api","status":200,"timestamp":"2026-05-31T16:03:04.233Z","url":"/Bookings?user_id=1"}
{"duration":"6ms","ip":"::1","level":"info","message":"HTTP Request","method":"GET","service":"leiriadetail-api","status":200,"timestamp":"2026-05-31T16:03:04.235Z","url":"/Vehicles/List"}
{"duration":"2ms","ip":"::1","level":"info","message":"HTTP Request","method":"GET","service":"leiriadetail-api","status":404,"timestamp":"2026-05-31T16:03:05.379Z","url":"/Loyalty/History"}
{"duration":"2ms","ip":"::1","level":"info","message":"HTTP Request","method":"GET","service":"leiriadetail-api","status":404,"timestamp":"2026-05-31T16:03:05.380Z","url":"/Loyalty/Dashboard"}
{"duration":"27ms","ip":"::1","level":"info","message":"HTTP Request","method":"GET","service":"leiriadetail-api","status":200,"timestamp":"2026-05-31T16:03:55.256Z","url":"/Dashboard"}
{"duration":"28ms","ip":"::1","level":"info","message":"HTTP Request","method":"GET","service":"leiriadetail-api","status":200,"timestamp":"2026-05-31T16:04:55.257Z","url":"/Dashboard"}
{"duration":"29ms","ip":"::1","level":"info","message":"HTTP Request","method":"GET","service":"leiriadetail-api","status":200,"timestamp":"2026-05-31T16:05:55.257Z","url":"/Dashboard"}
{"duration":"29ms","ip":"::1","level":"info","message":"HTTP Request","method":"GET","service":"leiriadetail-api","status":200,"timestamp":"2026-05-31T16:06:55.258Z","url":"/Dashboard"}
{"duration":"2ms","ip":"::1","level":"info","message":"HTTP Request","method":"GET","service":"leiriadetail-api","status":404,"timestamp":"2026-05-31T16:06:56.741Z","url":"/Loyalty/Dashboard"}
{"duration":"1ms","ip":"::1","level":"info","message":"HTTP Request","method":"GET","service":"leiriadetail-api","status":404,"timestamp":"2026-05-31T16:07:19.589Z","url":"/Loyalty/Dashboard"}
{"duration":"22ms","ip":"::1","level":"info","message":"HTTP Request","method":"GET","service":"leiriadetail-api","status":200,"timestamp":"2026-05-31T16:07:55.254Z","url":"/Dashboard"}
{"level":"info","message":"API a correr em development na porta 3001","service":"leiriadetail-api","timestamp":"2026-05-31T16:08:01.774Z"}
{"level":"info","message":"API a correr em development na porta 3001","service":"leiriadetail-api","timestamp":"2026-05-31T16:08:12.127Z"}
{"level":"info","message":"API a correr em development na porta 3001","service":"leiriadetail-api","timestamp":"2026-05-31T16:08:38.614Z"}
{"level":"info","message":"API a correr em development na porta 3001","service":"leiriadetail-api","timestamp":"2026-05-31T16:08:40.496Z"}
{"level":"info","message":"API a correr em development na porta 3001","service":"leiriadetail-api","timestamp":"2026-05-31T16:08:42.468Z"}
{"level":"info","message":"API a correr em development na porta 3001","service":"leiriadetail-api","timestamp":"2026-05-31T16:08:43.445Z"}
{"level":"info","message":"API a correr em development na porta 3001","service":"leiriadetail-api","timestamp":"2026-05-31T16:08:54.611Z"}
{"duration":"48ms","ip":"::1","level":"info","message":"HTTP Request","method":"GET","service":"leiriadetail-api","status":200,"timestamp":"2026-05-31T16:08:55.281Z","url":"/Dashboard"}
{"level":"info","message":"API a correr em development na porta 3001","service":"leiriadetail-api","timestamp":"2026-05-31T16:09:10.185Z"}
{"level":"info","message":"API a correr em development na porta 3001","service":"leiriadetail-api","timestamp":"2026-05-31T16:09:28.049Z"}
{"duration":"42ms","ip":"::1","level":"info","message":"HTTP Request","method":"GET","service":"leiriadetail-api","status":200,"timestamp":"2026-05-31T16:09:29.412Z","url":"/Loyalty/Dashboard"}
{"duration":"31ms","ip":"::1","level":"info","message":"HTTP Request","method":"GET","service":"leiriadetail-api","status":200,"timestamp":"2026-05-31T16:09:57.260Z","url":"/Dashboard"}
{"duration":"29ms","ip":"::1","level":"info","message":"HTTP Request","method":"GET","service":"leiriadetail-api","status":200,"timestamp":"2026-05-31T16:10:58.259Z","url":"/Dashboard"}
{"duration":"29ms","ip":"::1","level":"info","message":"HTTP Request","method":"GET","service":"leiriadetail-api","status":200,"timestamp":"2026-05-31T16:11:59.261Z","url":"/Dashboard"}
{"duration":"30ms","ip":"::1","level":"info","message":"HTTP Request","method":"GET","service":"leiriadetail-api","status":200,"timestamp":"2026-05-31T16:13:00.260Z","url":"/Dashboard"}
{"duration":"27ms","ip":"::1","level":"info","message":"HTTP Request","method":"GET","service":"leiriadetail-api","status":200,"timestamp":"2026-05-31T16:14:01.256Z","url":"/Dashboard"}
{"duration":"28ms","ip":"::1","level":"info","message":"HTTP Request","method":"GET","service":"leiriadetail-api","status":200,"timestamp":"2026-05-31T16:15:02.258Z","url":"/Dashboard"}
{"duration":"25ms","ip":"::1","level":"info","message":"HTTP Request","method":"GET","service":"leiriadetail-api","status":200,"timestamp":"2026-05-31T16:16:03.255Z","url":"/Dashboard"}
{"duration":"27ms","ip":"::1","level":"info","message":"HTTP Request","method":"GET","service":"leiriadetail-api","status":200,"timestamp":"2026-05-31T16:17:04.257Z","url":"/Dashboard"}
{"duration":"33ms","ip":"::1","level":"info","message":"HTTP Request","method":"GET","service":"leiriadetail-api","status":200,"timestamp":"2026-05-31T16:18:05.263Z","url":"/Dashboard"}
{"duration":"28ms","ip":"::1","level":"info","message":"HTTP Request","method":"GET","service":"leiriadetail-api","status":200,"timestamp":"2026-05-31T16:19:06.258Z","url":"/Dashboard"}
{"duration":"27ms","ip":"::1","level":"info","message":"HTTP Request","method":"GET","service":"leiriadetail-api","status":200,"timestamp":"2026-05-31T16:20:07.256Z","url":"/Dashboard"}
{"duration":"6ms","ip":"::1","level":"info","message":"HTTP Request","method":"GET","service":"leiriadetail-api","status":200,"timestamp":"2026-05-31T16:20:18.875Z","url":"/Profile/"}
{"duration":"4ms","ip":"::1","level":"info","message":"HTTP Request","method":"GET","service":"leiriadetail-api","status":200,"timestamp":"2026-05-31T16:20:19.779Z","url":"/Profile/"}
{"duration":"5ms","ip":"::1","level":"info","message":"HTTP Request","method":"GET","service":"leiriadetail-api","status":304,"timestamp":"2026-05-31T16:20:19.785Z","url":"/Authentication/Role"}
{"duration":"6ms","ip":"::1","level":"info","message":"HTTP Request","method":"GET","service":"leiriadetail-api","status":200,"timestamp":"2026-05-31T16:20:19.790Z","url":"/Vehicles/List"}
{"duration":"8ms","ip":"::1","level":"info","message":"HTTP Request","method":"GET","service":"leiriadetail-api","status":200,"timestamp":"2026-05-31T16:20:19.791Z","url":"/Bookings?user_id=1"}
{"duration":"19ms","ip":"::1","level":"info","message":"HTTP Request","method":"GET","service":"leiriadetail-api","status":200,"timestamp":"2026-05-31T16:20:19.803Z","url":"/Bookings?user_id=1"}
{"duration":"3ms","ip":"::1","level":"info","message":"HTTP Request","method":"GET","service":"leiriadetail-api","status":200,"timestamp":"2026-05-31T16:20:21.207Z","url":"/Loyalty/History"}
{"duration":"8ms","ip":"::1","level":"info","message":"HTTP Request","method":"GET","service":"leiriadetail-api","status":200,"timestamp":"2026-05-31T16:20:21.212Z","url":"/Loyalty/Dashboard"}
{"duration":"18ms","ip":"::1","level":"info","message":"HTTP Request","method":"GET","service":"leiriadetail-api","status":304,"timestamp":"2026-05-31T16:48:41.454Z","url":"/Authentication/Role"}
{"duration":"18ms","ip":"::1","level":"info","message":"HTTP Request","method":"GET","service":"leiriadetail-api","status":200,"timestamp":"2026-05-31T16:48:41.455Z","url":"/Profile/"}
{"duration":"15ms","ip":"::1","level":"info","message":"HTTP Request","method":"GET","service":"leiriadetail-api","status":200,"timestamp":"2026-05-31T16:48:41.458Z","url":"/Bookings?user_id=1"}
{"duration":"18ms","ip":"::1","level":"info","message":"HTTP Request","method":"GET","service":"leiriadetail-api","status":200,"timestamp":"2026-05-31T16:48:41.461Z","url":"/Vehicles/List"}
{"duration":"18ms","ip":"::1","level":"info","message":"HTTP Request","method":"GET","service":"leiriadetail-api","status":200,"timestamp":"2026-05-31T16:48:41.462Z","url":"/Bookings?user_id=1"}
{"duration":"19ms","ip":"::1","level":"info","message":"HTTP Request","method":"POST","service":"leiriadetail-api","status":200,"timestamp":"2026-05-31T16:49:00.926Z","url":"/Vehicles/Add"}
{"duration":"5ms","ip":"::1","level":"info","message":"HTTP Request","method":"GET","service":"leiriadetail-api","status":200,"timestamp":"2026-05-31T16:49:00.935Z","url":"/Vehicles/List"}
{"duration":"2ms","ip":"::1","level":"info","message":"HTTP Request","method":"GET","service":"leiriadetail-api","status":200,"timestamp":"2026-05-31T16:49:03.018Z","url":"/Loyalty/History"}
{"duration":"7ms","ip":"::1","level":"info","message":"HTTP Request","method":"GET","service":"leiriadetail-api","status":200,"timestamp":"2026-05-31T16:49:03.021Z","url":"/Loyalty/Dashboard"}
{"duration":"3ms","ip":"::1","level":"info","message":"HTTP Request","method":"GET","service":"leiriadetail-api","status":200,"timestamp":"2026-05-31T16:49:08.030Z","url":"/Vehicles/List"}
{"duration":"10ms","ip":"::1","level":"info","message":"HTTP Request","method":"GET","service":"leiriadetail-api","status":200,"timestamp":"2026-05-31T16:49:08.038Z","url":"/Loyalty/Dashboard"}
{"duration":"4ms","ip":"::1","level":"info","message":"HTTP Request","method":"GET","service":"leiriadetail-api","status":200,"timestamp":"2026-05-31T16:49:09.581Z","url":"/Profile/"}
{"duration":"3ms","ip":"::1","level":"info","message":"HTTP Request","method":"GET","service":"leiriadetail-api","status":200,"timestamp":"2026-05-31T16:49:10.819Z","url":"/Services/"}
{"duration":"1ms","ip":"::1","level":"info","message":"HTTP Request","method":"GET","service":"leiriadetail-api","status":200,"timestamp":"2026-05-31T16:49:24.914Z","url":"/Services/"}
{"duration":"3ms","ip":"::1","level":"info","message":"HTTP Request","method":"GET","service":"leiriadetail-api","status":200,"timestamp":"2026-05-31T16:49:25.594Z","url":"/Profile/"}
{"duration":"12ms","ip":"::1","level":"info","message":"HTTP Request","method":"GET","service":"leiriadetail-api","status":200,"timestamp":"2026-05-31T16:50:13.851Z","url":"/Loyalty/History"}
{"duration":"16ms","ip":"::1","level":"info","message":"HTTP Request","method":"GET","service":"leiriadetail-api","status":200,"timestamp":"2026-05-31T16:50:13.855Z","url":"/Loyalty/Dashboard"}
{"duration":"4ms","ip":"::1","level":"info","message":"HTTP Request","method":"GET","service":"leiriadetail-api","status":200,"timestamp":"2026-05-31T16:50:18.830Z","url":"/Profile/"}
{"duration":"5ms","ip":"::1","level":"info","message":"HTTP Request","method":"GET","service":"leiriadetail-api","status":304,"timestamp":"2026-05-31T16:50:18.833Z","url":"/Authentication/Role"}
{"duration":"14ms","ip":"::1","level":"info","message":"HTTP Request","method":"GET","service":"leiriadetail-api","status":200,"timestamp":"2026-05-31T16:50:18.843Z","url":"/Vehicles/List"}
{"duration":"14ms","ip":"::1","level":"info","message":"HTTP Request","method":"GET","service":"leiriadetail-api","status":200,"timestamp":"2026-05-31T16:50:18.844Z","url":"/Bookings?user_id=1"}
{"duration":"16ms","ip":"::1","level":"info","message":"HTTP Request","method":"GET","service":"leiriadetail-api","status":200,"timestamp":"2026-05-31T16:50:18.845Z","url":"/Bookings?user_id=1"}
{"duration":"13ms","ip":"::1","level":"info","message":"HTTP Request","method":"GET","service":"leiriadetail-api","status":200,"timestamp":"2026-05-31T16:50:49.635Z","url":"/Loyalty/History"}
{"duration":"18ms","ip":"::1","level":"info","message":"HTTP Request","method":"GET","service":"leiriadetail-api","status":200,"timestamp":"2026-05-31T16:50:49.639Z","url":"/Loyalty/Dashboard"}
{"duration":"28ms","ip":"::1","level":"info","message":"HTTP Request","method":"GET","service":"leiriadetail-api","status":200,"timestamp":"2026-05-31T17:29:09.399Z","url":"/Loyalty/History"}
{"duration":"38ms","ip":"::1","level":"info","message":"HTTP Request","method":"GET","service":"leiriadetail-api","status":200,"timestamp":"2026-05-31T17:29:09.409Z","url":"/Loyalty/Dashboard"}
{"duration":"14ms","ip":"::1","level":"info","message":"HTTP Request","method":"GET","service":"leiriadetail-api","status":200,"timestamp":"2026-05-31T17:32:46.759Z","url":"/Loyalty/History"}
{"duration":"19ms","ip":"::1","level":"info","message":"HTTP Request","method":"GET","service":"leiriadetail-api","status":200,"timestamp":"2026-05-31T17:32:46.764Z","url":"/Loyalty/Dashboard"}
{"duration":"2ms","ip":"::1","level":"info","message":"HTTP Request","method":"GET","service":"leiriadetail-api","status":200,"timestamp":"2026-05-31T17:33:01.745Z","url":"/Loyalty/History"}
{"duration":"4ms","ip":"::1","level":"info","message":"HTTP Request","method":"GET","service":"leiriadetail-api","status":200,"timestamp":"2026-05-31T17:33:01.747Z","url":"/Loyalty/Dashboard"}
{"duration":"11ms","ip":"::1","level":"info","message":"HTTP Request","method":"GET","service":"leiriadetail-api","status":200,"timestamp":"2026-05-31T17:37:53.198Z","url":"/Loyalty/History"}
{"duration":"16ms","ip":"::1","level":"info","message":"HTTP Request","method":"GET","service":"leiriadetail-api","status":200,"timestamp":"2026-05-31T17:37:53.202Z","url":"/Loyalty/Dashboard"}
{"duration":"1ms","ip":"::1","level":"info","message":"HTTP Request","method":"GET","service":"leiriadetail-api","status":200,"timestamp":"2026-05-31T17:37:55.699Z","url":"/Loyalty/History"}
{"duration":"5ms","ip":"::1","level":"info","message":"HTTP Request","method":"GET","service":"leiriadetail-api","status":200,"timestamp":"2026-05-31T17:37:55.702Z","url":"/Loyalty/Dashboard"}
{"duration":"2ms","ip":"::1","level":"info","message":"HTTP Request","method":"GET","service":"leiriadetail-api","status":200,"timestamp":"2026-05-31T17:37:57.580Z","url":"/Loyalty/History"}
{"duration":"4ms","ip":"::1","level":"info","message":"HTTP Request","method":"GET","service":"leiriadetail-api","status":200,"timestamp":"2026-05-31T17:37:57.581Z","url":"/Loyalty/Dashboard"}
{"duration":"10ms","ip":"::1","level":"info","message":"HTTP Request","method":"GET","service":"leiriadetail-api","status":200,"timestamp":"2026-05-31T17:39:10.215Z","url":"/Loyalty/History"}
{"duration":"14ms","ip":"::1","level":"info","message":"HTTP Request","method":"GET","service":"leiriadetail-api","status":200,"timestamp":"2026-05-31T17:39:10.219Z","url":"/Loyalty/Dashboard"}
{"duration":"18ms","ip":"::1","level":"info","message":"HTTP Request","method":"GET","service":"leiriadetail-api","status":200,"timestamp":"2026-05-31T17:42:15.254Z","url":"/Loyalty/Dashboard"}
{"duration":"18ms","ip":"::1","level":"info","message":"HTTP Request","method":"GET","service":"leiriadetail-api","status":304,"timestamp":"2026-05-31T17:44:08.046Z","url":"/Authentication/Role"}
{"duration":"18ms","ip":"::1","level":"info","message":"HTTP Request","method":"GET","service":"leiriadetail-api","status":200,"timestamp":"2026-05-31T17:44:08.046Z","url":"/Profile/"}
{"duration":"18ms","ip":"::1","level":"info","message":"HTTP Request","method":"GET","service":"leiriadetail-api","status":200,"timestamp":"2026-05-31T17:44:08.049Z","url":"/Bookings?user_id=1"}
{"duration":"18ms","ip":"::1","level":"info","message":"HTTP Request","method":"GET","service":"leiriadetail-api","status":200,"timestamp":"2026-05-31T17:44:08.050Z","url":"/Vehicles/List"}
{"duration":"20ms","ip":"::1","level":"info","message":"HTTP Request","method":"GET","service":"leiriadetail-api","status":200,"timestamp":"2026-05-31T17:44:08.052Z","url":"/Bookings?user_id=1"}
{"duration":"3ms","ip":"::1","level":"info","message":"HTTP Request","method":"GET","service":"leiriadetail-api","status":200,"timestamp":"2026-05-31T17:44:09.716Z","url":"/Profile/"}
{"duration":"5ms","ip":"::1","level":"info","message":"HTTP Request","method":"GET","service":"leiriadetail-api","status":200,"timestamp":"2026-05-31T17:44:09.718Z","url":"/Bookings?user_id=1"}
{"duration":"3ms","ip":"::1","level":"info","message":"HTTP Request","method":"GET","service":"leiriadetail-api","status":304,"timestamp":"2026-05-31T17:44:09.718Z","url":"/Authentication/Role"}
{"duration":"5ms","ip":"::1","level":"info","message":"HTTP Request","method":"GET","service":"leiriadetail-api","status":200,"timestamp":"2026-05-31T17:44:09.719Z","url":"/Vehicles/List"}
{"duration":"5ms","ip":"::1","level":"info","message":"HTTP Request","method":"GET","service":"leiriadetail-api","status":200,"timestamp":"2026-05-31T17:44:09.720Z","url":"/Bookings?user_id=1"}
{"duration":"3ms","ip":"::1","level":"info","message":"HTTP Request","method":"GET","service":"leiriadetail-api","status":304,"timestamp":"2026-05-31T17:44:13.364Z","url":"/Authentication/Role"}
{"duration":"2ms","ip":"::1","level":"info","message":"HTTP Request","method":"GET","service":"leiriadetail-api","status":200,"timestamp":"2026-05-31T17:44:13.366Z","url":"/Bookings?user_id=1"}
{"duration":"4ms","ip":"::1","level":"info","message":"HTTP Request","method":"GET","service":"leiriadetail-api","status":200,"timestamp":"2026-05-31T17:44:13.367Z","url":"/Vehicles/List"}
{"duration":"5ms","ip":"::1","level":"info","message":"HTTP Request","method":"GET","service":"leiriadetail-api","status":200,"timestamp":"2026-05-31T17:44:13.368Z","url":"/Profile/"}
{"duration":"6ms","ip":"::1","level":"info","message":"HTTP Request","method":"GET","service":"leiriadetail-api","status":200,"timestamp":"2026-05-31T17:44:13.369Z","url":"/Bookings?user_id=1"}
{"duration":"8ms","ip":"::1","level":"info","message":"HTTP Request","method":"GET","service":"leiriadetail-api","status":200,"timestamp":"2026-05-31T17:44:13.710Z","url":"/Loyalty/Dashboard"}
{"duration":"3ms","ip":"::1","level":"info","message":"HTTP Request","method":"GET","service":"leiriadetail-api","status":200,"timestamp":"2026-05-31T17:44:16.446Z","url":"/Loyalty/Dashboard"}
{"duration":"4ms","ip":"::1","level":"info","message":"HTTP Request","method":"GET","service":"leiriadetail-api","status":200,"timestamp":"2026-05-31T17:44:22.288Z","url":"/Vehicles/List"}
{"duration":"8ms","ip":"::1","level":"info","message":"HTTP Request","method":"GET","service":"leiriadetail-api","status":200,"timestamp":"2026-05-31T17:44:22.294Z","url":"/Loyalty/Dashboard"}
{"duration":"2ms","ip":"::1","level":"info","message":"HTTP Request","method":"GET","service":"leiriadetail-api","status":200,"timestamp":"2026-05-31T17:44:23.636Z","url":"/Profile/"}
{"duration":"2ms","ip":"::1","level":"info","message":"HTTP Request","method":"GET","service":"leiriadetail-api","status":200,"timestamp":"2026-05-31T17:44:25.521Z","url":"/Services/"}
{"duration":"13ms","ip":"::1","level":"info","message":"HTTP Request","method":"GET","service":"leiriadetail-api","status":200,"timestamp":"2026-05-31T17:54:49.910Z","url":"/Vehicles/List"}
{"duration":"16ms","ip":"::1","level":"info","message":"HTTP Request","method":"GET","service":"leiriadetail-api","status":200,"timestamp":"2026-05-31T17:54:49.913Z","url":"/Loyalty/Dashboard"}
{"duration":"3ms","ip":"::1","level":"info","message":"HTTP Request","method":"GET","service":"leiriadetail-api","status":200,"timestamp":"2026-05-31T17:54:51.480Z","url":"/Profile/"}
{"duration":"3ms","ip":"::1","level":"info","message":"HTTP Request","method":"GET","service":"leiriadetail-api","status":200,"timestamp":"2026-05-31T17:54:52.526Z","url":"/Services/"}
{"duration":"14ms","ip":"::1","level":"info","message":"HTTP Request","method":"GET","service":"leiriadetail-api","status":200,"timestamp":"2026-05-31T18:41:43.114Z","url":"/Services/"}
{"level":"info","message":"API a correr em development na porta 3001","service":"leiriadetail-api","timestamp":"2026-05-31T18:43:03.066Z"}
{"level":"info","message":"API a correr em development na porta 3001","service":"leiriadetail-api","timestamp":"2026-05-31T18:44:00.613Z"}
{"duration":"37ms","ip":"::1","level":"info","message":"HTTP Request","method":"GET","service":"leiriadetail-api","status":200,"timestamp":"2026-05-31T18:44:16.148Z","url":"/Vehicles/List"}
{"duration":"32ms","ip":"::1","level":"info","message":"HTTP Request","method":"GET","service":"leiriadetail-api","status":200,"timestamp":"2026-05-31T18:44:16.150Z","url":"/Loyalty/Dashboard"}
{"duration":"7ms","ip":"::1","level":"info","message":"HTTP Request","method":"GET","service":"leiriadetail-api","status":200,"timestamp":"2026-05-31T18:44:17.502Z","url":"/Vehicles/List"}
{"duration":"11ms","ip":"::1","level":"info","message":"HTTP Request","method":"GET","service":"leiriadetail-api","status":200,"timestamp":"2026-05-31T18:44:17.508Z","url":"/Loyalty/Dashboard"}
{"duration":"5ms","ip":"::1","level":"info","message":"HTTP Request","method":"GET","service":"leiriadetail-api","status":200,"timestamp":"2026-05-31T18:44:20.401Z","url":"/Profile/"}
{"duration":"3ms","ip":"::1","level":"info","message":"HTTP Request","method":"GET","service":"leiriadetail-api","status":200,"timestamp":"2026-05-31T18:44:24.717Z","url":"/Services/"}
{"duration":"16ms","ip":"::1","level":"info","message":"HTTP Request","method":"GET","service":"leiriadetail-api","status":200,"timestamp":"2026-05-31T18:49:46.788Z","url":"/Vehicles/List"}
{"duration":"20ms","ip":"::1","level":"info","message":"HTTP Request","method":"GET","service":"leiriadetail-api","status":200,"timestamp":"2026-05-31T18:49:46.793Z","url":"/Loyalty/Dashboard"}
{"duration":"3ms","ip":"::1","level":"info","message":"HTTP Request","method":"GET","service":"leiriadetail-api","status":200,"timestamp":"2026-05-31T18:49:48.104Z","url":"/Profile/"}
{"duration":"3ms","ip":"::1","level":"info","message":"HTTP Request","method":"GET","service":"leiriadetail-api","status":200,"timestamp":"2026-05-31T18:49:49.323Z","url":"/Services/"}
{"duration":"14ms","ip":"::1","level":"info","message":"HTTP Request","method":"GET","service":"leiriadetail-api","status":200,"timestamp":"2026-05-31T18:50:25.982Z","url":"/Vehicles/List"}
{"duration":"18ms","ip":"::1","level":"info","message":"HTTP Request","method":"GET","service":"leiriadetail-api","status":200,"timestamp":"2026-05-31T18:50:25.986Z","url":"/Loyalty/Dashboard"}
{"duration":"4ms","ip":"::1","level":"info","message":"HTTP Request","method":"GET","service":"leiriadetail-api","status":200,"timestamp":"2026-05-31T18:50:30.730Z","url":"/Profile/"}
{"duration":"2ms","ip":"::1","level":"info","message":"HTTP Request","method":"GET","service":"leiriadetail-api","status":200,"timestamp":"2026-05-31T18:50:32.920Z","url":"/Services/"}
{"duration":"17ms","ip":"::1","level":"info","message":"HTTP Request","method":"GET","service":"leiriadetail-api","status":200,"timestamp":"2026-05-31T18:51:27.354Z","url":"/Holiday"}
{"duration":"6ms","ip":"::1","level":"info","message":"HTTP Request","method":"GET","service":"leiriadetail-api","status":200,"timestamp":"2026-05-31T18:51:34.925Z","url":"/Vehicles/List"}
{"duration":"17ms","ip":"::1","level":"info","message":"HTTP Request","method":"GET","service":"leiriadetail-api","status":200,"timestamp":"2026-05-31T18:51:34.938Z","url":"/Loyalty/Dashboard"}
{"duration":"3ms","ip":"::1","level":"info","message":"HTTP Request","method":"GET","service":"leiriadetail-api","status":200,"timestamp":"2026-05-31T18:51:37.568Z","url":"/Profile/"}
{"duration":"3ms","ip":"::1","level":"info","message":"HTTP Request","method":"GET","service":"leiriadetail-api","status":200,"timestamp":"2026-05-31T18:51:38.557Z","url":"/Services/"}
{"duration":"7ms","ip":"::1","level":"info","message":"HTTP Request","method":"GET","service":"leiriadetail-api","status":200,"timestamp":"2026-05-31T18:51:40.146Z","url":"/Holiday"}
{"duration":"13ms","ip":"::1","level":"info","message":"HTTP Request","method":"GET","service":"leiriadetail-api","status":200,"timestamp":"2026-05-31T18:52:15.667Z","url":"/Holiday"}
{"duration":"3ms","ip":"::1","level":"info","message":"HTTP Request","method":"GET","service":"leiriadetail-api","status":200,"timestamp":"2026-05-31T18:52:18.489Z","url":"/Holiday"}
{"duration":"5ms","ip":"::1","level":"info","message":"HTTP Request","method":"GET","service":"leiriadetail-api","status":304,"timestamp":"2026-05-31T18:52:24.804Z","url":"/Authentication/Role"}
{"duration":"18ms","ip":"::1","level":"info","message":"HTTP Request","method":"GET","service":"leiriadetail-api","status":200,"timestamp":"2026-05-31T18:52:24.820Z","url":"/Profile/"}
{"duration":"18ms","ip":"::1","level":"info","message":"HTTP Request","method":"GET","service":"leiriadetail-api","status":200,"timestamp":"2026-05-31T18:52:24.821Z","url":"/Bookings?user_id=1"}
{"duration":"20ms","ip":"::1","level":"info","message":"HTTP Request","method":"GET","service":"leiriadetail-api","status":200,"timestamp":"2026-05-31T18:52:24.823Z","url":"/Bookings?user_id=1"}
{"duration":"21ms","ip":"::1","level":"info","message":"HTTP Request","method":"GET","service":"leiriadetail-api","status":200,"timestamp":"2026-05-31T18:52:24.824Z","url":"/Vehicles/List"}
{"duration":"4ms","ip":"::1","level":"info","message":"HTTP Request","method":"GET","service":"leiriadetail-api","status":200,"timestamp":"2026-05-31T18:52:29.285Z","url":"/Vehicles/List"}
{"duration":"9ms","ip":"::1","level":"info","message":"HTTP Request","method":"GET","service":"leiriadetail-api","status":200,"timestamp":"2026-05-31T18:52:29.290Z","url":"/Loyalty/Dashboard"}
{"duration":"3ms","ip":"::1","level":"info","message":"HTTP Request","method":"GET","service":"leiriadetail-api","status":200,"timestamp":"2026-05-31T18:52:30.741Z","url":"/Profile/"}
{"duration":"2ms","ip":"::1","level":"info","message":"HTTP Request","method":"GET","service":"leiriadetail-api","status":200,"timestamp":"2026-05-31T18:52:32.268Z","url":"/Services/"}
{"duration":"5ms","ip":"::1","level":"info","message":"HTTP Request","method":"GET","service":"leiriadetail-api","status":200,"timestamp":"2026-05-31T18:52:33.990Z","url":"/Holiday"}
{"duration":"15ms","ip":"::1","level":"info","message":"HTTP Request","method":"GET","service":"leiriadetail-api","status":200,"timestamp":"2026-05-31T18:53:14.282Z","url":"/Vehicles/List"}
{"duration":"17ms","ip":"::1","level":"info","message":"HTTP Request","method":"GET","service":"leiriadetail-api","status":200,"timestamp":"2026-05-31T18:53:14.285Z","url":"/Loyalty/Dashboard"}
{"duration":"5ms","ip":"::1","level":"info","message":"HTTP Request","method":"GET","service":"leiriadetail-api","status":200,"timestamp":"2026-05-31T18:53:22.981Z","url":"/Vehicles/List"}
{"duration":"9ms","ip":"::1","level":"info","message":"HTTP Request","method":"GET","service":"leiriadetail-api","status":200,"timestamp":"2026-05-31T18:53:22.986Z","url":"/Loyalty/Dashboard"}
{"duration":"3ms","ip":"::1","level":"info","message":"HTTP Request","method":"GET","service":"leiriadetail-api","status":200,"timestamp":"2026-05-31T18:53:27.376Z","url":"/Profile/"}
{"duration":"2ms","ip":"::1","level":"info","message":"HTTP Request","method":"GET","service":"leiriadetail-api","status":200,"timestamp":"2026-05-31T18:53:28.506Z","url":"/Services/"}
{"duration":"5ms","ip":"::1","level":"info","message":"HTTP Request","method":"GET","service":"leiriadetail-api","status":200,"timestamp":"2026-05-31T18:53:30.542Z","url":"/Holiday"}
{"level":"info","message":"API a correr em development na porta 3001","service":"leiriadetail-api","timestamp":"2026-05-31T18:57:34.354Z"}
{"duration":"36ms","ip":"::1","level":"info","message":"HTTP Request","method":"GET","service":"leiriadetail-api","status":200,"timestamp":"2026-05-31T18:58:02.119Z","url":"/Vehicles/List"}
{"duration":"32ms","ip":"::1","level":"info","message":"HTTP Request","method":"GET","service":"leiriadetail-api","status":200,"timestamp":"2026-05-31T18:58:02.122Z","url":"/Loyalty/Dashboard"}
{"duration":"4ms","ip":"::1","level":"info","message":"HTTP Request","method":"GET","service":"leiriadetail-api","status":200,"timestamp":"2026-05-31T18:58:04.349Z","url":"/Profile/"}
{"duration":"2ms","ip":"::1","level":"info","message":"HTTP Request","method":"GET","service":"leiriadetail-api","status":200,"timestamp":"2026-05-31T18:58:05.340Z","url":"/Services/"}
{"duration":"5ms","ip":"::1","level":"info","message":"HTTP Request","method":"GET","service":"leiriadetail-api","status":200,"timestamp":"2026-05-31T18:58:07.292Z","url":"/Bookings/slots?date=2026-05-31"}
{"duration":"9ms","ip":"::1","level":"info","message":"HTTP Request","method":"GET","service":"leiriadetail-api","status":200,"timestamp":"2026-05-31T18:58:07.299Z","url":"/Holiday/"}
{"duration":"3ms","ip":"::1","level":"info","message":"HTTP Request","method":"GET","service":"leiriadetail-api","status":200,"timestamp":"2026-05-31T18:58:13.719Z","url":"/Bookings/slots?date=2026-06-01"}
{"duration":"2ms","ip":"::1","level":"info","message":"HTTP Request","method":"GET","service":"leiriadetail-api","status":200,"timestamp":"2026-05-31T18:58:14.905Z","url":"/Bookings/slots?date=2026-05-31"}
{"duration":"15ms","ip":"::1","level":"info","message":"HTTP Request","method":"GET","service":"leiriadetail-api","status":200,"timestamp":"2026-05-31T19:03:06.956Z","url":"/Vehicles/List"}
{"duration":"19ms","ip":"::1","level":"info","message":"HTTP Request","method":"GET","service":"leiriadetail-api","status":200,"timestamp":"2026-05-31T19:03:06.961Z","url":"/Loyalty/Dashboard"}
{"duration":"3ms","ip":"::1","level":"info","message":"HTTP Request","method":"GET","service":"leiriadetail-api","status":200,"timestamp":"2026-05-31T19:03:08.495Z","url":"/Profile/"}
{"duration":"3ms","ip":"::1","level":"info","message":"HTTP Request","method":"GET","service":"leiriadetail-api","status":200,"timestamp":"2026-05-31T19:03:09.374Z","url":"/Services/"}
{"duration":"3ms","ip":"::1","level":"info","message":"HTTP Request","method":"GET","service":"leiriadetail-api","status":200,"timestamp":"2026-05-31T19:03:11.105Z","url":"/Bookings/slots?date=2026-05-31"}
{"duration":"6ms","ip":"::1","level":"info","message":"HTTP Request","method":"GET","service":"leiriadetail-api","status":200,"timestamp":"2026-05-31T19:03:11.110Z","url":"/Holiday/"}
{"duration":"3ms","ip":"::1","level":"info","message":"HTTP Request","method":"GET","service":"leiriadetail-api","status":200,"timestamp":"2026-05-31T19:03:15.078Z","url":"/Bookings/slots?date=2026-05-31"}
{"duration":"13ms","ip":"::1","level":"info","message":"HTTP Request","method":"GET","service":"leiriadetail-api","status":200,"timestamp":"2026-05-31T19:05:42.792Z","url":"/Vehicles/List"}
{"duration":"16ms","ip":"::1","level":"info","message":"HTTP Request","method":"GET","service":"leiriadetail-api","status":200,"timestamp":"2026-05-31T19:05:42.796Z","url":"/Loyalty/Dashboard"}
{"duration":"3ms","ip":"::1","level":"info","message":"HTTP Request","method":"GET","service":"leiriadetail-api","status":200,"timestamp":"2026-05-31T19:05:49.928Z","url":"/Profile/"}
{"duration":"2ms","ip":"::1","level":"info","message":"HTTP Request","method":"GET","service":"leiriadetail-api","status":200,"timestamp":"2026-05-31T19:05:50.901Z","url":"/Services/"}
{"duration":"3ms","ip":"::1","level":"info","message":"HTTP Request","method":"GET","service":"leiriadetail-api","status":200,"timestamp":"2026-05-31T19:05:52.544Z","url":"/Bookings/slots?date=2026-05-31"}
{"duration":"6ms","ip":"::1","level":"info","message":"HTTP Request","method":"GET","service":"leiriadetail-api","status":200,"timestamp":"2026-05-31T19:05:52.548Z","url":"/Holiday/"}
{"duration":"3ms","ip":"::1","level":"info","message":"HTTP Request","method":"GET","service":"leiriadetail-api","status":200,"timestamp":"2026-05-31T19:05:56.620Z","url":"/Bookings/slots?date=2026-05-31"}
{"level":"info","message":"API a correr em development na porta 3001","service":"leiriadetail-api","timestamp":"2026-05-31T19:22:18.194Z"}
{"level":"warn","message":"Token inválido ou expirado","service":"leiriadetail-api","timestamp":"2026-05-31T19:24:18.229Z"}
{"duration":"32ms","ip":"::1","level":"info","message":"HTTP Request","method":"GET","service":"leiriadetail-api","status":401,"timestamp":"2026-05-31T19:24:18.232Z","url":"/Profile/"}
{"level":"warn","message":"Token inválido ou expirado","service":"leiriadetail-api","timestamp":"2026-05-31T19:24:18.395Z"}
{"duration":"3ms","ip":"::1","level":"info","message":"HTTP Request","method":"GET","service":"leiriadetail-api","status":401,"timestamp":"2026-05-31T19:24:18.396Z","url":"/Vehicles/List"}
{"level":"warn","message":"Token inválido ou expirado","service":"leiriadetail-api","timestamp":"2026-05-31T19:24:18.407Z"}
{"duration":"14ms","ip":"::1","level":"info","message":"HTTP Request","method":"GET","service":"leiriadetail-api","status":401,"timestamp":"2026-05-31T19:24:18.408Z","url":"/Loyalty/Dashboard"}
{"duration":"18ms","ip":"::1","level":"info","message":"HTTP Request","method":"GET","service":"leiriadetail-api","status":200,"timestamp":"2026-05-31T19:24:57.617Z","url":"/Services/"}
{"duration":"3ms","ip":"::1","level":"info","message":"HTTP Request","method":"GET","service":"leiriadetail-api","status":200,"timestamp":"2026-05-31T19:25:02.066Z","url":"/Services/"}
{"duration":"6ms","ip":"::1","level":"info","message":"HTTP Request","method":"GET","service":"leiriadetail-api","status":200,"timestamp":"2026-05-31T19:25:03.892Z","url":"/Portfolio/"}
{"duration":"11ms","ip":"::1","level":"info","message":"HTTP Request","method":"GET","service":"leiriadetail-api","status":200,"timestamp":"2026-05-31T19:25:03.899Z","url":"/Portfolio/categories"}
{"duration":"12ms","ip":"::1","level":"info","message":"HTTP Request","method":"GET","service":"leiriadetail-api","status":200,"timestamp":"2026-05-31T19:25:03.901Z","url":"/Services/"}
{"duration":"6ms","ip":"::1","level":"info","message":"HTTP Request","method":"GET","service":"leiriadetail-api","status":200,"timestamp":"2026-05-31T19:25:04.806Z","url":"/Materials/"}
{"duration":"4ms","ip":"::1","level":"info","message":"HTTP Request","method":"GET","service":"leiriadetail-api","status":200,"timestamp":"2026-05-31T19:25:06.633Z","url":"/Faqs/"}
{"duration":"4ms","ip":"::1","level":"info","message":"HTTP Request","method":"GET","service":"leiriadetail-api","status":200,"timestamp":"2026-05-31T19:25:07.807Z","url":"/Portfolio/"}
{"duration":"2ms","ip":"::1","level":"info","message":"HTTP Request","method":"GET","service":"leiriadetail-api","status":200,"timestamp":"2026-05-31T19:25:07.807Z","url":"/Portfolio/categories"}
{"duration":"2ms","ip":"::1","level":"info","message":"HTTP Request","method":"GET","service":"leiriadetail-api","status":200,"timestamp":"2026-05-31T19:25:07.808Z","url":"/Services/"}
{"duration":"2ms","ip":"::1","level":"info","message":"HTTP Request","method":"GET","service":"leiriadetail-api","status":200,"timestamp":"2026-05-31T19:25:09.081Z","url":"/Services/"}
{"level":"warn","message":"Token inválido ou expirado","service":"leiriadetail-api","timestamp":"2026-05-31T19:25:17.075Z"}
{"duration":"2ms","ip":"::1","level":"info","message":"HTTP Request","method":"GET","service":"leiriadetail-api","status":401,"timestamp":"2026-05-31T19:25:17.076Z","url":"/Vehicles/List"}
{"level":"warn","message":"Token inválido ou expirado","service":"leiriadetail-api","timestamp":"2026-05-31T19:25:17.076Z"}
{"duration":"2ms","ip":"::1","level":"info","message":"HTTP Request","method":"GET","service":"leiriadetail-api","status":401,"timestamp":"2026-05-31T19:25:17.077Z","url":"/Loyalty/Dashboard"}
{"duration":"3ms","ip":"::1","level":"info","message":"HTTP Request","method":"GET","service":"leiriadetail-api","status":200,"timestamp":"2026-05-31T19:25:18.050Z","url":"/Services/"}
{"duration":"16ms","ip":"::1","level":"info","message":"HTTP Request","method":"GET","service":"leiriadetail-api","status":200,"timestamp":"2026-05-31T19:26:55.428Z","url":"/Services/"}
{"level":"warn","message":"Token inválido ou expirado","service":"leiriadetail-api","timestamp":"2026-05-31T19:26:55.505Z"}
{"duration":"3ms","ip":"::1","level":"info","message":"HTTP Request","method":"GET","service":"leiriadetail-api","status":401,"timestamp":"2026-05-31T19:26:55.506Z","url":"/Profile/"}
{"duration":"2ms","ip":"::1","level":"info","message":"HTTP Request","method":"GET","service":"leiriadetail-api","status":200,"timestamp":"2026-05-31T19:27:21.022Z","url":"/Services/"}
{"level":"warn","message":"Token inválido ou expirado","service":"leiriadetail-api","timestamp":"2026-05-31T19:27:21.377Z"}
{"duration":"2ms","ip":"::1","level":"info","message":"HTTP Request","method":"GET","service":"leiriadetail-api","status":401,"timestamp":"2026-05-31T19:27:21.378Z","url":"/Profile/"}
{"duration":"12ms","ip":"::1","level":"info","message":"HTTP Request","method":"GET","service":"leiriadetail-api","status":200,"timestamp":"2026-05-31T19:28:08.901Z","url":"/Services/"}
{"level":"warn","message":"Token inválido ou expirado","service":"leiriadetail-api","timestamp":"2026-05-31T19:28:09.399Z"}
{"duration":"3ms","ip":"::1","level":"info","message":"HTTP Request","method":"GET","service":"leiriadetail-api","status":401,"timestamp":"2026-05-31T19:28:09.400Z","url":"/Profile/"}
{"duration":"2ms","ip":"::1","level":"info","message":"HTTP Request","method":"GET","service":"leiriadetail-api","status":200,"timestamp":"2026-05-31T19:28:10.747Z","url":"/Services/"}
{"level":"warn","message":"Token inválido ou expirado","service":"leiriadetail-api","timestamp":"2026-05-31T19:28:11.388Z"}
{"duration":"2ms","ip":"::1","level":"info","message":"HTTP Request","method":"GET","service":"leiriadetail-api","status":401,"timestamp":"2026-05-31T19:28:11.389Z","url":"/Profile/"}
{"duration":"2ms","ip":"::1","level":"info","message":"HTTP Request","method":"GET","service":"leiriadetail-api","status":200,"timestamp":"2026-05-31T19:28:18.906Z","url":"/Services/"}
{"level":"warn","message":"Token inválido ou expirado","service":"leiriadetail-api","timestamp":"2026-05-31T19:28:19.384Z"}
{"duration":"2ms","ip":"::1","level":"info","message":"HTTP Request","method":"GET","service":"leiriadetail-api","status":401,"timestamp":"2026-05-31T19:28:19.384Z","url":"/Profile/"}
{"duration":"2ms","ip":"::1","level":"info","message":"HTTP Request","method":"GET","service":"leiriadetail-api","status":200,"timestamp":"2026-05-31T19:28:24.764Z","url":"/Services/"}
{"level":"warn","message":"Token inválido ou expirado","service":"leiriadetail-api","timestamp":"2026-05-31T19:28:25.369Z"}
{"duration":"1ms","ip":"::1","level":"info","message":"HTTP Request","method":"GET","service":"leiriadetail-api","status":401,"timestamp":"2026-05-31T19:28:25.369Z","url":"/Profile/"}
{"duration":"2ms","ip":"::1","level":"info","message":"HTTP Request","method":"GET","service":"leiriadetail-api","status":200,"timestamp":"2026-05-31T19:28:27.820Z","url":"/Services/"}
{"level":"warn","message":"Token inválido ou expirado","service":"leiriadetail-api","timestamp":"2026-05-31T19:28:28.405Z"}
{"duration":"2ms","ip":"::1","level":"info","message":"HTTP Request","method":"GET","service":"leiriadetail-api","status":401,"timestamp":"2026-05-31T19:28:28.406Z","url":"/Profile/"}
{"duration":"3ms","ip":"::1","level":"info","message":"HTTP Request","method":"GET","service":"leiriadetail-api","status":200,"timestamp":"2026-05-31T19:28:29.023Z","url":"/Services/"}
{"level":"warn","message":"Token inválido ou expirado","service":"leiriadetail-api","timestamp":"2026-05-31T19:28:29.389Z"}
{"duration":"1ms","ip":"::1","level":"info","message":"HTTP Request","method":"GET","service":"leiriadetail-api","status":401,"timestamp":"2026-05-31T19:28:29.389Z","url":"/Profile/"}
{"duration":"19ms","ip":"::1","level":"info","message":"HTTP Request","method":"GET","service":"leiriadetail-api","status":200,"timestamp":"2026-05-31T19:29:17.122Z","url":"/Services/"}
{"level":"warn","message":"Token inválido ou expirado","service":"leiriadetail-api","timestamp":"2026-05-31T19:29:17.417Z"}
{"duration":"2ms","ip":"::1","level":"info","message":"HTTP Request","method":"GET","service":"leiriadetail-api","status":401,"timestamp":"2026-05-31T19:29:17.418Z","url":"/Profile/"}
{"duration":"11ms","ip":"::1","level":"info","message":"HTTP Request","method":"GET","service":"leiriadetail-api","status":200,"timestamp":"2026-05-31T19:30:31.609Z","url":"/Services/"}
{"duration":"14ms","ip":"::1","level":"info","message":"HTTP Request","method":"GET","service":"leiriadetail-api","status":200,"timestamp":"2026-05-31T19:31:13.300Z","url":"/Services/"}
{"duration":"3ms","ip":"::1","level":"info","message":"HTTP Request","method":"GET","service":"leiriadetail-api","status":200,"timestamp":"2026-05-31T19:31:17.739Z","url":"/Services/"}
{"duration":"2ms","ip":"::1","level":"info","message":"HTTP Request","method":"GET","service":"leiriadetail-api","status":200,"timestamp":"2026-05-31T19:31:19.648Z","url":"/Services/"}
{"duration":"3ms","ip":"::1","level":"info","message":"HTTP Request","method":"GET","service":"leiriadetail-api","status":200,"timestamp":"2026-05-31T19:31:35.679Z","url":"/Services/"}
{"level":"info","message":"API a correr em development na porta 3001","service":"leiriadetail-api","timestamp":"2026-05-31T19:31:54.133Z"}
{"duration":"25ms","ip":"::1","level":"info","message":"HTTP Request","method":"GET","service":"leiriadetail-api","status":200,"timestamp":"2026-05-31T19:32:00.563Z","url":"/Faqs/"}
{"duration":"35ms","ip":"::1","level":"info","message":"HTTP Request","method":"GET","service":"leiriadetail-api","status":200,"timestamp":"2026-05-31T19:32:00.564Z","url":"/Reviews/"}
{"duration":"4ms","ip":"::1","level":"info","message":"HTTP Request","method":"GET","service":"leiriadetail-api","status":200,"timestamp":"2026-05-31T19:32:03.474Z","url":"/Reviews/"}
{"duration":"4ms","ip":"::1","level":"info","message":"HTTP Request","method":"GET","service":"leiriadetail-api","status":200,"timestamp":"2026-05-31T19:32:03.475Z","url":"/Faqs/"}
{"duration":"5ms","ip":"::1","level":"info","message":"HTTP Request","method":"GET","service":"leiriadetail-api","status":200,"timestamp":"2026-05-31T19:32:04.723Z","url":"/Services/"}
{"duration":"4ms","ip":"::1","level":"info","message":"HTTP Request","method":"GET","service":"leiriadetail-api","status":200,"timestamp":"2026-05-31T19:32:06.665Z","url":"/Reviews/"}
{"duration":"4ms","ip":"::1","level":"info","message":"HTTP Request","method":"GET","service":"leiriadetail-api","status":200,"timestamp":"2026-05-31T19:32:06.667Z","url":"/Faqs/"}
{"duration":"3ms","ip":"::1","level":"info","message":"HTTP Request","method":"GET","service":"leiriadetail-api","status":200,"timestamp":"2026-05-31T19:32:15.189Z","url":"/Services/"}
{"duration":"11ms","ip":"::1","level":"info","message":"HTTP Request","method":"GET","service":"leiriadetail-api","status":200,"timestamp":"2026-05-31T19:32:54.952Z","url":"/Services/"}
{"duration":"2ms","ip":"::1","level":"info","message":"HTTP Request","method":"GET","service":"leiriadetail-api","status":200,"timestamp":"2026-05-31T19:32:56.044Z","url":"/Services/"}
{"duration":"2ms","ip":"::1","level":"info","message":"HTTP Request","method":"GET","service":"leiriadetail-api","status":200,"timestamp":"2026-05-31T19:32:57.436Z","url":"/Services/"}
{"duration":"3ms","ip":"::1","level":"info","message":"HTTP Request","method":"GET","service":"leiriadetail-api","status":200,"timestamp":"2026-05-31T19:32:57.993Z","url":"/Services/"}
{"level":"info","message":"API a correr em development na porta 3001","service":"leiriadetail-api","timestamp":"2026-05-31T19:36:28.255Z"}
{"duration":"33ms","ip":"::1","level":"info","message":"HTTP Request","method":"GET","service":"leiriadetail-api","status":200,"timestamp":"2026-05-31T19:37:13.914Z","url":"/Services/"}
{"duration":"4ms","ip":"::1","level":"info","message":"HTTP Request","method":"GET","service":"leiriadetail-api","status":200,"timestamp":"2026-05-31T19:37:14.794Z","url":"/Reviews/"}
{"duration":"3ms","ip":"::1","level":"info","message":"HTTP Request","method":"GET","service":"leiriadetail-api","status":200,"timestamp":"2026-05-31T19:37:14.798Z","url":"/Faqs/"}
{"duration":"4ms","ip":"::1","level":"info","message":"HTTP Request","method":"GET","service":"leiriadetail-api","status":200,"timestamp":"2026-05-31T19:37:18.060Z","url":"/Services/"}
{"level":"warn","message":"Token inválido ou expirado","service":"leiriadetail-api","timestamp":"2026-05-31T19:38:38.870Z"}
{"duration":"14ms","ip":"::1","level":"info","message":"HTTP Request","method":"GET","service":"leiriadetail-api","status":401,"timestamp":"2026-05-31T19:38:38.871Z","url":"/Profile/"}
{"duration":"3ms","ip":"::1","level":"info","message":"HTTP Request","method":"GET","service":"leiriadetail-api","status":200,"timestamp":"2026-05-31T19:38:40.449Z","url":"/Reviews/"}
{"duration":"3ms","ip":"::1","level":"info","message":"HTTP Request","method":"GET","service":"leiriadetail-api","status":200,"timestamp":"2026-05-31T19:38:40.457Z","url":"/Faqs/"}
{"duration":"2ms","ip":"::1","level":"info","message":"HTTP Request","method":"GET","service":"leiriadetail-api","status":200,"timestamp":"2026-05-31T19:38:41.935Z","url":"/Reviews/"}
{"duration":"2ms","ip":"::1","level":"info","message":"HTTP Request","method":"GET","service":"leiriadetail-api","status":200,"timestamp":"2026-05-31T19:38:41.937Z","url":"/Faqs/"}
{"level":"warn","message":"Token inválido ou expirado","service":"leiriadetail-api","timestamp":"2026-05-31T19:38:43.063Z"}
{"duration":"2ms","ip":"::1","level":"info","message":"HTTP Request","method":"GET","service":"leiriadetail-api","status":401,"timestamp":"2026-05-31T19:38:43.064Z","url":"/Profile/"}
{"level":"warn","message":"Token inválido ou expirado","service":"leiriadetail-api","timestamp":"2026-05-31T19:38:43.067Z"}
{"duration":"2ms","ip":"::1","level":"info","message":"HTTP Request","method":"GET","service":"leiriadetail-api","status":401,"timestamp":"2026-05-31T19:38:43.067Z","url":"/Bookings?user_id=1"}
{"level":"warn","message":"Token inválido ou expirado","service":"leiriadetail-api","timestamp":"2026-05-31T19:38:43.070Z"}
{"duration":"2ms","ip":"::1","level":"info","message":"HTTP Request","method":"GET","service":"leiriadetail-api","status":401,"timestamp":"2026-05-31T19:38:43.071Z","url":"/Authentication/Role"}
{"level":"warn","message":"Token inválido ou expirado","service":"leiriadetail-api","timestamp":"2026-05-31T19:38:43.078Z"}
{"duration":"3ms","ip":"::1","level":"info","message":"HTTP Request","method":"GET","service":"leiriadetail-api","status":401,"timestamp":"2026-05-31T19:38:43.079Z","url":"/Vehicles/List"}
{"level":"warn","message":"Token inválido ou expirado","service":"leiriadetail-api","timestamp":"2026-05-31T19:38:43.091Z"}
{"duration":"15ms","ip":"::1","level":"info","message":"HTTP Request","method":"GET","service":"leiriadetail-api","status":401,"timestamp":"2026-05-31T19:38:43.091Z","url":"/Bookings?user_id=1"}
{"duration":"2ms","ip":"::1","level":"info","message":"HTTP Request","method":"GET","service":"leiriadetail-api","status":200,"timestamp":"2026-05-31T19:38:44.932Z","url":"/Faqs/"}
{"duration":"3ms","ip":"::1","level":"info","message":"HTTP Request","method":"GET","service":"leiriadetail-api","status":200,"timestamp":"2026-05-31T19:38:44.932Z","url":"/Reviews/"}
{"duration":"3ms","ip":"::1","level":"info","message":"HTTP Request","method":"GET","service":"leiriadetail-api","status":200,"timestamp":"2026-05-31T19:38:46.190Z","url":"/Reviews/"}
{"duration":"2ms","ip":"::1","level":"info","message":"HTTP Request","method":"GET","service":"leiriadetail-api","status":200,"timestamp":"2026-05-31T19:38:46.190Z","url":"/Faqs/"}
{"duration":"2ms","ip":"::1","level":"info","message":"HTTP Request","method":"GET","service":"leiriadetail-api","status":200,"timestamp":"2026-05-31T19:38:51.402Z","url":"/Reviews/"}
{"duration":"4ms","ip":"::1","level":"info","message":"HTTP Request","method":"GET","service":"leiriadetail-api","status":200,"timestamp":"2026-05-31T19:38:51.404Z","url":"/Faqs/"}
{"duration":"3ms","ip":"::1","level":"info","message":"HTTP Request","method":"GET","service":"leiriadetail-api","status":200,"timestamp":"2026-05-31T19:39:00.026Z","url":"/Services/"}
{"duration":"3ms","ip":"::1","level":"info","message":"HTTP Request","method":"GET","service":"leiriadetail-api","status":200,"timestamp":"2026-05-31T19:39:08.636Z","url":"/Services/"}
{"duration":"12ms","ip":"::1","level":"info","message":"HTTP Request","method":"GET","service":"leiriadetail-api","status":200,"timestamp":"2026-05-31T19:40:02.874Z","url":"/Services/"}
{"duration":"2ms","ip":"::1","level":"info","message":"HTTP Request","method":"GET","service":"leiriadetail-api","status":200,"timestamp":"2026-05-31T19:40:05.059Z","url":"/Services/"}
{"duration":"3ms","ip":"::1","level":"info","message":"HTTP Request","method":"GET","service":"leiriadetail-api","status":200,"timestamp":"2026-05-31T19:40:06.413Z","url":"/Services/"}
{"duration":"6ms","ip":"::1","level":"info","message":"HTTP Request","method":"GET","service":"leiriadetail-api","status":200,"timestamp":"2026-05-31T19:40:07.666Z","url":"/Services/"}
{"duration":"2ms","ip":"::1","level":"info","message":"HTTP Request","method":"GET","service":"leiriadetail-api","status":200,"timestamp":"2026-05-31T19:40:36.298Z","url":"/Services/"}
{"duration":"12ms","ip":"::1","level":"info","message":"HTTP Request","method":"GET","service":"leiriadetail-api","status":200,"timestamp":"2026-05-31T19:43:01.962Z","url":"/Services/"}
{"duration":"3ms","ip":"::1","level":"info","message":"HTTP Request","method":"GET","service":"leiriadetail-api","status":200,"timestamp":"2026-05-31T19:43:08.421Z","url":"/Services/"}
{"duration":"2ms","ip":"::1","level":"info","message":"HTTP Request","method":"GET","service":"leiriadetail-api","status":200,"timestamp":"2026-05-31T19:43:31.344Z","url":"/Services/"}
{"duration":"2ms","ip":"::1","level":"info","message":"HTTP Request","method":"GET","service":"leiriadetail-api","status":200,"timestamp":"2026-05-31T19:43:32.757Z","url":"/Services/"}
{"duration":"2ms","ip":"::1","level":"info","message":"HTTP Request","method":"GET","service":"leiriadetail-api","status":200,"timestamp":"2026-05-31T19:43:34.087Z","url":"/Services/"}
{"duration":"4ms","ip":"::1","level":"info","message":"HTTP Request","method":"GET","service":"leiriadetail-api","status":200,"timestamp":"2026-05-31T19:43:38.552Z","url":"/Reviews/"}
{"duration":"11ms","ip":"::1","level":"info","message":"HTTP Request","method":"GET","service":"leiriadetail-api","status":200,"timestamp":"2026-05-31T19:43:38.560Z","url":"/Faqs/"}
{"duration":"14ms","ip":"::1","level":"info","message":"HTTP Request","method":"GET","service":"leiriadetail-api","status":200,"timestamp":"2026-05-31T19:51:04.372Z","url":"/Faqs/"}
{"duration":"15ms","ip":"::1","level":"info","message":"HTTP Request","method":"GET","service":"leiriadetail-api","status":200,"timestamp":"2026-05-31T19:51:04.373Z","url":"/Reviews/"}
{"duration":"4ms","ip":"::1","level":"info","message":"HTTP Request","method":"GET","service":"leiriadetail-api","status":200,"timestamp":"2026-05-31T19:51:33.539Z","url":"/Services/"}
{"duration":"3ms","ip":"::1","level":"info","message":"HTTP Request","method":"GET","service":"leiriadetail-api","status":200,"timestamp":"2026-05-31T19:51:34.717Z","url":"/Reviews/"}
{"duration":"3ms","ip":"::1","level":"info","message":"HTTP Request","method":"GET","service":"leiriadetail-api","status":200,"timestamp":"2026-05-31T19:51:34.722Z","url":"/Faqs/"}
{"duration":"4ms","ip":"::1","level":"info","message":"HTTP Request","method":"GET","service":"leiriadetail-api","status":200,"timestamp":"2026-05-31T19:51:37.171Z","url":"/Services/"}
{"duration":"3ms","ip":"::1","level":"info","message":"HTTP Request","method":"GET","service":"leiriadetail-api","status":200,"timestamp":"2026-05-31T19:51:38.226Z","url":"/Services/"}
{"duration":"3ms","ip":"::1","level":"info","message":"HTTP Request","method":"GET","service":"leiriadetail-api","status":200,"timestamp":"2026-05-31T19:51:41.253Z","url":"/Services/"}
{"duration":"2ms","ip":"::1","level":"info","message":"HTTP Request","method":"GET","service":"leiriadetail-api","status":200,"timestamp":"2026-05-31T19:51:42.713Z","url":"/Reviews/"}
{"duration":"3ms","ip":"::1","level":"info","message":"HTTP Request","method":"GET","service":"leiriadetail-api","status":200,"timestamp":"2026-05-31T19:51:42.717Z","url":"/Faqs/"}
{"duration":"14ms","ip":"::1","level":"info","message":"HTTP Request","method":"GET","service":"leiriadetail-api","status":200,"timestamp":"2026-05-31T19:52:33.391Z","url":"/Reviews/"}
{"duration":"12ms","ip":"::1","level":"info","message":"HTTP Request","method":"GET","service":"leiriadetail-api","status":200,"timestamp":"2026-05-31T19:52:33.392Z","url":"/Faqs/"}
{"duration":"4ms","ip":"::1","level":"info","message":"HTTP Request","method":"GET","service":"leiriadetail-api","status":200,"timestamp":"2026-05-31T19:52:42.861Z","url":"/Services/"}
{"duration":"3ms","ip":"::1","level":"info","message":"HTTP Request","method":"GET","service":"leiriadetail-api","status":200,"timestamp":"2026-05-31T19:52:49.538Z","url":"/Services/"}
{"duration":"5ms","ip":"::1","level":"info","message":"HTTP Request","method":"GET","service":"leiriadetail-api","status":200,"timestamp":"2026-05-31T19:52:56.594Z","url":"/Portfolio/"}
{"duration":"5ms","ip":"::1","level":"info","message":"HTTP Request","method":"GET","service":"leiriadetail-api","status":200,"timestamp":"2026-05-31T19:52:56.595Z","url":"/Portfolio/categories"}
{"duration":"14ms","ip":"::1","level":"info","message":"HTTP Request","method":"GET","service":"leiriadetail-api","status":200,"timestamp":"2026-05-31T19:52:56.605Z","url":"/Services/"}
{"duration":"6ms","ip":"::1","level":"info","message":"HTTP Request","method":"GET","service":"leiriadetail-api","status":200,"timestamp":"2026-05-31T19:53:03.316Z","url":"/Materials/"}
{"duration":"3ms","ip":"::1","level":"info","message":"HTTP Request","method":"GET","service":"leiriadetail-api","status":200,"timestamp":"2026-05-31T19:53:23.565Z","url":"/Faqs/"}
{"duration":"4ms","ip":"::1","level":"info","message":"HTTP Request","method":"GET","service":"leiriadetail-api","status":200,"timestamp":"2026-05-31T19:53:31.741Z","url":"/Reviews/"}
{"duration":"5ms","ip":"::1","level":"info","message":"HTTP Request","method":"GET","service":"leiriadetail-api","status":200,"timestamp":"2026-05-31T19:53:31.743Z","url":"/Faqs/"}
{"duration":"2ms","ip":"::1","level":"info","message":"HTTP Request","method":"GET","service":"leiriadetail-api","status":200,"timestamp":"2026-05-31T19:53:35.814Z","url":"/Faqs/"}
{"level":"info","message":"Login efetuado","service":"leiriadetail-api","timestamp":"2026-05-31T19:55:20.707Z","userId":1}
{"duration":"106ms","ip":"::1","level":"info","message":"HTTP Request","method":"POST","service":"leiriadetail-api","status":200,"timestamp":"2026-05-31T19:55:20.708Z","url":"/Authentication/Login"}
{"duration":"4ms","ip":"::1","level":"info","message":"HTTP Request","method":"GET","service":"leiriadetail-api","status":304,"timestamp":"2026-05-31T19:55:21.017Z","url":"/Authentication/Role"}
{"duration":"39ms","ip":"::1","level":"info","message":"HTTP Request","method":"GET","service":"leiriadetail-api","status":200,"timestamp":"2026-05-31T19:55:21.375Z","url":"/Dashboard"}
{"duration":"5ms","ip":"::1","level":"info","message":"HTTP Request","method":"GET","service":"leiriadetail-api","status":200,"timestamp":"2026-05-31T19:55:27.252Z","url":"/Reviews/"}
{"duration":"5ms","ip":"::1","level":"info","message":"HTTP Request","method":"GET","service":"leiriadetail-api","status":200,"timestamp":"2026-05-31T19:55:27.253Z","url":"/Faqs/"}
{"duration":"4ms","ip":"::1","level":"info","message":"HTTP Request","method":"GET","service":"leiriadetail-api","status":200,"timestamp":"2026-05-31T19:55:28.882Z","url":"/Bookings?user_id=1"}
{"duration":"7ms","ip":"::1","level":"info","message":"HTTP Request","method":"GET","service":"leiriadetail-api","status":200,"timestamp":"2026-05-31T19:55:28.884Z","url":"/Profile/"}
{"duration":"6ms","ip":"::1","level":"info","message":"HTTP Request","method":"GET","service":"leiriadetail-api","status":304,"timestamp":"2026-05-31T19:55:28.887Z","url":"/Authentication/Role"}
{"duration":"5ms","ip":"::1","level":"info","message":"HTTP Request","method":"GET","service":"leiriadetail-api","status":200,"timestamp":"2026-05-31T19:55:28.893Z","url":"/Bookings?user_id=1"}
{"duration":"6ms","ip":"::1","level":"info","message":"HTTP Request","method":"GET","service":"leiriadetail-api","status":200,"timestamp":"2026-05-31T19:55:28.894Z","url":"/Vehicles/List"}
{"duration":"9ms","ip":"::1","level":"info","message":"HTTP Request","method":"GET","service":"leiriadetail-api","status":200,"timestamp":"2026-05-31T19:55:56.727Z","url":"/Loyalty/Dashboard"}
{"duration":"13ms","ip":"::1","level":"info","message":"HTTP Request","method":"GET","service":"leiriadetail-api","status":200,"timestamp":"2026-05-31T19:57:38.305Z","url":"/Services/"}
{"duration":"6ms","ip":"::1","level":"info","message":"HTTP Request","method":"GET","service":"leiriadetail-api","status":200,"timestamp":"2026-05-31T19:57:40.018Z","url":"/Vehicles/List"}
{"duration":"19ms","ip":"::1","level":"info","message":"HTTP Request","method":"GET","service":"leiriadetail-api","status":200,"timestamp":"2026-05-31T19:57:40.034Z","url":"/Loyalty/Dashboard"}
{"duration":"8ms","ip":"::1","level":"info","message":"HTTP Request","method":"GET","service":"leiriadetail-api","status":200,"timestamp":"2026-05-31T19:57:41.549Z","url":"/Profile/"}
{"duration":"7ms","ip":"::1","level":"info","message":"HTTP Request","method":"GET","service":"leiriadetail-api","status":200,"timestamp":"2026-05-31T19:57:41.551Z","url":"/Bookings?user_id=1"}
{"duration":"4ms","ip":"::1","level":"info","message":"HTTP Request","method":"GET","service":"leiriadetail-api","status":200,"timestamp":"2026-05-31T19:57:41.562Z","url":"/Vehicles/List"}
{"duration":"19ms","ip":"::1","level":"info","message":"HTTP Request","method":"GET","service":"leiriadetail-api","status":304,"timestamp":"2026-05-31T19:57:41.564Z","url":"/Authentication/Role"}
{"duration":"5ms","ip":"::1","level":"info","message":"HTTP Request","method":"GET","service":"leiriadetail-api","status":200,"timestamp":"2026-05-31T19:57:41.564Z","url":"/Bookings?user_id=1"}
{"duration":"7ms","ip":"::1","level":"info","message":"HTTP Request","method":"POST","service":"leiriadetail-api","status":200,"timestamp":"2026-05-31T19:57:57.656Z","url":"/Vehicles/Add"}
{"duration":"4ms","ip":"::1","level":"info","message":"HTTP Request","method":"GET","service":"leiriadetail-api","status":200,"timestamp":"2026-05-31T19:57:57.665Z","url":"/Vehicles/List"}
{"duration":"3ms","ip":"::1","level":"info","message":"HTTP Request","method":"GET","service":"leiriadetail-api","status":200,"timestamp":"2026-05-31T19:58:01.291Z","url":"/Services/"}
{"duration":"4ms","ip":"::1","level":"info","message":"HTTP Request","method":"GET","service":"leiriadetail-api","status":200,"timestamp":"2026-05-31T19:58:03.013Z","url":"/Vehicles/List"}
{"duration":"4ms","ip":"::1","level":"info","message":"HTTP Request","method":"GET","service":"leiriadetail-api","status":200,"timestamp":"2026-05-31T19:58:03.019Z","url":"/Loyalty/Dashboard"}
{"duration":"4ms","ip":"::1","level":"info","message":"HTTP Request","method":"GET","service":"leiriadetail-api","status":304,"timestamp":"2026-05-31T19:58:06.178Z","url":"/Authentication/Role"}
{"duration":"4ms","ip":"::1","level":"info","message":"HTTP Request","method":"GET","service":"leiriadetail-api","status":200,"timestamp":"2026-05-31T19:58:06.185Z","url":"/Profile/"}
{"duration":"5ms","ip":"::1","level":"info","message":"HTTP Request","method":"GET","service":"leiriadetail-api","status":200,"timestamp":"2026-05-31T19:58:06.186Z","url":"/Vehicles/List"}
{"duration":"7ms","ip":"::1","level":"info","message":"HTTP Request","method":"GET","service":"leiriadetail-api","status":200,"timestamp":"2026-05-31T19:58:06.188Z","url":"/Bookings?user_id=1"}
{"duration":"17ms","ip":"::1","level":"info","message":"HTTP Request","method":"GET","service":"leiriadetail-api","status":200,"timestamp":"2026-05-31T19:58:06.199Z","url":"/Bookings?user_id=1"}
{"duration":"5ms","ip":"::1","level":"info","message":"HTTP Request","method":"GET","service":"leiriadetail-api","status":200,"timestamp":"2026-05-31T19:58:11.700Z","url":"/Vehicles/List"}
{"duration":"10ms","ip":"::1","level":"info","message":"HTTP Request","method":"GET","service":"leiriadetail-api","status":200,"timestamp":"2026-05-31T19:58:11.707Z","url":"/Loyalty/Dashboard"}
{"duration":"4ms","ip":"::1","level":"info","message":"HTTP Request","method":"GET","service":"leiriadetail-api","status":304,"timestamp":"2026-05-31T19:58:20.188Z","url":"/Authentication/Role"}
{"duration":"4ms","ip":"::1","level":"info","message":"HTTP Request","method":"GET","service":"leiriadetail-api","status":200,"timestamp":"2026-05-31T19:58:20.198Z","url":"/Profile/"}
{"duration":"3ms","ip":"::1","level":"info","message":"HTTP Request","method":"GET","service":"leiriadetail-api","status":200,"timestamp":"2026-05-31T19:58:20.199Z","url":"/Bookings?user_id=1"}
{"duration":"4ms","ip":"::1","level":"info","message":"HTTP Request","method":"GET","service":"leiriadetail-api","status":200,"timestamp":"2026-05-31T19:58:20.201Z","url":"/Bookings?user_id=1"}
{"duration":"6ms","ip":"::1","level":"info","message":"HTTP Request","method":"GET","service":"leiriadetail-api","status":200,"timestamp":"2026-05-31T19:58:20.202Z","url":"/Vehicles/List"}
{"duration":"10ms","ip":"::1","level":"info","message":"HTTP Request","method":"GET","service":"leiriadetail-api","status":200,"timestamp":"2026-05-31T19:58:31.034Z","url":"/Dashboard"}
{"duration":"4ms","ip":"::1","level":"info","message":"HTTP Request","method":"GET","service":"leiriadetail-api","status":200,"timestamp":"2026-05-31T19:58:31.829Z","url":"/Profile/"}
{"duration":"5ms","ip":"::1","level":"info","message":"HTTP Request","method":"GET","service":"leiriadetail-api","status":304,"timestamp":"2026-05-31T19:58:31.833Z","url":"/Authentication/Role"}
{"duration":"2ms","ip":"::1","level":"info","message":"HTTP Request","method":"GET","service":"leiriadetail-api","status":200,"timestamp":"2026-05-31T19:58:31.844Z","url":"/Bookings?user_id=1"}
{"duration":"4ms","ip":"::1","level":"info","message":"HTTP Request","method":"GET","service":"leiriadetail-api","status":200,"timestamp":"2026-05-31T19:58:31.847Z","url":"/Bookings?user_id=1"}
{"duration":"6ms","ip":"::1","level":"info","message":"HTTP Request","method":"GET","service":"leiriadetail-api","status":200,"timestamp":"2026-05-31T19:58:31.848Z","url":"/Vehicles/List"}
{"duration":"2ms","ip":"::1","level":"info","message":"HTTP Request","method":"GET","service":"leiriadetail-api","status":200,"timestamp":"2026-05-31T19:58:33.794Z","url":"/Services/"}
{"duration":"4ms","ip":"::1","level":"info","message":"HTTP Request","method":"GET","service":"leiriadetail-api","status":200,"timestamp":"2026-05-31T19:58:35.681Z","url":"/Vehicles/List"}
{"duration":"8ms","ip":"::1","level":"info","message":"HTTP Request","method":"GET","service":"leiriadetail-api","status":200,"timestamp":"2026-05-31T19:58:35.688Z","url":"/Loyalty/Dashboard"}
{"duration":"3ms","ip":"::1","level":"info","message":"HTTP Request","method":"GET","service":"leiriadetail-api","status":200,"timestamp":"2026-05-31T19:58:38.154Z","url":"/Profile/"}
{"duration":"3ms","ip":"::1","level":"info","message":"HTTP Request","method":"GET","service":"leiriadetail-api","status":200,"timestamp":"2026-05-31T19:58:40.895Z","url":"/Services/"}
{"duration":"4ms","ip":"::1","level":"info","message":"HTTP Request","method":"GET","service":"leiriadetail-api","status":200,"timestamp":"2026-05-31T19:58:51.428Z","url":"/Bookings/slots?date=2026-05-31"}
{"duration":"6ms","ip":"::1","level":"info","message":"HTTP Request","method":"GET","service":"leiriadetail-api","status":200,"timestamp":"2026-05-31T19:58:51.431Z","url":"/Holiday/"}
{"duration":"2ms","ip":"::1","level":"info","message":"HTTP Request","method":"GET","service":"leiriadetail-api","status":200,"timestamp":"2026-05-31T19:58:54.099Z","url":"/Bookings/slots?date=2026-05-31"}
{"duration":"23ms","ip":"::1","level":"info","message":"HTTP Request","method":"GET","service":"leiriadetail-api","status":200,"timestamp":"2026-05-31T19:59:31.047Z","url":"/Dashboard"}
{"duration":"12ms","ip":"::1","level":"info","message":"HTTP Request","method":"GET","service":"leiriadetail-api","status":200,"timestamp":"2026-05-31T20:00:23.899Z","url":"/Services/"}
{"duration":"5ms","ip":"::1","level":"info","message":"HTTP Request","method":"GET","service":"leiriadetail-api","status":200,"timestamp":"2026-05-31T20:00:24.841Z","url":"/Vehicles/List"}
{"duration":"16ms","ip":"::1","level":"info","message":"HTTP Request","method":"GET","service":"leiriadetail-api","status":200,"timestamp":"2026-05-31T20:00:24.855Z","url":"/Loyalty/Dashboard"}
{"duration":"3ms","ip":"::1","level":"info","message":"HTTP Request","method":"GET","service":"leiriadetail-api","status":200,"timestamp":"2026-05-31T20:00:26.172Z","url":"/Profile/"}
{"duration":"4ms","ip":"::1","level":"info","message":"HTTP Request","method":"GET","service":"leiriadetail-api","status":200,"timestamp":"2026-05-31T20:00:29.417Z","url":"/Services/"}
{"duration":"14ms","ip":"::1","level":"info","message":"HTTP Request","method":"GET","service":"leiriadetail-api","status":200,"timestamp":"2026-05-31T20:00:31.036Z","url":"/Dashboard"}
{"duration":"4ms","ip":"::1","level":"info","message":"HTTP Request","method":"GET","service":"leiriadetail-api","status":200,"timestamp":"2026-05-31T20:00:31.253Z","url":"/Bookings/slots?date=2026-05-31"}
{"duration":"5ms","ip":"::1","level":"info","message":"HTTP Request","method":"GET","service":"leiriadetail-api","status":200,"timestamp":"2026-05-31T20:00:31.257Z","url":"/Holiday/"}
{"duration":"3ms","ip":"::1","level":"info","message":"HTTP Request","method":"GET","service":"leiriadetail-api","status":200,"timestamp":"2026-05-31T20:00:33.942Z","url":"/Bookings/slots?date=2026-06-01"}
{"duration":"25ms","ip":"::1","level":"info","message":"HTTP Request","method":"GET","service":"leiriadetail-api","status":200,"timestamp":"2026-05-31T20:01:31.050Z","url":"/Dashboard"}
{"duration":"23ms","ip":"::1","level":"info","message":"HTTP Request","method":"GET","service":"leiriadetail-api","status":200,"timestamp":"2026-05-31T20:02:31.048Z","url":"/Dashboard"}
{"duration":"27ms","ip":"::1","level":"info","message":"HTTP Request","method":"GET","service":"leiriadetail-api","status":200,"timestamp":"2026-05-31T20:03:31.053Z","url":"/Dashboard"}
{"duration":"27ms","ip":"::1","level":"info","message":"HTTP Request","method":"GET","service":"leiriadetail-api","status":200,"timestamp":"2026-05-31T20:04:31.051Z","url":"/Dashboard"}
{"duration":"28ms","ip":"::1","level":"info","message":"HTTP Request","method":"GET","service":"leiriadetail-api","status":200,"timestamp":"2026-05-31T20:05:31.053Z","url":"/Dashboard"}
{"duration":"7ms","ip":"::1","level":"info","message":"HTTP Request","method":"GET","service":"leiriadetail-api","status":200,"timestamp":"2026-05-31T20:05:56.072Z","url":"/Vehicles/List"}
{"duration":"10ms","ip":"::1","level":"info","message":"HTTP Request","method":"GET","service":"leiriadetail-api","status":200,"timestamp":"2026-05-31T20:05:56.076Z","url":"/Loyalty/Dashboard"}
{"duration":"3ms","ip":"::1","level":"info","message":"HTTP Request","method":"GET","service":"leiriadetail-api","status":200,"timestamp":"2026-05-31T20:05:57.595Z","url":"/Profile/"}
{"duration":"3ms","ip":"::1","level":"info","message":"HTTP Request","method":"GET","service":"leiriadetail-api","status":200,"timestamp":"2026-05-31T20:05:58.499Z","url":"/Services/"}
{"duration":"3ms","ip":"::1","level":"info","message":"HTTP Request","method":"GET","service":"leiriadetail-api","status":200,"timestamp":"2026-05-31T20:06:00.321Z","url":"/Bookings/slots?date=2026-05-31"}
{"duration":"7ms","ip":"::1","level":"info","message":"HTTP Request","method":"GET","service":"leiriadetail-api","status":200,"timestamp":"2026-05-31T20:06:00.327Z","url":"/Holiday/"}
{"duration":"2ms","ip":"::1","level":"info","message":"HTTP Request","method":"GET","service":"leiriadetail-api","status":200,"timestamp":"2026-05-31T20:06:01.910Z","url":"/Bookings/slots?date=2026-06-01"}
{"duration":"2ms","ip":"::1","level":"info","message":"HTTP Request","method":"POST","service":"leiriadetail-api","status":404,"timestamp":"2026-05-31T20:06:07.989Z","url":"/Appointments"}
{"level":"info","message":"API a correr em development na porta 3001","service":"leiriadetail-api","timestamp":"2026-05-31T20:08:25.035Z"}
{"duration":"36ms","ip":"::1","level":"info","message":"HTTP Request","method":"GET","service":"leiriadetail-api","status":200,"timestamp":"2026-05-31T20:08:30.346Z","url":"/Reviews/"}
{"duration":"28ms","ip":"::1","level":"info","message":"HTTP Request","method":"GET","service":"leiriadetail-api","status":200,"timestamp":"2026-05-31T20:08:30.347Z","url":"/Faqs/"}
{"level":"info","message":"Login efetuado","service":"leiriadetail-api","timestamp":"2026-05-31T20:08:46.171Z","userId":1}
{"duration":"68ms","ip":"::1","level":"info","message":"HTTP Request","method":"POST","service":"leiriadetail-api","status":200,"timestamp":"2026-05-31T20:08:46.172Z","url":"/Authentication/Login"}
{"duration":"4ms","ip":"::1","level":"info","message":"HTTP Request","method":"GET","service":"leiriadetail-api","status":304,"timestamp":"2026-05-31T20:08:46.180Z","url":"/Authentication/Role"}
{"duration":"27ms","ip":"::1","level":"info","message":"HTTP Request","method":"GET","service":"leiriadetail-api","status":200,"timestamp":"2026-05-31T20:08:46.349Z","url":"/Dashboard"}
{"duration":"3ms","ip":"::1","level":"info","message":"HTTP Request","method":"GET","service":"leiriadetail-api","status":200,"timestamp":"2026-05-31T20:08:50.691Z","url":"/Faqs/"}
{"duration":"4ms","ip":"::1","level":"info","message":"HTTP Request","method":"GET","service":"leiriadetail-api","status":200,"timestamp":"2026-05-31T20:08:50.692Z","url":"/Reviews/"}
{"duration":"4ms","ip":"::1","level":"info","message":"HTTP Request","method":"GET","service":"leiriadetail-api","status":200,"timestamp":"2026-05-31T20:08:52.160Z","url":"/Bookings?user_id=1"}
{"duration":"9ms","ip":"::1","level":"info","message":"HTTP Request","method":"GET","service":"leiriadetail-api","status":200,"timestamp":"2026-05-31T20:08:52.163Z","url":"/Profile/"}
{"duration":"3ms","ip":"::1","level":"info","message":"HTTP Request","method":"GET","service":"leiriadetail-api","status":200,"timestamp":"2026-05-31T20:08:52.164Z","url":"/Bookings?user_id=1"}
{"duration":"9ms","ip":"::1","level":"info","message":"HTTP Request","method":"GET","service":"leiriadetail-api","status":304,"timestamp":"2026-05-31T20:08:52.167Z","url":"/Authentication/Role"}
{"duration":"19ms","ip":"::1","level":"info","message":"HTTP Request","method":"GET","service":"leiriadetail-api","status":200,"timestamp":"2026-05-31T20:08:52.178Z","url":"/Vehicles/List"}
{"duration":"3ms","ip":"::1","level":"info","message":"HTTP Request","method":"GET","service":"leiriadetail-api","status":200,"timestamp":"2026-05-31T20:08:53.132Z","url":"/Reviews/"}
{"duration":"3ms","ip":"::1","level":"info","message":"HTTP Request","method":"GET","service":"leiriadetail-api","status":200,"timestamp":"2026-05-31T20:08:53.133Z","url":"/Faqs/"}
{"duration":"5ms","ip":"::1","level":"info","message":"HTTP Request","method":"GET","service":"leiriadetail-api","status":200,"timestamp":"2026-05-31T20:08:54.990Z","url":"/Bookings?user_id=1"}
{"duration":"7ms","ip":"::1","level":"info","message":"HTTP Request","method":"GET","service":"leiriadetail-api","status":200,"timestamp":"2026-05-31T20:08:54.991Z","url":"/Profile/"}
{"duration":"6ms","ip":"::1","level":"info","message":"HTTP Request","method":"GET","service":"leiriadetail-api","status":304,"timestamp":"2026-05-31T20:08:54.993Z","url":"/Authentication/Role"}
{"duration":"9ms","ip":"::1","level":"info","message":"HTTP Request","method":"GET","service":"leiriadetail-api","status":200,"timestamp":"2026-05-31T20:08:54.994Z","url":"/Vehicles/List"}
{"duration":"18ms","ip":"::1","level":"info","message":"HTTP Request","method":"GET","service":"leiriadetail-api","status":200,"timestamp":"2026-05-31T20:08:55.005Z","url":"/Bookings?user_id=1"}
{"duration":"2ms","ip":"::1","level":"info","message":"HTTP Request","method":"GET","service":"leiriadetail-api","status":200,"timestamp":"2026-05-31T20:08:58.308Z","url":"/Faqs/"}
{"duration":"3ms","ip":"::1","level":"info","message":"HTTP Request","method":"GET","service":"leiriadetail-api","status":200,"timestamp":"2026-05-31T20:08:58.309Z","url":"/Reviews/"}
{"duration":"2ms","ip":"::1","level":"info","message":"HTTP Request","method":"GET","service":"leiriadetail-api","status":200,"timestamp":"2026-05-31T20:09:00.221Z","url":"/Services/"}
{"duration":"5ms","ip":"::1","level":"info","message":"HTTP Request","method":"GET","service":"leiriadetail-api","status":200,"timestamp":"2026-05-31T20:09:01.408Z","url":"/Vehicles/List"}
{"duration":"8ms","ip":"::1","level":"info","message":"HTTP Request","method":"GET","service":"leiriadetail-api","status":200,"timestamp":"2026-05-31T20:09:01.413Z","url":"/Loyalty/Dashboard"}
{"duration":"4ms","ip":"::1","level":"info","message":"HTTP Request","method":"GET","service":"leiriadetail-api","status":200,"timestamp":"2026-05-31T20:09:03.038Z","url":"/Profile/"}
{"duration":"2ms","ip":"::1","level":"info","message":"HTTP Request","method":"GET","service":"leiriadetail-api","status":200,"timestamp":"2026-05-31T20:09:03.981Z","url":"/Services/"}
{"duration":"2ms","ip":"::1","level":"info","message":"HTTP Request","method":"GET","service":"leiriadetail-api","status":200,"timestamp":"2026-05-31T20:09:05.489Z","url":"/Bookings/slots?date=2026-05-31"}
{"duration":"4ms","ip":"::1","level":"info","message":"HTTP Request","method":"GET","service":"leiriadetail-api","status":200,"timestamp":"2026-05-31T20:09:05.493Z","url":"/Holiday/"}
{"duration":"2ms","ip":"::1","level":"info","message":"HTTP Request","method":"GET","service":"leiriadetail-api","status":200,"timestamp":"2026-05-31T20:09:08.096Z","url":"/Bookings/slots?date=2026-06-01"}
{"duration":"2ms","ip":"::1","level":"info","message":"HTTP Request","method":"POST","service":"leiriadetail-api","status":404,"timestamp":"2026-05-31T20:09:11.765Z","url":"/Appointments"}
{"level":"info","message":"API a correr em development na porta 3001","service":"leiriadetail-api","timestamp":"2026-05-31T20:09:26.705Z"}
{"duration":"30ms","ip":"::1","level":"info","message":"HTTP Request","method":"POST","service":"leiriadetail-api","status":404,"timestamp":"2026-05-31T20:09:54.960Z","url":"/Appointments"}
{"level":"warn","message":"Tentativa de autenticação sem sessionKey","service":"leiriadetail-api","timestamp":"2026-05-31T20:10:21.632Z"}
{"duration":"2ms","ip":"::1","level":"info","message":"HTTP Request","method":"GET","service":"leiriadetail-api","status":401,"timestamp":"2026-05-31T20:10:21.634Z","url":"/health"}
{"level":"info","message":"API a correr em development na porta 3001","service":"leiriadetail-api","timestamp":"2026-05-31T20:10:52.081Z"}
{"duration":"32ms","ip":"::1","level":"info","message":"HTTP Request","method":"GET","service":"leiriadetail-api","status":200,"timestamp":"2026-05-31T20:10:55.006Z","url":"/Vehicles/List"}
{"duration":"28ms","ip":"::1","level":"info","message":"HTTP Request","method":"GET","service":"leiriadetail-api","status":200,"timestamp":"2026-05-31T20:10:55.008Z","url":"/Loyalty/Dashboard"}
{"duration":"7ms","ip":"::1","level":"info","message":"HTTP Request","method":"GET","service":"leiriadetail-api","status":200,"timestamp":"2026-05-31T20:10:55.685Z","url":"/Vehicles/List"}
{"duration":"9ms","ip":"::1","level":"info","message":"HTTP Request","method":"GET","service":"leiriadetail-api","status":200,"timestamp":"2026-05-31T20:10:55.688Z","url":"/Loyalty/Dashboard"}
{"duration":"4ms","ip":"::1","level":"info","message":"HTTP Request","method":"GET","service":"leiriadetail-api","status":200,"timestamp":"2026-05-31T20:10:55.983Z","url":"/Vehicles/List"}
{"duration":"5ms","ip":"::1","level":"info","message":"HTTP Request","method":"GET","service":"leiriadetail-api","status":200,"timestamp":"2026-05-31T20:10:55.985Z","url":"/Loyalty/Dashboard"}
{"duration":"5ms","ip":"::1","level":"info","message":"HTTP Request","method":"GET","service":"leiriadetail-api","status":200,"timestamp":"2026-05-31T20:10:56.943Z","url":"/Profile/"}
{"duration":"5ms","ip":"::1","level":"info","message":"HTTP Request","method":"GET","service":"leiriadetail-api","status":200,"timestamp":"2026-05-31T20:10:57.935Z","url":"/Services/"}
{"duration":"3ms","ip":"::1","level":"info","message":"HTTP Request","method":"GET","service":"leiriadetail-api","status":200,"timestamp":"2026-05-31T20:10:59.734Z","url":"/Bookings/slots?date=2026-05-31"}
{"duration":"7ms","ip":"::1","level":"info","message":"HTTP Request","method":"GET","service":"leiriadetail-api","status":200,"timestamp":"2026-05-31T20:10:59.741Z","url":"/Holiday/"}
{"duration":"1ms","ip":"::1","level":"info","message":"HTTP Request","method":"GET","service":"leiriadetail-api","status":200,"timestamp":"2026-05-31T20:11:01.818Z","url":"/Bookings/slots?date=2026-06-01"}
{"duration":"4ms","ip":"::1","level":"info","message":"HTTP Request","method":"GET","service":"leiriadetail-api","status":200,"timestamp":"2026-05-31T20:11:17.075Z","url":"/Vehicles/List"}
{"duration":"5ms","ip":"::1","level":"info","message":"HTTP Request","method":"GET","service":"leiriadetail-api","status":200,"timestamp":"2026-05-31T20:11:17.076Z","url":"/Loyalty/Dashboard"}
{"duration":"3ms","ip":"::1","level":"info","message":"HTTP Request","method":"GET","service":"leiriadetail-api","status":200,"timestamp":"2026-05-31T20:11:18.757Z","url":"/Profile/"}
{"duration":"3ms","ip":"::1","level":"info","message":"HTTP Request","method":"GET","service":"leiriadetail-api","status":200,"timestamp":"2026-05-31T20:11:19.836Z","url":"/Services/"}
{"duration":"2ms","ip":"::1","level":"info","message":"HTTP Request","method":"GET","service":"leiriadetail-api","status":200,"timestamp":"2026-05-31T20:11:21.374Z","url":"/Bookings/slots?date=2026-05-31"}
{"duration":"5ms","ip":"::1","level":"info","message":"HTTP Request","method":"GET","service":"leiriadetail-api","status":200,"timestamp":"2026-05-31T20:11:21.379Z","url":"/Holiday/"}
{"duration":"2ms","ip":"::1","level":"info","message":"HTTP Request","method":"GET","service":"leiriadetail-api","status":200,"timestamp":"2026-05-31T20:11:22.688Z","url":"/Bookings/slots?date=2026-06-01"}
{"duration":"17ms","ip":"::1","level":"info","message":"HTTP Request","method":"GET","service":"leiriadetail-api","status":200,"timestamp":"2026-05-31T20:12:11.252Z","url":"/Vehicles/List"}
{"duration":"19ms","ip":"::1","level":"info","message":"HTTP Request","method":"GET","service":"leiriadetail-api","status":200,"timestamp":"2026-05-31T20:12:11.255Z","url":"/Loyalty/Dashboard"}
{"duration":"4ms","ip":"::1","level":"info","message":"HTTP Request","method":"GET","service":"leiriadetail-api","status":200,"timestamp":"2026-05-31T20:12:13.281Z","url":"/Profile/"}
{"duration":"2ms","ip":"::1","level":"info","message":"HTTP Request","method":"GET","service":"leiriadetail-api","status":200,"timestamp":"2026-05-31T20:12:15.792Z","url":"/Services/"}
{"duration":"3ms","ip":"::1","level":"info","message":"HTTP Request","method":"GET","service":"leiriadetail-api","status":200,"timestamp":"2026-05-31T20:12:17.205Z","url":"/Services/"}
{"duration":"5ms","ip":"::1","level":"info","message":"HTTP Request","method":"GET","service":"leiriadetail-api","status":200,"timestamp":"2026-05-31T20:12:18.667Z","url":"/Vehicles/List"}
{"duration":"11ms","ip":"::1","level":"info","message":"HTTP Request","method":"GET","service":"leiriadetail-api","status":200,"timestamp":"2026-05-31T20:12:18.676Z","url":"/Loyalty/Dashboard"}
{"duration":"3ms","ip":"::1","level":"info","message":"HTTP Request","method":"GET","service":"leiriadetail-api","status":200,"timestamp":"2026-05-31T20:12:19.891Z","url":"/Profile/"}
{"duration":"2ms","ip":"::1","level":"info","message":"HTTP Request","method":"GET","service":"leiriadetail-api","status":200,"timestamp":"2026-05-31T20:12:20.759Z","url":"/Services/"}
{"duration":"3ms","ip":"::1","level":"info","message":"HTTP Request","method":"GET","service":"leiriadetail-api","status":200,"timestamp":"2026-05-31T20:12:22.360Z","url":"/Bookings/slots?date=2026-05-31"}
{"duration":"6ms","ip":"::1","level":"info","message":"HTTP Request","method":"GET","service":"leiriadetail-api","status":200,"timestamp":"2026-05-31T20:12:22.365Z","url":"/Holiday/"}
{"duration":"2ms","ip":"::1","level":"info","message":"HTTP Request","method":"GET","service":"leiriadetail-api","status":200,"timestamp":"2026-05-31T20:12:23.519Z","url":"/Bookings/slots?date=2026-06-01"}
{"duration":"11ms","ip":"::1","level":"info","message":"HTTP Request","method":"POST","service":"leiriadetail-api","status":404,"timestamp":"2026-05-31T20:12:30.193Z","url":"/Appointments"}
{"duration":"15ms","ip":"::1","level":"info","message":"HTTP Request","method":"POST","service":"leiriadetail-api","status":404,"timestamp":"2026-05-31T20:13:20.258Z","url":"/Appointments"}
{"level":"info","message":"API a correr em development na porta 3001","service":"leiriadetail-api","timestamp":"2026-05-31T20:13:31.524Z"}
{"duration":"23ms","ip":"::1","level":"info","message":"HTTP Request","method":"GET","service":"leiriadetail-api","status":200,"timestamp":"2026-05-31T20:13:38.436Z","url":"/Faqs/"}
{"duration":"33ms","ip":"::1","level":"info","message":"HTTP Request","method":"GET","service":"leiriadetail-api","status":200,"timestamp":"2026-05-31T20:13:38.437Z","url":"/Reviews/"}
{"level":"info","message":"Login efetuado","service":"leiriadetail-api","timestamp":"2026-05-31T20:13:47.733Z","userId":1}
{"duration":"64ms","ip":"::1","level":"info","message":"HTTP Request","method":"POST","service":"leiriadetail-api","status":200,"timestamp":"2026-05-31T20:13:47.734Z","url":"/Authentication/Login"}
{"duration":"4ms","ip":"::1","level":"info","message":"HTTP Request","method":"GET","service":"leiriadetail-api","status":304,"timestamp":"2026-05-31T20:13:47.743Z","url":"/Authentication/Role"}
{"duration":"30ms","ip":"::1","level":"info","message":"HTTP Request","method":"GET","service":"leiriadetail-api","status":200,"timestamp":"2026-05-31T20:13:47.834Z","url":"/Dashboard"}
{"duration":"5ms","ip":"::1","level":"info","message":"HTTP Request","method":"GET","service":"leiriadetail-api","status":200,"timestamp":"2026-05-31T20:13:51.613Z","url":"/Reviews/"}
{"duration":"5ms","ip":"::1","level":"info","message":"HTTP Request","method":"GET","service":"leiriadetail-api","status":200,"timestamp":"2026-05-31T20:13:51.614Z","url":"/Faqs/"}
{"duration":"4ms","ip":"::1","level":"info","message":"HTTP Request","method":"GET","service":"leiriadetail-api","status":304,"timestamp":"2026-05-31T20:13:52.857Z","url":"/Authentication/Role"}
{"duration":"7ms","ip":"::1","level":"info","message":"HTTP Request","method":"GET","service":"leiriadetail-api","status":200,"timestamp":"2026-05-31T20:13:52.861Z","url":"/Profile/"}
{"duration":"3ms","ip":"::1","level":"info","message":"HTTP Request","method":"GET","service":"leiriadetail-api","status":200,"timestamp":"2026-05-31T20:13:52.863Z","url":"/Bookings?user_id=1"}
{"duration":"2ms","ip":"::1","level":"info","message":"HTTP Request","method":"GET","service":"leiriadetail-api","status":200,"timestamp":"2026-05-31T20:13:52.871Z","url":"/Bookings?user_id=1"}
{"duration":"6ms","ip":"::1","level":"info","message":"HTTP Request","method":"GET","service":"leiriadetail-api","status":200,"timestamp":"2026-05-31T20:13:52.875Z","url":"/Vehicles/List"}
{"duration":"3ms","ip":"::1","level":"info","message":"HTTP Request","method":"GET","service":"leiriadetail-api","status":200,"timestamp":"2026-05-31T20:13:57.969Z","url":"/Faqs/"}
{"duration":"4ms","ip":"::1","level":"info","message":"HTTP Request","method":"GET","service":"leiriadetail-api","status":200,"timestamp":"2026-05-31T20:13:57.970Z","url":"/Reviews/"}
{"duration":"4ms","ip":"::1","level":"info","message":"HTTP Request","method":"GET","service":"leiriadetail-api","status":200,"timestamp":"2026-05-31T20:13:59.448Z","url":"/Vehicles/List"}
{"duration":"8ms","ip":"::1","level":"info","message":"HTTP Request","method":"GET","service":"leiriadetail-api","status":200,"timestamp":"2026-05-31T20:13:59.454Z","url":"/Loyalty/Dashboard"}
{"duration":"2ms","ip":"::1","level":"info","message":"HTTP Request","method":"GET","service":"leiriadetail-api","status":200,"timestamp":"2026-05-31T20:14:00.850Z","url":"/Profile/"}
{"duration":"3ms","ip":"::1","level":"info","message":"HTTP Request","method":"GET","service":"leiriadetail-api","status":200,"timestamp":"2026-05-31T20:14:01.928Z","url":"/Services/"}
{"duration":"2ms","ip":"::1","level":"info","message":"HTTP Request","method":"GET","service":"leiriadetail-api","status":200,"timestamp":"2026-05-31T20:14:03.823Z","url":"/Bookings/slots?date=2026-05-31"}
{"duration":"5ms","ip":"::1","level":"info","message":"HTTP Request","method":"GET","service":"leiriadetail-api","status":200,"timestamp":"2026-05-31T20:14:03.830Z","url":"/Holiday/"}
{"duration":"1ms","ip":"::1","level":"info","message":"HTTP Request","method":"GET","service":"leiriadetail-api","status":200,"timestamp":"2026-05-31T20:14:04.884Z","url":"/Bookings/slots?date=2026-06-01"}
{"duration":"2ms","ip":"::1","level":"info","message":"HTTP Request","method":"POST","service":"leiriadetail-api","status":404,"timestamp":"2026-05-31T20:14:07.945Z","url":"/Appointments"}
{"duration":"2ms","ip":"::1","level":"info","message":"HTTP Request","method":"POST","service":"leiriadetail-api","status":404,"timestamp":"2026-05-31T20:14:11.884Z","url":"/Appointments"}
{"duration":"0ms","ip":"::1","level":"info","message":"HTTP Request","method":"GET","service":"leiriadetail-api","status":400,"timestamp":"2026-05-31T20:16:10.189Z","url":"/Bookings"}
{"duration":"10ms","ip":"::1","level":"info","message":"HTTP Request","method":"GET","service":"leiriadetail-api","status":200,"timestamp":"2026-05-31T20:16:17.058Z","url":"/Bookings/slots?date=2026-06-01"}
{"duration":"3ms","ip":"::1","level":"info","message":"HTTP Request","method":"GET","service":"leiriadetail-api","status":200,"timestamp":"2026-05-31T20:16:29.099Z","url":"/Services/"}
{"level":"warn","message":"Tentativa de autenticação sem sessionKey","service":"leiriadetail-api","timestamp":"2026-05-31T20:16:32.367Z"}
{"duration":"0ms","ip":"::1","level":"info","message":"HTTP Request","method":"GET","service":"leiriadetail-api","status":401,"timestamp":"2026-05-31T20:16:32.368Z","url":"/Holiday/"}
{"level":"warn","message":"Tentativa de autenticação sem sessionKey","service":"leiriadetail-api","timestamp":"2026-05-31T20:16:35.018Z"}
{"duration":"1ms","ip":"::1","level":"info","message":"HTTP Request","method":"GET","service":"leiriadetail-api","status":401,"timestamp":"2026-05-31T20:16:35.019Z","url":"/Loyalty/Dashboard"}
{"level":"warn","message":"Tentativa de autenticação sem sessionKey","service":"leiriadetail-api","timestamp":"2026-05-31T20:16:37.672Z"}
{"duration":"1ms","ip":"::1","level":"info","message":"HTTP Request","method":"GET","service":"leiriadetail-api","status":401,"timestamp":"2026-05-31T20:16:37.672Z","url":"/Loyalty/Balance"}
{"level":"info","message":"API a correr em development na porta 3001","service":"leiriadetail-api","timestamp":"2026-05-31T20:17:14.982Z"}
{"level":"info","message":"API a correr em development na porta 3001","service":"leiriadetail-api","timestamp":"2026-05-31T20:17:16.315Z"}
{"level":"info","message":"API a correr em development na porta 3001","service":"leiriadetail-api","timestamp":"2026-05-31T20:18:09.587Z"}
{"level":"info","message":"API a correr em development na porta 3001","service":"leiriadetail-api","timestamp":"2026-05-31T20:20:48.009Z"}
{"level":"info","message":"API a correr em development na porta 3001","service":"leiriadetail-api","timestamp":"2026-05-31T20:20:50.997Z"}
{"level":"info","message":"API a correr em development na porta 3001","service":"leiriadetail-api","timestamp":"2026-05-31T20:24:22.998Z"}
{"duration":"28ms","ip":"::1","level":"info","message":"HTTP Request","method":"GET","service":"leiriadetail-api","status":200,"timestamp":"2026-05-31T20:24:25.139Z","url":"/Holiday/"}
{"level":"info","message":"API a correr em development na porta 3001","service":"leiriadetail-api","timestamp":"2026-05-31T20:24:33.368Z"}
{"duration":"32ms","ip":"::1","level":"info","message":"HTTP Request","method":"GET","service":"leiriadetail-api","status":200,"timestamp":"2026-05-31T20:24:40.222Z","url":"/Holiday/"}
{"duration":"38ms","ip":"::1","level":"info","message":"HTTP Request","method":"GET","service":"leiriadetail-api","status":200,"timestamp":"2026-05-31T20:24:41.634Z","url":"/Dashboard"}
{"duration":"2ms","ip":"::1","level":"info","message":"HTTP Request","method":"GET","service":"leiriadetail-api","status":200,"timestamp":"2026-05-31T20:24:42.498Z","url":"/Holiday/"}
{"duration":"7ms","ip":"::1","level":"info","message":"HTTP Request","method":"GET","service":"leiriadetail-api","status":200,"timestamp":"2026-05-31T20:24:43.277Z","url":"/Audit"}
{"duration":"8ms","ip":"::1","level":"info","message":"HTTP Request","method":"GET","service":"leiriadetail-api","status":200,"timestamp":"2026-05-31T20:24:43.877Z","url":"/Staff/"}
{"duration":"10ms","ip":"::1","level":"info","message":"HTTP Request","method":"GET","service":"leiriadetail-api","status":200,"timestamp":"2026-05-31T20:24:44.790Z","url":"/Dashboard"}
{"duration":"5ms","ip":"::1","level":"info","message":"HTTP Request","method":"GET","service":"leiriadetail-api","status":200,"timestamp":"2026-05-31T20:24:47.949Z","url":"/CRM"}
{"duration":"9ms","ip":"::1","level":"info","message":"HTTP Request","method":"GET","service":"leiriadetail-api","status":200,"timestamp":"2026-05-31T20:24:47.953Z","url":"/Registos?date=2026-05-31"}
{"duration":"5ms","ip":"::1","level":"info","message":"HTTP Request","method":"GET","service":"leiriadetail-api","status":200,"timestamp":"2026-05-31T20:24:48.740Z","url":"/CRM"}
{"duration":"5ms","ip":"::1","level":"info","message":"HTTP Request","method":"GET","service":"leiriadetail-api","status":200,"timestamp":"2026-05-31T20:24:49.042Z","url":"/Services/"}
{"duration":"5ms","ip":"::1","level":"info","message":"HTTP Request","method":"GET","service":"leiriadetail-api","status":200,"timestamp":"2026-05-31T20:24:49.654Z","url":"/Registos"}
{"duration":"6ms","ip":"::1","level":"info","message":"HTTP Request","method":"GET","service":"leiriadetail-api","status":200,"timestamp":"2026-05-31T20:24:49.657Z","url":"/Registos/Stats"}
{"duration":"6ms","ip":"::1","level":"info","message":"HTTP Request","method":"GET","service":"leiriadetail-api","status":200,"timestamp":"2026-05-31T20:24:49.662Z","url":"/CRM"}
{"duration":"2ms","ip":"::1","level":"info","message":"HTTP Request","method":"GET","service":"leiriadetail-api","status":200,"timestamp":"2026-05-31T20:24:50.498Z","url":"/Portfolio/categories"}
{"duration":"4ms","ip":"::1","level":"info","message":"HTTP Request","method":"GET","service":"leiriadetail-api","status":200,"timestamp":"2026-05-31T20:24:50.499Z","url":"/Portfolio/"}
{"duration":"3ms","ip":"::1","level":"info","message":"HTTP Request","method":"GET","service":"leiriadetail-api","status":200,"timestamp":"2026-05-31T20:24:50.500Z","url":"/Services/"}
{"duration":"7ms","ip":"::1","level":"info","message":"HTTP Request","method":"GET","service":"leiriadetail-api","status":200,"timestamp":"2026-05-31T20:24:51.150Z","url":"/Financial/"}
{"duration":"5ms","ip":"::1","level":"info","message":"HTTP Request","method":"GET","service":"leiriadetail-api","status":200,"timestamp":"2026-05-31T20:24:52.123Z","url":"/Inventory/alerts"}
{"duration":"7ms","ip":"::1","level":"info","message":"HTTP Request","method":"GET","service":"leiriadetail-api","status":200,"timestamp":"2026-05-31T20:24:52.123Z","url":"/Inventory/"}
{"duration":"4ms","ip":"::1","level":"info","message":"HTTP Request","method":"GET","service":"leiriadetail-api","status":200,"timestamp":"2026-05-31T20:24:52.529Z","url":"/Staff/"}
{"duration":"5ms","ip":"::1","level":"info","message":"HTTP Request","method":"GET","service":"leiriadetail-api","status":200,"timestamp":"2026-05-31T20:24:53.229Z","url":"/Audit"}
{"duration":"3ms","ip":"::1","level":"info","message":"HTTP Request","method":"GET","service":"leiriadetail-api","status":200,"timestamp":"2026-05-31T20:24:53.848Z","url":"/Holiday/"}
{"duration":"4ms","ip":"::1","level":"info","message":"HTTP Request","method":"GET","service":"leiriadetail-api","status":200,"timestamp":"2026-05-31T20:24:57.099Z","url":"/Vehicles/List"}
{"duration":"5ms","ip":"::1","level":"info","message":"HTTP Request","method":"GET","service":"leiriadetail-api","status":200,"timestamp":"2026-05-31T20:24:57.101Z","url":"/Loyalty/Dashboard"}
{"duration":"5ms","ip":"::1","level":"info","message":"HTTP Request","method":"GET","service":"leiriadetail-api","status":200,"timestamp":"2026-05-31T20:24:57.862Z","url":"/Vehicles/List"}
{"duration":"5ms","ip":"::1","level":"info","message":"HTTP Request","method":"GET","service":"leiriadetail-api","status":200,"timestamp":"2026-05-31T20:24:57.863Z","url":"/Loyalty/Dashboard"}
{"duration":"3ms","ip":"::1","level":"info","message":"HTTP Request","method":"GET","service":"leiriadetail-api","status":200,"timestamp":"2026-05-31T20:24:58.145Z","url":"/Vehicles/List"}
{"duration":"5ms","ip":"::1","level":"info","message":"HTTP Request","method":"GET","service":"leiriadetail-api","status":200,"timestamp":"2026-05-31T20:24:58.148Z","url":"/Loyalty/Dashboard"}
{"duration":"4ms","ip":"::1","level":"info","message":"HTTP Request","method":"GET","service":"leiriadetail-api","status":200,"timestamp":"2026-05-31T20:25:01.007Z","url":"/Profile/"}
{"duration":"2ms","ip":"::1","level":"info","message":"HTTP Request","method":"GET","service":"leiriadetail-api","status":200,"timestamp":"2026-05-31T20:25:02.024Z","url":"/Services/"}
{"duration":"3ms","ip":"::1","level":"info","message":"HTTP Request","method":"GET","service":"leiriadetail-api","status":200,"timestamp":"2026-05-31T20:25:03.333Z","url":"/Bookings/slots?date=2026-05-31"}
{"duration":"2ms","ip":"::1","level":"info","message":"HTTP Request","method":"GET","service":"leiriadetail-api","status":200,"timestamp":"2026-05-31T20:25:03.335Z","url":"/Holiday/"}
{"duration":"2ms","ip":"::1","level":"info","message":"HTTP Request","method":"GET","service":"leiriadetail-api","status":200,"timestamp":"2026-05-31T20:25:04.655Z","url":"/Bookings/slots?date=2026-06-01"}
{"duration":"10ms","ip":"::1","level":"info","message":"HTTP Request","method":"POST","service":"leiriadetail-api","status":404,"timestamp":"2026-05-31T20:25:07.965Z","url":"/Appointments"}
{"duration":"24ms","ip":"::1","level":"info","message":"HTTP Request","method":"GET","service":"leiriadetail-api","status":200,"timestamp":"2026-05-31T20:25:42.252Z","url":"/Dashboard"}
{"duration":"7ms","ip":"::1","level":"info","message":"HTTP Request","method":"GET","service":"leiriadetail-api","status":200,"timestamp":"2026-05-31T20:25:45.232Z","url":"/Dashboard"}
{"duration":"23ms","ip":"::1","level":"info","message":"HTTP Request","method":"GET","service":"leiriadetail-api","status":200,"timestamp":"2026-05-31T20:26:42.251Z","url":"/Dashboard"}
{"duration":"7ms","ip":"::1","level":"info","message":"HTTP Request","method":"GET","service":"leiriadetail-api","status":200,"timestamp":"2026-05-31T20:26:45.232Z","url":"/Dashboard"}
{"duration":"20ms","ip":"::1","level":"info","message":"HTTP Request","method":"GET","service":"leiriadetail-api","status":200,"timestamp":"2026-05-31T20:27:42.247Z","url":"/Dashboard"}
{"duration":"11ms","ip":"::1","level":"info","message":"HTTP Request","method":"GET","service":"leiriadetail-api","status":200,"timestamp":"2026-05-31T20:27:45.236Z","url":"/Dashboard"}
{"duration":"26ms","ip":"::1","level":"info","message":"HTTP Request","method":"GET","service":"leiriadetail-api","status":200,"timestamp":"2026-05-31T20:28:42.254Z","url":"/Dashboard"}
{"duration":"9ms","ip":"::1","level":"info","message":"HTTP Request","method":"GET","service":"leiriadetail-api","status":200,"timestamp":"2026-05-31T20:28:45.234Z","url":"/Dashboard"}
{"level":"info","message":"API a correr em development na porta 3001","service":"leiriadetail-api","timestamp":"2026-05-31T20:28:53.027Z"}
{"level":"info","message":"API a correr em development na porta 3001","service":"leiriadetail-api","timestamp":"2026-05-31T20:28:59.758Z"}
{"level":"info","message":"API a correr em development na porta 3001","service":"leiriadetail-api","timestamp":"2026-05-31T20:29:39.263Z"}
{"duration":"48ms","ip":"::1","level":"info","message":"HTTP Request","method":"GET","service":"leiriadetail-api","status":200,"timestamp":"2026-05-31T20:29:42.322Z","url":"/Dashboard"}
{"duration":"10ms","ip":"::1","level":"info","message":"HTTP Request","method":"GET","service":"leiriadetail-api","status":200,"timestamp":"2026-05-31T20:29:46.548Z","url":"/Dashboard"}
{"level":"info","message":"API a correr em development na porta 3001","service":"leiriadetail-api","timestamp":"2026-05-31T20:29:51.409Z"}
{"duration":"47ms","ip":"::1","level":"info","message":"HTTP Request","method":"GET","service":"leiriadetail-api","status":200,"timestamp":"2026-05-31T20:29:59.432Z","url":"/Holiday/"}
{"duration":"10ms","ip":"::1","level":"info","message":"HTTP Request","method":"GET","service":"leiriadetail-api","status":200,"timestamp":"2026-05-31T20:29:59.535Z","url":"/Vehicles/List"}
{"duration":"22ms","ip":"::1","level":"info","message":"HTTP Request","method":"GET","service":"leiriadetail-api","status":200,"timestamp":"2026-05-31T20:29:59.551Z","url":"/Loyalty/Dashboard"}
{"duration":"6ms","ip":"::1","level":"info","message":"HTTP Request","method":"GET","service":"leiriadetail-api","status":200,"timestamp":"2026-05-31T20:30:00.719Z","url":"/Profile/"}
{"duration":"6ms","ip":"::1","level":"info","message":"HTTP Request","method":"GET","service":"leiriadetail-api","status":200,"timestamp":"2026-05-31T20:30:02.048Z","url":"/Services/"}
{"duration":"4ms","ip":"::1","level":"info","message":"HTTP Request","method":"GET","service":"leiriadetail-api","status":200,"timestamp":"2026-05-31T20:30:03.394Z","url":"/Bookings/slots?date=2026-05-31"}
{"duration":"3ms","ip":"::1","level":"info","message":"HTTP Request","method":"GET","service":"leiriadetail-api","status":200,"timestamp":"2026-05-31T20:30:03.395Z","url":"/Holiday/"}
{"duration":"2ms","ip":"::1","level":"info","message":"HTTP Request","method":"GET","service":"leiriadetail-api","status":200,"timestamp":"2026-05-31T20:30:04.697Z","url":"/Bookings/slots?date=2026-06-01"}
{"duration":"13ms","ip":"::1","level":"info","message":"HTTP Request","method":"POST","service":"leiriadetail-api","status":200,"timestamp":"2026-05-31T20:30:11.004Z","url":"/Bookings"}
{"duration":"3ms","ip":"::1","level":"info","message":"HTTP Request","method":"GET","service":"leiriadetail-api","status":304,"timestamp":"2026-05-31T20:30:11.362Z","url":"/Authentication/Role"}
{"duration":"16ms","ip":"::1","level":"info","message":"HTTP Request","method":"GET","service":"leiriadetail-api","status":200,"timestamp":"2026-05-31T20:39:22.132Z","url":"/Vehicles/List"}
{"duration":"17ms","ip":"::1","level":"info","message":"HTTP Request","method":"GET","service":"leiriadetail-api","status":200,"timestamp":"2026-05-31T20:39:22.134Z","url":"/Loyalty/Dashboard"}
{"duration":"4ms","ip":"::1","level":"info","message":"HTTP Request","method":"GET","service":"leiriadetail-api","status":200,"timestamp":"2026-05-31T20:39:23.620Z","url":"/Profile/"}
{"duration":"3ms","ip":"::1","level":"info","message":"HTTP Request","method":"GET","service":"leiriadetail-api","status":200,"timestamp":"2026-05-31T20:39:25.067Z","url":"/Services/"}
{"duration":"2ms","ip":"::1","level":"info","message":"HTTP Request","method":"GET","service":"leiriadetail-api","status":200,"timestamp":"2026-05-31T20:39:26.383Z","url":"/Bookings/slots?date=2026-05-31"}
{"duration":"3ms","ip":"::1","level":"info","message":"HTTP Request","method":"GET","service":"leiriadetail-api","status":200,"timestamp":"2026-05-31T20:39:26.387Z","url":"/Holiday/"}
{"duration":"1ms","ip":"::1","level":"info","message":"HTTP Request","method":"GET","service":"leiriadetail-api","status":200,"timestamp":"2026-05-31T20:39:28.721Z","url":"/Bookings/slots?date=2026-06-02"}
{"duration":"1ms","ip":"::1","level":"info","message":"HTTP Request","method":"GET","service":"leiriadetail-api","status":200,"timestamp":"2026-05-31T20:39:29.881Z","url":"/Bookings/slots?date=2026-06-01"}
{"duration":"2ms","ip":"::1","level":"info","message":"HTTP Request","method":"GET","service":"leiriadetail-api","status":200,"timestamp":"2026-05-31T20:39:31.227Z","url":"/Bookings/slots?date=2026-06-01"}
{"duration":"1ms","ip":"::1","level":"info","message":"HTTP Request","method":"GET","service":"leiriadetail-api","status":200,"timestamp":"2026-05-31T20:39:31.703Z","url":"/Bookings/slots?date=2026-06-02"}
{"duration":"1ms","ip":"::1","level":"info","message":"HTTP Request","method":"GET","service":"leiriadetail-api","status":200,"timestamp":"2026-05-31T20:39:33.124Z","url":"/Bookings/slots?date=2026-06-01"}
{"duration":"13ms","ip":"::1","level":"info","message":"HTTP Request","method":"GET","service":"leiriadetail-api","status":200,"timestamp":"2026-05-31T20:42:55.120Z","url":"/Holiday/"}
{"duration":"14ms","ip":"::1","level":"info","message":"HTTP Request","method":"GET","service":"leiriadetail-api","status":304,"timestamp":"2026-05-31T20:43:54.008Z","url":"/Authentication/Role"}
{"duration":"38ms","ip":"::1","level":"info","message":"HTTP Request","method":"GET","service":"leiriadetail-api","status":200,"timestamp":"2026-05-31T20:44:49.105Z","url":"/Dashboard"}
{"duration":"8ms","ip":"::1","level":"info","message":"HTTP Request","method":"GET","service":"leiriadetail-api","status":200,"timestamp":"2026-05-31T20:44:50.512Z","url":"/Staff/"}
{"level":"info","message":"Role atualizada","newRole":"manager","service":"leiriadetail-api","targetId":1,"timestamp":"2026-05-31T20:44:52.327Z"}
{"duration":"7ms","ip":"::1","level":"info","message":"HTTP Request","method":"PUT","service":"leiriadetail-api","status":200,"timestamp":"2026-05-31T20:44:52.327Z","url":"/Staff/Role"}
{"level":"warn","message":"Permissão negada","required":"admin, superadmin","role":"manager","service":"leiriadetail-api","timestamp":"2026-05-31T20:44:52.333Z","userId":1}
{"duration":"3ms","ip":"::1","level":"info","message":"HTTP Request","method":"GET","service":"leiriadetail-api","status":403,"timestamp":"2026-05-31T20:44:52.334Z","url":"/Staff/"}
{"duration":"5ms","ip":"::1","level":"info","message":"HTTP Request","method":"GET","service":"leiriadetail-api","status":200,"timestamp":"2026-05-31T20:44:55.128Z","url":"/Inventory/"}
{"duration":"5ms","ip":"::1","level":"info","message":"HTTP Request","method":"GET","service":"leiriadetail-api","status":200,"timestamp":"2026-05-31T20:44:55.132Z","url":"/Inventory/alerts"}
{"level":"warn","message":"Permissão negada","required":"admin, superadmin","role":"manager","service":"leiriadetail-api","timestamp":"2026-05-31T20:44:55.728Z","userId":1}
{"duration":"3ms","ip":"::1","level":"info","message":"HTTP Request","method":"GET","service":"leiriadetail-api","status":403,"timestamp":"2026-05-31T20:44:55.729Z","url":"/Staff/"}
{"level":"warn","message":"Permissão negada","required":"superadmin","role":"manager","service":"leiriadetail-api","timestamp":"2026-05-31T20:44:56.991Z","userId":1}
{"duration":"3ms","ip":"::1","level":"info","message":"HTTP Request","method":"GET","service":"leiriadetail-api","status":403,"timestamp":"2026-05-31T20:44:56.991Z","url":"/Audit"}
{"duration":"2ms","ip":"::1","level":"info","message":"HTTP Request","method":"GET","service":"leiriadetail-api","status":200,"timestamp":"2026-05-31T20:44:57.639Z","url":"/Holiday/"}
{"duration":"8ms","ip":"::1","level":"info","message":"HTTP Request","method":"GET","service":"leiriadetail-api","status":200,"timestamp":"2026-05-31T20:44:58.574Z","url":"/Registos"}
{"duration":"7ms","ip":"::1","level":"info","message":"HTTP Request","method":"GET","service":"leiriadetail-api","status":200,"timestamp":"2026-05-31T20:44:58.577Z","url":"/Registos/Stats"}
{"duration":"7ms","ip":"::1","level":"info","message":"HTTP Request","method":"GET","service":"leiriadetail-api","status":200,"timestamp":"2026-05-31T20:44:58.578Z","url":"/CRM"}
{"duration":"3ms","ip":"::1","level":"info","message":"HTTP Request","method":"GET","service":"leiriadetail-api","status":200,"timestamp":"2026-05-31T20:44:59.122Z","url":"/CRM"}
{"duration":"3ms","ip":"::1","level":"info","message":"HTTP Request","method":"GET","service":"leiriadetail-api","status":200,"timestamp":"2026-05-31T20:44:59.787Z","url":"/CRM"}
{"duration":"5ms","ip":"::1","level":"info","message":"HTTP Request","method":"GET","service":"leiriadetail-api","status":200,"timestamp":"2026-05-31T20:44:59.789Z","url":"/Registos?date=2026-05-31"}
{"duration":"3ms","ip":"::1","level":"info","message":"HTTP Request","method":"GET","service":"leiriadetail-api","status":200,"timestamp":"2026-05-31T20:45:00.311Z","url":"/Services/"}
{"duration":"3ms","ip":"::1","level":"info","message":"HTTP Request","method":"GET","service":"leiriadetail-api","status":200,"timestamp":"2026-05-31T20:45:01.780Z","url":"/Portfolio/categories"}
{"duration":"4ms","ip":"::1","level":"info","message":"HTTP Request","method":"GET","service":"leiriadetail-api","status":200,"timestamp":"2026-05-31T20:45:01.781Z","url":"/Portfolio/"}
{"duration":"2ms","ip":"::1","level":"info","message":"HTTP Request","method":"GET","service":"leiriadetail-api","status":200,"timestamp":"2026-05-31T20:45:01.782Z","url":"/Services/"}
{"level":"warn","message":"Permissão negada","required":"admin, superadmin","role":"manager","service":"leiriadetail-api","timestamp":"2026-05-31T20:45:02.443Z","userId":1}
{"duration":"3ms","ip":"::1","level":"info","message":"HTTP Request","method":"GET","service":"leiriadetail-api","status":403,"timestamp":"2026-05-31T20:45:02.443Z","url":"/Financial/"}
{"duration":"3ms","ip":"::1","level":"info","message":"HTTP Request","method":"GET","service":"leiriadetail-api","status":200,"timestamp":"2026-05-31T20:45:04.665Z","url":"/Inventory/"}
{"duration":"3ms","ip":"::1","level":"info","message":"HTTP Request","method":"GET","service":"leiriadetail-api","status":200,"timestamp":"2026-05-31T20:45:04.666Z","url":"/Inventory/alerts"}
{"level":"warn","message":"Permissão negada","required":"admin, superadmin","role":"manager","service":"leiriadetail-api","timestamp":"2026-05-31T20:45:05.975Z","userId":1}
{"duration":"4ms","ip":"::1","level":"info","message":"HTTP Request","method":"GET","service":"leiriadetail-api","status":403,"timestamp":"2026-05-31T20:45:05.976Z","url":"/Staff/"}
{"level":"warn","message":"Permissão negada","required":"superadmin","role":"manager","service":"leiriadetail-api","timestamp":"2026-05-31T20:45:06.640Z","userId":1}
{"duration":"3ms","ip":"::1","level":"info","message":"HTTP Request","method":"GET","service":"leiriadetail-api","status":403,"timestamp":"2026-05-31T20:45:06.641Z","url":"/Audit"}
{"level":"warn","message":"Permissão negada","required":"admin, superadmin","role":"manager","service":"leiriadetail-api","timestamp":"2026-05-31T20:45:08.510Z","userId":1}
{"duration":"3ms","ip":"::1","level":"info","message":"HTTP Request","method":"GET","service":"leiriadetail-api","status":403,"timestamp":"2026-05-31T20:45:08.511Z","url":"/Staff/"}
{"level":"warn","message":"Permissão negada","required":"admin, superadmin","role":"manager","service":"leiriadetail-api","timestamp":"2026-05-31T20:45:49.079Z","userId":1}
{"duration":"12ms","ip":"::1","level":"info","message":"HTTP Request","method":"GET","service":"leiriadetail-api","status":403,"timestamp":"2026-05-31T20:45:49.080Z","url":"/Dashboard"}
{"duration":"5ms","ip":"::1","level":"info","message":"HTTP Request","method":"GET","service":"leiriadetail-api","status":200,"timestamp":"2026-05-31T20:46:08.304Z","url":"/CRM"}
{"duration":"3ms","ip":"::1","level":"info","message":"HTTP Request","method":"GET","service":"leiriadetail-api","status":200,"timestamp":"2026-05-31T20:46:08.367Z","url":"/Services/"}
{"duration":"6ms","ip":"::1","level":"info","message":"HTTP Request","method":"GET","service":"leiriadetail-api","status":200,"timestamp":"2026-05-31T20:46:09.231Z","url":"/Registos"}
{"duration":"16ms","ip":"::1","level":"info","message":"HTTP Request","method":"GET","service":"leiriadetail-api","status":200,"timestamp":"2026-05-31T20:46:09.245Z","url":"/CRM"}
{"duration":"18ms","ip":"::1","level":"info","message":"HTTP Request","method":"GET","service":"leiriadetail-api","status":200,"timestamp":"2026-05-31T20:46:09.246Z","url":"/Registos/Stats"}
{"duration":"8ms","ip":"::1","level":"info","message":"HTTP Request","method":"GET","service":"leiriadetail-api","status":200,"timestamp":"2026-05-31T20:46:10.375Z","url":"/Financial/"}
{"duration":"4ms","ip":"::1","level":"info","message":"HTTP Request","method":"GET","service":"leiriadetail-api","status":200,"timestamp":"2026-05-31T20:46:11.146Z","url":"/Inventory/"}
{"duration":"4ms","ip":"::1","level":"info","message":"HTTP Request","method":"GET","service":"leiriadetail-api","status":200,"timestamp":"2026-05-31T20:46:11.147Z","url":"/Inventory/alerts"}
{"duration":"4ms","ip":"::1","level":"info","message":"HTTP Request","method":"GET","service":"leiriadetail-api","status":200,"timestamp":"2026-05-31T20:46:11.643Z","url":"/Staff/"}
{"duration":"24ms","ip":"::1","level":"info","message":"HTTP Request","method":"GET","service":"leiriadetail-api","status":200,"timestamp":"2026-05-31T20:46:49.093Z","url":"/Dashboard"}
{"level":"info","message":"API a correr em development na porta 3001","service":"leiriadetail-api","timestamp":"2026-05-31T20:49:10.614Z"}
{"level":"info","message":"API a correr em development na porta 3001","service":"leiriadetail-api","timestamp":"2026-05-31T20:53:44.824Z"}
{"level":"info","message":"Login efetuado","service":"leiriadetail-api","timestamp":"2026-05-31T20:53:55.222Z","userId":1}
{"duration":"93ms","ip":"::1","level":"info","message":"HTTP Request","method":"POST","service":"leiriadetail-api","status":200,"timestamp":"2026-05-31T20:53:55.225Z","url":"/Authentication/Login"}
{"duration":"4ms","ip":"::1","level":"info","message":"HTTP Request","method":"GET","service":"leiriadetail-api","status":200,"timestamp":"2026-05-31T20:53:55.233Z","url":"/Authentication/Role"}
{"duration":"3ms","ip":"::1","level":"info","message":"HTTP Request","method":"GET","service":"leiriadetail-api","status":304,"timestamp":"2026-05-31T20:53:55.327Z","url":"/Authentication/Role"}
{"duration":"29ms","ip":"::1","level":"info","message":"HTTP Request","method":"GET","service":"leiriadetail-api","status":200,"timestamp":"2026-05-31T20:53:55.420Z","url":"/Dashboard"}
{"duration":"7ms","ip":"::1","level":"info","message":"HTTP Request","method":"GET","service":"leiriadetail-api","status":200,"timestamp":"2026-05-31T20:54:00.797Z","url":"/Registos?date=2026-05-31"}
{"duration":"6ms","ip":"::1","level":"info","message":"HTTP Request","method":"GET","service":"leiriadetail-api","status":200,"timestamp":"2026-05-31T20:54:00.799Z","url":"/CRM"}
{"duration":"3ms","ip":"::1","level":"info","message":"HTTP Request","method":"GET","service":"leiriadetail-api","status":200,"timestamp":"2026-05-31T20:54:04.941Z","url":"/CRM"}
{"duration":"5ms","ip":"::1","level":"info","message":"HTTP Request","method":"GET","service":"leiriadetail-api","status":200,"timestamp":"2026-05-31T20:54:06.300Z","url":"/Services/"}
{"duration":"8ms","ip":"::1","level":"info","message":"HTTP Request","method":"GET","service":"leiriadetail-api","status":200,"timestamp":"2026-05-31T20:54:07.338Z","url":"/Registos"}
{"duration":"4ms","ip":"::1","level":"info","message":"HTTP Request","method":"GET","service":"leiriadetail-api","status":200,"timestamp":"2026-05-31T20:54:07.340Z","url":"/Registos/Stats"}
{"duration":"7ms","ip":"::1","level":"info","message":"HTTP Request","method":"GET","service":"leiriadetail-api","status":200,"timestamp":"2026-05-31T20:54:07.343Z","url":"/CRM"}
{"duration":"6ms","ip":"::1","level":"info","message":"HTTP Request","method":"GET","service":"leiriadetail-api","status":200,"timestamp":"2026-05-31T20:54:11.570Z","url":"/Financial/"}
{"duration":"5ms","ip":"::1","level":"info","message":"HTTP Request","method":"GET","service":"leiriadetail-api","status":200,"timestamp":"2026-05-31T20:54:11.790Z","url":"/Inventory/"}
{"duration":"4ms","ip":"::1","level":"info","message":"HTTP Request","method":"GET","service":"leiriadetail-api","status":200,"timestamp":"2026-05-31T20:54:11.791Z","url":"/Inventory/alerts"}
{"duration":"3ms","ip":"::1","level":"info","message":"HTTP Request","method":"GET","service":"leiriadetail-api","status":200,"timestamp":"2026-05-31T20:54:12.825Z","url":"/CRM"}
{"duration":"5ms","ip":"::1","level":"info","message":"HTTP Request","method":"GET","service":"leiriadetail-api","status":200,"timestamp":"2026-05-31T20:54:13.400Z","url":"/Registos?date=2026-05-31"}
{"duration":"5ms","ip":"::1","level":"info","message":"HTTP Request","method":"GET","service":"leiriadetail-api","status":200,"timestamp":"2026-05-31T20:54:13.401Z","url":"/CRM"}
{"duration":"8ms","ip":"::1","level":"info","message":"HTTP Request","method":"GET","service":"leiriadetail-api","status":200,"timestamp":"2026-05-31T20:54:15.152Z","url":"/Dashboard"}
{"duration":"11ms","ip":"::1","level":"info","message":"HTTP Request","method":"GET","service":"leiriadetail-api","status":200,"timestamp":"2026-05-31T20:54:47.767Z","url":"/Faqs/"}
{"duration":"13ms","ip":"::1","level":"info","message":"HTTP Request","method":"GET","service":"leiriadetail-api","status":200,"timestamp":"2026-05-31T20:54:47.769Z","url":"/Reviews/"}
{"duration":"14ms","ip":"::1","level":"info","message":"HTTP Request","method":"GET","service":"leiriadetail-api","status":200,"timestamp":"2026-05-31T20:54:56.240Z","url":"/Dashboard"}
{"level":"info","message":"Login efetuado","service":"leiriadetail-api","timestamp":"2026-05-31T20:54:57.805Z","userId":1}
{"duration":"55ms","ip":"::1","level":"info","message":"HTTP Request","method":"POST","service":"leiriadetail-api","status":200,"timestamp":"2026-05-31T20:54:57.805Z","url":"/Authentication/Login"}
{"duration":"3ms","ip":"::1","level":"info","message":"HTTP Request","method":"GET","service":"leiriadetail-api","status":304,"timestamp":"2026-05-31T20:54:57.812Z","url":"/Authentication/Role"}
{"duration":"3ms","ip":"::1","level":"info","message":"HTTP Request","method":"GET","service":"leiriadetail-api","status":304,"timestamp":"2026-05-31T20:54:57.847Z","url":"/Authentication/Role"}
{"duration":"12ms","ip":"::1","level":"info","message":"HTTP Request","method":"GET","service":"leiriadetail-api","status":200,"timestamp":"2026-05-31T20:54:57.870Z","url":"/Dashboard"}
{"duration":"2ms","ip":"::1","level":"info","message":"HTTP Request","method":"GET","service":"leiriadetail-api","status":200,"timestamp":"2026-05-31T20:55:01.012Z","url":"/Faqs/"}
{"duration":"4ms","ip":"::1","level":"info","message":"HTTP Request","method":"GET","service":"leiriadetail-api","status":200,"timestamp":"2026-05-31T20:55:01.015Z","url":"/Reviews/"}
{"duration":"4ms","ip":"::1","level":"info","message":"HTTP Request","method":"GET","service":"leiriadetail-api","status":200,"timestamp":"2026-05-31T20:55:03.529Z","url":"/Vehicles/List"}
{"duration":"5ms","ip":"::1","level":"info","message":"HTTP Request","method":"GET","service":"leiriadetail-api","status":200,"timestamp":"2026-05-31T20:55:03.532Z","url":"/Loyalty/Dashboard"}
{"duration":"7ms","ip":"::1","level":"info","message":"HTTP Request","method":"GET","service":"leiriadetail-api","status":200,"timestamp":"2026-05-31T20:55:15.234Z","url":"/Dashboard"}
{"duration":"24ms","ip":"::1","level":"info","message":"HTTP Request","method":"GET","service":"leiriadetail-api","status":200,"timestamp":"2026-05-31T20:55:56.250Z","url":"/Dashboard"}
{"duration":"8ms","ip":"::1","level":"info","message":"HTTP Request","method":"GET","service":"leiriadetail-api","status":200,"timestamp":"2026-05-31T20:56:15.234Z","url":"/Dashboard"}
{"duration":"25ms","ip":"::1","level":"info","message":"HTTP Request","method":"GET","service":"leiriadetail-api","status":200,"timestamp":"2026-05-31T20:56:56.251Z","url":"/Dashboard"}
{"duration":"10ms","ip":"::1","level":"info","message":"HTTP Request","method":"GET","service":"leiriadetail-api","status":200,"timestamp":"2026-05-31T20:57:15.238Z","url":"/Dashboard"}
{"duration":"16ms","ip":"::1","level":"info","message":"HTTP Request","method":"GET","service":"leiriadetail-api","status":304,"timestamp":"2026-05-31T20:57:48.476Z","url":"/Authentication/Role"}
{"duration":"18ms","ip":"::1","level":"info","message":"HTTP Request","method":"GET","service":"leiriadetail-api","status":200,"timestamp":"2026-05-31T20:57:48.479Z","url":"/Profile/"}
{"duration":"19ms","ip":"::1","level":"info","message":"HTTP Request","method":"GET","service":"leiriadetail-api","status":200,"timestamp":"2026-05-31T20:57:48.488Z","url":"/Bookings?user_id=1"}
{"duration":"18ms","ip":"::1","level":"info","message":"HTTP Request","method":"GET","service":"leiriadetail-api","status":200,"timestamp":"2026-05-31T20:57:48.488Z","url":"/Vehicles/List"}
{"duration":"19ms","ip":"::1","level":"info","message":"HTTP Request","method":"GET","service":"leiriadetail-api","status":200,"timestamp":"2026-05-31T20:57:48.490Z","url":"/Bookings?user_id=1"}
{"duration":"8ms","ip":"::1","level":"info","message":"HTTP Request","method":"GET","service":"leiriadetail-api","status":200,"timestamp":"2026-05-31T20:57:56.234Z","url":"/Dashboard"}
{"duration":"5ms","ip":"::1","level":"info","message":"HTTP Request","method":"GET","service":"leiriadetail-api","status":200,"timestamp":"2026-05-31T20:58:15.231Z","url":"/Dashboard"}
{"duration":"4ms","ip":"::1","level":"info","message":"HTTP Request","method":"GET","service":"leiriadetail-api","status":200,"timestamp":"2026-05-31T20:58:20.575Z","url":"/Vehicles/List"}
{"duration":"6ms","ip":"::1","level":"info","message":"HTTP Request","method":"GET","service":"leiriadetail-api","status":200,"timestamp":"2026-05-31T20:58:20.577Z","url":"/Loyalty/Dashboard"}
{"duration":"1ms","ip":"::1","level":"info","message":"HTTP Request","method":"GET","service":"leiriadetail-api","status":200,"timestamp":"2026-05-31T20:58:21.832Z","url":"/Bookings?user_id=1"}
{"duration":"3ms","ip":"::1","level":"info","message":"HTTP Request","method":"GET","service":"leiriadetail-api","status":200,"timestamp":"2026-05-31T20:58:21.833Z","url":"/Profile/"}
{"duration":"3ms","ip":"::1","level":"info","message":"HTTP Request","method":"GET","service":"leiriadetail-api","status":304,"timestamp":"2026-05-31T20:58:21.836Z","url":"/Authentication/Role"}
{"duration":"2ms","ip":"::1","level":"info","message":"HTTP Request","method":"GET","service":"leiriadetail-api","status":200,"timestamp":"2026-05-31T20:58:21.839Z","url":"/Bookings?user_id=1"}
{"duration":"6ms","ip":"::1","level":"info","message":"HTTP Request","method":"GET","service":"leiriadetail-api","status":200,"timestamp":"2026-05-31T20:58:21.840Z","url":"/Vehicles/List"}
{"duration":"22ms","ip":"::1","level":"info","message":"HTTP Request","method":"GET","service":"leiriadetail-api","status":200,"timestamp":"2026-05-31T20:58:56.248Z","url":"/Dashboard"}
{"duration":"6ms","ip":"::1","level":"info","message":"HTTP Request","method":"GET","service":"leiriadetail-api","status":200,"timestamp":"2026-05-31T20:59:15.233Z","url":"/Dashboard"}
{"duration":"22ms","ip":"::1","level":"info","message":"HTTP Request","method":"GET","service":"leiriadetail-api","status":200,"timestamp":"2026-05-31T20:59:56.249Z","url":"/Dashboard"}
{"duration":"24ms","ip":"::1","level":"info","message":"HTTP Request","method":"GET","service":"leiriadetail-api","status":200,"timestamp":"2026-05-31T21:01:12.252Z","url":"/Dashboard"}
{"duration":"26ms","ip":"::1","level":"info","message":"HTTP Request","method":"GET","service":"leiriadetail-api","status":200,"timestamp":"2026-05-31T21:01:12.253Z","url":"/Dashboard"}
{"duration":"22ms","ip":"::1","level":"info","message":"HTTP Request","method":"GET","service":"leiriadetail-api","status":200,"timestamp":"2026-05-31T21:02:12.249Z","url":"/Dashboard"}
{"duration":"22ms","ip":"::1","level":"info","message":"HTTP Request","method":"GET","service":"leiriadetail-api","status":200,"timestamp":"2026-05-31T21:03:12.252Z","url":"/Dashboard"}
{"duration":"24ms","ip":"::1","level":"info","message":"HTTP Request","method":"GET","service":"leiriadetail-api","status":200,"timestamp":"2026-05-31T21:03:12.253Z","url":"/Dashboard"}
{"duration":"28ms","ip":"::1","level":"info","message":"HTTP Request","method":"GET","service":"leiriadetail-api","status":200,"timestamp":"2026-05-31T21:04:12.255Z","url":"/Dashboard"}
{"duration":"14ms","ip":"::1","level":"info","message":"HTTP Request","method":"GET","service":"leiriadetail-api","status":304,"timestamp":"2026-05-31T21:05:01.127Z","url":"/Authentication/Role"}
{"duration":"14ms","ip":"::1","level":"info","message":"HTTP Request","method":"GET","service":"leiriadetail-api","status":200,"timestamp":"2026-05-31T21:05:01.128Z","url":"/Profile/"}
{"duration":"12ms","ip":"::1","level":"info","message":"HTTP Request","method":"GET","service":"leiriadetail-api","status":200,"timestamp":"2026-05-31T21:05:01.133Z","url":"/Bookings?user_id=1"}
{"duration":"13ms","ip":"::1","level":"info","message":"HTTP Request","method":"GET","service":"leiriadetail-api","status":200,"timestamp":"2026-05-31T21:05:01.133Z","url":"/Bookings?user_id=1"}
{"duration":"14ms","ip":"::1","level":"info","message":"HTTP Request","method":"GET","service":"leiriadetail-api","status":200,"timestamp":"2026-05-31T21:05:01.134Z","url":"/Vehicles/List"}
{"duration":"7ms","ip":"::1","level":"info","message":"HTTP Request","method":"GET","service":"leiriadetail-api","status":200,"timestamp":"2026-05-31T21:05:12.237Z","url":"/Dashboard"}
{"duration":"10ms","ip":"::1","level":"info","message":"HTTP Request","method":"GET","service":"leiriadetail-api","status":200,"timestamp":"2026-05-31T21:05:12.238Z","url":"/Dashboard"}
{"duration":"22ms","ip":"::1","level":"info","message":"HTTP Request","method":"GET","service":"leiriadetail-api","status":200,"timestamp":"2026-05-31T21:06:12.250Z","url":"/Dashboard"}
{"duration":"6ms","ip":"::1","level":"info","message":"HTTP Request","method":"GET","service":"leiriadetail-api","status":304,"timestamp":"2026-05-31T21:06:16.542Z","url":"/Authentication/Role"}
{"duration":"4ms","ip":"::1","level":"info","message":"HTTP Request","method":"GET","service":"leiriadetail-api","status":200,"timestamp":"2026-05-31T21:06:16.544Z","url":"/Bookings?user_id=1"}
{"duration":"9ms","ip":"::1","level":"info","message":"HTTP Request","method":"GET","service":"leiriadetail-api","status":200,"timestamp":"2026-05-31T21:06:16.548Z","url":"/Profile/"}
{"duration":"15ms","ip":"::1","level":"info","message":"HTTP Request","method":"GET","service":"leiriadetail-api","status":200,"timestamp":"2026-05-31T21:06:16.555Z","url":"/Vehicles/List"}
{"duration":"15ms","ip":"::1","level":"info","message":"HTTP Request","method":"GET","service":"leiriadetail-api","status":200,"timestamp":"2026-05-31T21:06:16.556Z","url":"/Bookings?user_id=1"}
{"level":"info","message":"API a correr em development na porta 3001","service":"leiriadetail-api","timestamp":"2026-05-31T21:06:32.054Z"}
{"duration":"32ms","ip":"::1","level":"info","message":"HTTP Request","method":"GET","service":"leiriadetail-api","status":200,"timestamp":"2026-05-31T21:06:47.772Z","url":"/Services/"}
{"duration":"10ms","ip":"::1","level":"info","message":"HTTP Request","method":"GET","service":"leiriadetail-api","status":200,"timestamp":"2026-05-31T21:06:48.696Z","url":"/Profile/"}
{"duration":"6ms","ip":"::1","level":"info","message":"HTTP Request","method":"GET","service":"leiriadetail-api","status":200,"timestamp":"2026-05-31T21:06:48.709Z","url":"/Bookings?user_id=1"}
{"duration":"25ms","ip":"::1","level":"info","message":"HTTP Request","method":"GET","service":"leiriadetail-api","status":304,"timestamp":"2026-05-31T21:06:48.713Z","url":"/Authentication/Role"}
{"duration":"17ms","ip":"::1","level":"info","message":"HTTP Request","method":"GET","service":"leiriadetail-api","status":200,"timestamp":"2026-05-31T21:06:48.722Z","url":"/Bookings?user_id=1"}
{"duration":"19ms","ip":"::1","level":"info","message":"HTTP Request","method":"GET","service":"leiriadetail-api","status":200,"timestamp":"2026-05-31T21:06:48.723Z","url":"/Vehicles/List"}
{"duration":"7ms","ip":"::1","level":"info","message":"HTTP Request","method":"GET","service":"leiriadetail-api","status":200,"timestamp":"2026-05-31T21:07:07.026Z","url":"/Loyalty/Dashboard"}
{"duration":"23ms","ip":"::1","level":"info","message":"HTTP Request","method":"GET","service":"leiriadetail-api","status":200,"timestamp":"2026-05-31T21:07:12.252Z","url":"/Dashboard"}
{"duration":"30ms","ip":"::1","level":"info","message":"HTTP Request","method":"GET","service":"leiriadetail-api","status":200,"timestamp":"2026-05-31T21:07:12.259Z","url":"/Dashboard"}
{"duration":"26ms","ip":"::1","level":"info","message":"HTTP Request","method":"GET","service":"leiriadetail-api","status":200,"timestamp":"2026-05-31T21:08:12.253Z","url":"/Dashboard"}
{"duration":"10ms","ip":"::1","level":"info","message":"HTTP Request","method":"GET","service":"leiriadetail-api","status":200,"timestamp":"2026-05-31T21:08:20.607Z","url":"/Dashboard"}
{"duration":"3ms","ip":"::1","level":"info","message":"HTTP Request","method":"GET","service":"leiriadetail-api","status":304,"timestamp":"2026-05-31T21:08:21.425Z","url":"/Authentication/Role"}
{"duration":"8ms","ip":"::1","level":"info","message":"HTTP Request","method":"GET","service":"leiriadetail-api","status":200,"timestamp":"2026-05-31T21:08:21.443Z","url":"/Dashboard"}
{"duration":"25ms","ip":"::1","level":"info","message":"HTTP Request","method":"GET","service":"leiriadetail-api","status":200,"timestamp":"2026-05-31T21:09:21.462Z","url":"/Dashboard"}
{"duration":"24ms","ip":"::1","level":"info","message":"HTTP Request","method":"GET","service":"leiriadetail-api","status":200,"timestamp":"2026-05-31T21:10:21.460Z","url":"/Dashboard"}
{"duration":"12ms","ip":"::1","level":"info","message":"HTTP Request","method":"GET","service":"leiriadetail-api","status":304,"timestamp":"2026-05-31T21:11:02.387Z","url":"/Authentication/Role"}
{"duration":"27ms","ip":"::1","level":"info","message":"HTTP Request","method":"GET","service":"leiriadetail-api","status":200,"timestamp":"2026-05-31T21:11:02.412Z","url":"/Dashboard"}
{"duration":"11ms","ip":"::1","level":"info","message":"HTTP Request","method":"GET","service":"leiriadetail-api","status":200,"timestamp":"2026-05-31T21:11:21.448Z","url":"/Dashboard"}
{"duration":"13ms","ip":"::1","level":"info","message":"HTTP Request","method":"GET","service":"leiriadetail-api","status":304,"timestamp":"2026-05-31T21:11:54.805Z","url":"/Authentication/Role"}
{"duration":"21ms","ip":"::1","level":"info","message":"HTTP Request","method":"GET","service":"leiriadetail-api","status":200,"timestamp":"2026-05-31T21:11:54.829Z","url":"/Dashboard"}
{"duration":"6ms","ip":"::1","level":"info","message":"HTTP Request","method":"GET","service":"leiriadetail-api","status":200,"timestamp":"2026-05-31T21:11:55.272Z","url":"/Profile/"}
{"duration":"3ms","ip":"::1","level":"info","message":"HTTP Request","method":"GET","service":"leiriadetail-api","status":200,"timestamp":"2026-05-31T21:11:55.276Z","url":"/Bookings?user_id=1"}
{"duration":"8ms","ip":"::1","level":"info","message":"HTTP Request","method":"GET","service":"leiriadetail-api","status":304,"timestamp":"2026-05-31T21:11:55.277Z","url":"/Authentication/Role"}
{"duration":"7ms","ip":"::1","level":"info","message":"HTTP Request","method":"GET","service":"leiriadetail-api","status":200,"timestamp":"2026-05-31T21:11:55.280Z","url":"/Vehicles/List"}
{"duration":"15ms","ip":"::1","level":"info","message":"HTTP Request","method":"GET","service":"leiriadetail-api","status":200,"timestamp":"2026-05-31T21:11:55.289Z","url":"/Bookings?user_id=1"}
{"duration":"5ms","ip":"::1","level":"info","message":"HTTP Request","method":"GET","service":"leiriadetail-api","status":200,"timestamp":"2026-05-31T21:11:56.911Z","url":"/Vehicles/List"}
{"duration":"4ms","ip":"::1","level":"info","message":"HTTP Request","method":"GET","service":"leiriadetail-api","status":200,"timestamp":"2026-05-31T21:11:56.912Z","url":"/Loyalty/Dashboard"}
{"duration":"2ms","ip":"::1","level":"info","message":"HTTP Request","method":"GET","service":"leiriadetail-api","status":200,"timestamp":"2026-05-31T21:11:58.938Z","url":"/Bookings?user_id=1"}
{"duration":"5ms","ip":"::1","level":"info","message":"HTTP Request","method":"GET","service":"leiriadetail-api","status":200,"timestamp":"2026-05-31T21:11:58.940Z","url":"/Profile/"}
{"duration":"4ms","ip":"::1","level":"info","message":"HTTP Request","method":"GET","service":"leiriadetail-api","status":304,"timestamp":"2026-05-31T21:11:58.942Z","url":"/Authentication/Role"}
{"duration":"2ms","ip":"::1","level":"info","message":"HTTP Request","method":"GET","service":"leiriadetail-api","status":200,"timestamp":"2026-05-31T21:11:58.943Z","url":"/Bookings?user_id=1"}
{"duration":"5ms","ip":"::1","level":"info","message":"HTTP Request","method":"GET","service":"leiriadetail-api","status":200,"timestamp":"2026-05-31T21:11:58.945Z","url":"/Vehicles/List"}
{"duration":"3ms","ip":"::1","level":"info","message":"HTTP Request","method":"GET","service":"leiriadetail-api","status":304,"timestamp":"2026-05-31T21:12:00.801Z","url":"/Authentication/Role"}
{"duration":"9ms","ip":"::1","level":"info","message":"HTTP Request","method":"GET","service":"leiriadetail-api","status":200,"timestamp":"2026-05-31T21:12:00.820Z","url":"/Dashboard"}
{"level":"warn","message":"Token inválido ou expirado","service":"leiriadetail-api","timestamp":"2026-05-31T21:12:43.066Z"}
{"duration":"13ms","ip":"::1","level":"info","message":"HTTP Request","method":"GET","service":"leiriadetail-api","status":401,"timestamp":"2026-05-31T21:12:43.067Z","url":"/Authentication/Role"}
{"level":"warn","message":"Token inválido ou expirado","service":"leiriadetail-api","timestamp":"2026-05-31T21:12:43.068Z"}
{"duration":"2ms","ip":"::1","level":"info","message":"HTTP Request","method":"GET","service":"leiriadetail-api","status":401,"timestamp":"2026-05-31T21:12:43.069Z","url":"/Dashboard"}
{"level":"warn","message":"Token inválido ou expirado","service":"leiriadetail-api","timestamp":"2026-05-31T21:12:44.198Z"}
{"duration":"2ms","ip":"::1","level":"info","message":"HTTP Request","method":"GET","service":"leiriadetail-api","status":401,"timestamp":"2026-05-31T21:12:44.198Z","url":"/Authentication/Role"}
{"level":"warn","message":"Token inválido ou expirado","service":"leiriadetail-api","timestamp":"2026-05-31T21:12:44.203Z"}
{"duration":"2ms","ip":"::1","level":"info","message":"HTTP Request","method":"GET","service":"leiriadetail-api","status":401,"timestamp":"2026-05-31T21:12:44.204Z","url":"/Dashboard"}
{"level":"warn","message":"Token inválido ou expirado","service":"leiriadetail-api","timestamp":"2026-05-31T21:12:44.699Z"}
{"duration":"2ms","ip":"::1","level":"info","message":"HTTP Request","method":"GET","service":"leiriadetail-api","status":401,"timestamp":"2026-05-31T21:12:44.700Z","url":"/Authentication/Role"}
{"level":"warn","message":"Token inválido ou expirado","service":"leiriadetail-api","timestamp":"2026-05-31T21:12:44.703Z"}
{"duration":"2ms","ip":"::1","level":"info","message":"HTTP Request","method":"GET","service":"leiriadetail-api","status":401,"timestamp":"2026-05-31T21:12:44.704Z","url":"/Dashboard"}
{"duration":"4ms","ip":"::1","level":"info","message":"HTTP Request","method":"GET","service":"leiriadetail-api","status":200,"timestamp":"2026-05-31T21:12:45.608Z","url":"/Reviews/"}
{"duration":"3ms","ip":"::1","level":"info","message":"HTTP Request","method":"GET","service":"leiriadetail-api","status":200,"timestamp":"2026-05-31T21:12:45.611Z","url":"/Faqs/"}
{"level":"warn","message":"Token inválido ou expirado","service":"leiriadetail-api","timestamp":"2026-05-31T21:12:55.227Z"}
{"duration":"1ms","ip":"::1","level":"info","message":"HTTP Request","method":"GET","service":"leiriadetail-api","status":401,"timestamp":"2026-05-31T21:12:55.227Z","url":"/Dashboard"}
{"level":"info","message":"Login efetuado","service":"leiriadetail-api","timestamp":"2026-05-31T21:12:56.342Z","userId":1}
{"duration":"67ms","ip":"::1","level":"info","message":"HTTP Request","method":"POST","service":"leiriadetail-api","status":200,"timestamp":"2026-05-31T21:12:56.343Z","url":"/Authentication/Login"}
{"duration":"3ms","ip":"::1","level":"info","message":"HTTP Request","method":"GET","service":"leiriadetail-api","status":304,"timestamp":"2026-05-31T21:12:56.349Z","url":"/Authentication/Role"}
{"duration":"22ms","ip":"::1","level":"info","message":"HTTP Request","method":"GET","service":"leiriadetail-api","status":200,"timestamp":"2026-05-31T21:12:56.392Z","url":"/Dashboard"}
{"duration":"3ms","ip":"::1","level":"info","message":"HTTP Request","method":"GET","service":"leiriadetail-api","status":304,"timestamp":"2026-05-31T21:12:56.668Z","url":"/Authentication/Role"}
{"duration":"14ms","ip":"::1","level":"info","message":"HTTP Request","method":"GET","service":"leiriadetail-api","status":200,"timestamp":"2026-05-31T21:13:31.449Z","url":"/Services/"}
{"duration":"4ms","ip":"::1","level":"info","message":"HTTP Request","method":"GET","service":"leiriadetail-api","status":200,"timestamp":"2026-05-31T21:13:32.438Z","url":"/Reviews/"}
{"duration":"11ms","ip":"::1","level":"info","message":"HTTP Request","method":"GET","service":"leiriadetail-api","status":200,"timestamp":"2026-05-31T21:13:32.447Z","url":"/Faqs/"}
{"duration":"14ms","ip":"::1","level":"info","message":"HTTP Request","method":"GET","service":"leiriadetail-api","status":200,"timestamp":"2026-05-31T21:13:43.242Z","url":"/Dashboard"}
{"duration":"10ms","ip":"::1","level":"info","message":"HTTP Request","method":"GET","service":"leiriadetail-api","status":200,"timestamp":"2026-05-31T21:13:44.233Z","url":"/Dashboard"}
{"duration":"4ms","ip":"::1","level":"info","message":"HTTP Request","method":"GET","service":"leiriadetail-api","status":200,"timestamp":"2026-05-31T21:13:45.228Z","url":"/Dashboard"}
{"level":"info","message":"Login efetuado","service":"leiriadetail-api","timestamp":"2026-05-31T21:13:55.147Z","userId":1}
{"duration":"53ms","ip":"::1","level":"info","message":"HTTP Request","method":"POST","service":"leiriadetail-api","status":200,"timestamp":"2026-05-31T21:13:55.147Z","url":"/Authentication/Login"}
{"duration":"3ms","ip":"::1","level":"info","message":"HTTP Request","method":"GET","service":"leiriadetail-api","status":304,"timestamp":"2026-05-31T21:13:55.347Z","url":"/Authentication/Role"}
{"duration":"3ms","ip":"::1","level":"info","message":"HTTP Request","method":"GET","service":"leiriadetail-api","status":304,"timestamp":"2026-05-31T21:13:55.475Z","url":"/Authentication/Role"}
{"duration":"6ms","ip":"::1","level":"info","message":"HTTP Request","method":"GET","service":"leiriadetail-api","status":200,"timestamp":"2026-05-31T21:13:55.486Z","url":"/Dashboard"}
{"duration":"7ms","ip":"::1","level":"info","message":"HTTP Request","method":"GET","service":"leiriadetail-api","status":200,"timestamp":"2026-05-31T21:13:57.231Z","url":"/Dashboard"}
{"duration":"2ms","ip":"::1","level":"info","message":"HTTP Request","method":"GET","service":"leiriadetail-api","status":200,"timestamp":"2026-05-31T21:14:01.023Z","url":"/Faqs/"}
{"duration":"2ms","ip":"::1","level":"info","message":"HTTP Request","method":"GET","service":"leiriadetail-api","status":200,"timestamp":"2026-05-31T21:14:01.023Z","url":"/Reviews/"}
{"duration":"3ms","ip":"::1","level":"info","message":"HTTP Request","method":"GET","service":"leiriadetail-api","status":200,"timestamp":"2026-05-31T21:14:01.896Z","url":"/Bookings?user_id=1"}
{"duration":"3ms","ip":"::1","level":"info","message":"HTTP Request","method":"GET","service":"leiriadetail-api","status":200,"timestamp":"2026-05-31T21:14:01.896Z","url":"/Profile/"}
{"duration":"2ms","ip":"::1","level":"info","message":"HTTP Request","method":"GET","service":"leiriadetail-api","status":304,"timestamp":"2026-05-31T21:14:01.899Z","url":"/Authentication/Role"}
{"duration":"2ms","ip":"::1","level":"info","message":"HTTP Request","method":"GET","service":"leiriadetail-api","status":200,"timestamp":"2026-05-31T21:14:01.900Z","url":"/Bookings?user_id=1"}
{"duration":"5ms","ip":"::1","level":"info","message":"HTTP Request","method":"GET","service":"leiriadetail-api","status":200,"timestamp":"2026-05-31T21:14:01.902Z","url":"/Vehicles/List"}
{"duration":"4ms","ip":"::1","level":"info","message":"HTTP Request","method":"GET","service":"leiriadetail-api","status":304,"timestamp":"2026-05-31T21:14:15.842Z","url":"/Authentication/Role"}
{"duration":"3ms","ip":"::1","level":"info","message":"HTTP Request","method":"GET","service":"leiriadetail-api","status":200,"timestamp":"2026-05-31T21:14:15.847Z","url":"/Bookings?user_id=1"}
{"duration":"7ms","ip":"::1","level":"info","message":"HTTP Request","method":"GET","service":"leiriadetail-api","status":200,"timestamp":"2026-05-31T21:14:15.848Z","url":"/Profile/"}
{"duration":"6ms","ip":"::1","level":"info","message":"HTTP Request","method":"GET","service":"leiriadetail-api","status":200,"timestamp":"2026-05-31T21:14:15.850Z","url":"/Vehicles/List"}
{"duration":"14ms","ip":"::1","level":"info","message":"HTTP Request","method":"GET","service":"leiriadetail-api","status":200,"timestamp":"2026-05-31T21:14:15.859Z","url":"/Bookings?user_id=1"}
{"duration":"6ms","ip":"::1","level":"info","message":"HTTP Request","method":"GET","service":"leiriadetail-api","status":304,"timestamp":"2026-05-31T21:14:20.246Z","url":"/Authentication/Role"}
{"duration":"2ms","ip":"::1","level":"info","message":"HTTP Request","method":"GET","service":"leiriadetail-api","status":200,"timestamp":"2026-05-31T21:14:20.247Z","url":"/Bookings?user_id=1"}
{"duration":"5ms","ip":"::1","level":"info","message":"HTTP Request","method":"GET","service":"leiriadetail-api","status":200,"timestamp":"2026-05-31T21:14:20.250Z","url":"/Profile/"}
{"duration":"5ms","ip":"::1","level":"info","message":"HTTP Request","method":"GET","service":"leiriadetail-api","status":200,"timestamp":"2026-05-31T21:14:20.251Z","url":"/Vehicles/List"}
{"duration":"21ms","ip":"::1","level":"info","message":"HTTP Request","method":"GET","service":"leiriadetail-api","status":200,"timestamp":"2026-05-31T21:14:20.267Z","url":"/Bookings?user_id=1"}
{"duration":"4ms","ip":"::1","level":"info","message":"HTTP Request","method":"GET","service":"leiriadetail-api","status":304,"timestamp":"2026-05-31T21:14:20.430Z","url":"/Authentication/Role"}
{"duration":"8ms","ip":"::1","level":"info","message":"HTTP Request","method":"GET","service":"leiriadetail-api","status":200,"timestamp":"2026-05-31T21:14:20.464Z","url":"/Dashboard"}
{"duration":"6ms","ip":"::1","level":"info","message":"HTTP Request","method":"POST","service":"leiriadetail-api","status":200,"timestamp":"2026-05-31T21:14:39.487Z","url":"/Vehicles/Add"}
{"duration":"3ms","ip":"::1","level":"info","message":"HTTP Request","method":"GET","service":"leiriadetail-api","status":200,"timestamp":"2026-05-31T21:14:39.494Z","url":"/Vehicles/List"}
{"duration":"21ms","ip":"::1","level":"info","message":"HTTP Request","method":"GET","service":"leiriadetail-api","status":200,"timestamp":"2026-05-31T21:15:21.247Z","url":"/Dashboard"}
{"duration":"20ms","ip":"::1","level":"info","message":"HTTP Request","method":"GET","service":"leiriadetail-api","status":200,"timestamp":"2026-05-31T21:16:21.246Z","url":"/Dashboard"}
{"duration":"20ms","ip":"::1","level":"info","message":"HTTP Request","method":"GET","service":"leiriadetail-api","status":200,"timestamp":"2026-05-31T21:17:21.246Z","url":"/Dashboard"}
{"duration":"22ms","ip":"::1","level":"info","message":"HTTP Request","method":"GET","service":"leiriadetail-api","status":200,"timestamp":"2026-05-31T21:18:21.248Z","url":"/Dashboard"}
{"duration":"4ms","ip":"::1","level":"info","message":"HTTP Request","method":"GET","service":"leiriadetail-api","status":304,"timestamp":"2026-05-31T21:18:34.571Z","url":"/Authentication/Role"}
{"duration":"6ms","ip":"::1","level":"info","message":"HTTP Request","method":"GET","service":"leiriadetail-api","status":200,"timestamp":"2026-05-31T21:18:34.574Z","url":"/Profile/"}
{"duration":"3ms","ip":"::1","level":"info","message":"HTTP Request","method":"GET","service":"leiriadetail-api","status":200,"timestamp":"2026-05-31T21:18:34.575Z","url":"/Bookings?user_id=1"}
{"duration":"6ms","ip":"::1","level":"info","message":"HTTP Request","method":"GET","service":"leiriadetail-api","status":200,"timestamp":"2026-05-31T21:18:34.579Z","url":"/Vehicles/List"}
{"duration":"17ms","ip":"::1","level":"info","message":"HTTP Request","method":"GET","service":"leiriadetail-api","status":200,"timestamp":"2026-05-31T21:18:34.590Z","url":"/Bookings?user_id=1"}
{"duration":"4ms","ip":"::1","level":"info","message":"HTTP Request","method":"GET","service":"leiriadetail-api","status":304,"timestamp":"2026-05-31T21:18:34.617Z","url":"/Authentication/Role"}
{"duration":"6ms","ip":"::1","level":"info","message":"HTTP Request","method":"GET","service":"leiriadetail-api","status":200,"timestamp":"2026-05-31T21:18:34.648Z","url":"/Dashboard"}
{"duration":"4ms","ip":"::1","level":"info","message":"HTTP Request","method":"GET","service":"leiriadetail-api","status":304,"timestamp":"2026-05-31T21:18:43.371Z","url":"/Authentication/Role"}
{"duration":"1ms","ip":"::1","level":"info","message":"HTTP Request","method":"GET","service":"leiriadetail-api","status":200,"timestamp":"2026-05-31T21:18:43.375Z","url":"/Bookings?user_id=1"}
{"duration":"3ms","ip":"::1","level":"info","message":"HTTP Request","method":"GET","service":"leiriadetail-api","status":200,"timestamp":"2026-05-31T21:18:43.376Z","url":"/Profile/"}
{"duration":"3ms","ip":"::1","level":"info","message":"HTTP Request","method":"GET","service":"leiriadetail-api","status":200,"timestamp":"2026-05-31T21:18:43.377Z","url":"/Bookings?user_id=1"}
{"duration":"5ms","ip":"::1","level":"info","message":"HTTP Request","method":"GET","service":"leiriadetail-api","status":200,"timestamp":"2026-05-31T21:18:43.379Z","url":"/Vehicles/List"}
{"duration":"7ms","ip":"::1","level":"info","message":"HTTP Request","method":"POST","service":"leiriadetail-api","status":200,"timestamp":"2026-05-31T21:18:55.653Z","url":"/Vehicles/Add"}
{"duration":"3ms","ip":"::1","level":"info","message":"HTTP Request","method":"GET","service":"leiriadetail-api","status":200,"timestamp":"2026-05-31T21:18:55.659Z","url":"/Vehicles/List"}
{"duration":"2ms","ip":"::1","level":"info","message":"HTTP Request","method":"POST","service":"leiriadetail-api","status":200,"timestamp":"2026-05-31T21:18:58.202Z","url":"/Vehicles/SetPrimary"}
{"duration":"3ms","ip":"::1","level":"info","message":"HTTP Request","method":"GET","service":"leiriadetail-api","status":200,"timestamp":"2026-05-31T21:18:58.208Z","url":"/Vehicles/List"}
{"duration":"2ms","ip":"::1","level":"info","message":"HTTP Request","method":"POST","service":"leiriadetail-api","status":200,"timestamp":"2026-05-31T21:18:59.381Z","url":"/Vehicles/SetPrimary"}
{"duration":"2ms","ip":"::1","level":"info","message":"HTTP Request","method":"GET","service":"leiriadetail-api","status":200,"timestamp":"2026-05-31T21:18:59.386Z","url":"/Vehicles/List"}
{"duration":"2ms","ip":"::1","level":"info","message":"HTTP Request","method":"POST","service":"leiriadetail-api","status":200,"timestamp":"2026-05-31T21:19:00.701Z","url":"/Vehicles/SetPrimary"}
{"duration":"2ms","ip":"::1","level":"info","message":"HTTP Request","method":"GET","service":"leiriadetail-api","status":200,"timestamp":"2026-05-31T21:19:00.706Z","url":"/Vehicles/List"}
{"duration":"1ms","ip":"::1","level":"info","message":"HTTP Request","method":"POST","service":"leiriadetail-api","status":200,"timestamp":"2026-05-31T21:19:00.908Z","url":"/Vehicles/SetPrimary"}
{"duration":"2ms","ip":"::1","level":"info","message":"HTTP Request","method":"GET","service":"leiriadetail-api","status":200,"timestamp":"2026-05-31T21:19:00.913Z","url":"/Vehicles/List"}
{"duration":"2ms","ip":"::1","level":"info","message":"HTTP Request","method":"POST","service":"leiriadetail-api","status":200,"timestamp":"2026-05-31T21:19:01.090Z","url":"/Vehicles/SetPrimary"}
{"duration":"2ms","ip":"::1","level":"info","message":"HTTP Request","method":"GET","service":"leiriadetail-api","status":200,"timestamp":"2026-05-31T21:19:01.095Z","url":"/Vehicles/List"}
{"duration":"2ms","ip":"::1","level":"info","message":"HTTP Request","method":"POST","service":"leiriadetail-api","status":200,"timestamp":"2026-05-31T21:19:01.274Z","url":"/Vehicles/SetPrimary"}
{"duration":"2ms","ip":"::1","level":"info","message":"HTTP Request","method":"GET","service":"leiriadetail-api","status":200,"timestamp":"2026-05-31T21:19:01.279Z","url":"/Vehicles/List"}
{"duration":"3ms","ip":"::1","level":"info","message":"HTTP Request","method":"GET","service":"leiriadetail-api","status":200,"timestamp":"2026-05-31T21:19:02.755Z","url":"/Profile/"}
{"duration":"4ms","ip":"::1","level":"info","message":"HTTP Request","method":"GET","service":"leiriadetail-api","status":304,"timestamp":"2026-05-31T21:19:02.758Z","url":"/Authentication/Role"}
{"duration":"2ms","ip":"::1","level":"info","message":"HTTP Request","method":"GET","service":"leiriadetail-api","status":200,"timestamp":"2026-05-31T21:19:02.761Z","url":"/Bookings?user_id=1"}
{"duration":"2ms","ip":"::1","level":"info","message":"HTTP Request","method":"GET","service":"leiriadetail-api","status":200,"timestamp":"2026-05-31T21:19:02.761Z","url":"/Bookings?user_id=1"}
{"duration":"4ms","ip":"::1","level":"info","message":"HTTP Request","method":"GET","service":"leiriadetail-api","status":200,"timestamp":"2026-05-31T21:19:02.763Z","url":"/Vehicles/List"}
{"duration":"2ms","ip":"::1","level":"info","message":"HTTP Request","method":"GET","service":"leiriadetail-api","status":200,"timestamp":"2026-05-31T21:19:04.100Z","url":"/Bookings?user_id=1"}
{"duration":"4ms","ip":"::1","level":"info","message":"HTTP Request","method":"GET","service":"leiriadetail-api","status":200,"timestamp":"2026-05-31T21:19:04.101Z","url":"/Profile/"}
{"duration":"2ms","ip":"::1","level":"info","message":"HTTP Request","method":"GET","service":"leiriadetail-api","status":200,"timestamp":"2026-05-31T21:19:04.102Z","url":"/Bookings?user_id=1"}
{"duration":"4ms","ip":"::1","level":"info","message":"HTTP Request","method":"GET","service":"leiriadetail-api","status":304,"timestamp":"2026-05-31T21:19:04.103Z","url":"/Authentication/Role"}
{"duration":"5ms","ip":"::1","level":"info","message":"HTTP Request","method":"GET","service":"leiriadetail-api","status":200,"timestamp":"2026-05-31T21:19:04.104Z","url":"/Vehicles/List"}
{"duration":"1ms","ip":"::1","level":"info","message":"HTTP Request","method":"GET","service":"leiriadetail-api","status":200,"timestamp":"2026-05-31T21:19:04.630Z","url":"/Bookings?user_id=1"}
{"duration":"4ms","ip":"::1","level":"info","message":"HTTP Request","method":"GET","service":"leiriadetail-api","status":200,"timestamp":"2026-05-31T21:19:04.632Z","url":"/Profile/"}
{"duration":"2ms","ip":"::1","level":"info","message":"HTTP Request","method":"GET","service":"leiriadetail-api","status":200,"timestamp":"2026-05-31T21:19:04.633Z","url":"/Bookings?user_id=1"}
{"duration":"4ms","ip":"::1","level":"info","message":"HTTP Request","method":"GET","service":"leiriadetail-api","status":304,"timestamp":"2026-05-31T21:19:04.634Z","url":"/Authentication/Role"}
{"duration":"5ms","ip":"::1","level":"info","message":"HTTP Request","method":"GET","service":"leiriadetail-api","status":200,"timestamp":"2026-05-31T21:19:04.635Z","url":"/Vehicles/List"}
{"duration":"2ms","ip":"::1","level":"info","message":"HTTP Request","method":"GET","service":"leiriadetail-api","status":200,"timestamp":"2026-05-31T21:19:04.831Z","url":"/Bookings?user_id=1"}
{"duration":"4ms","ip":"::1","level":"info","message":"HTTP Request","method":"GET","service":"leiriadetail-api","status":200,"timestamp":"2026-05-31T21:19:04.832Z","url":"/Profile/"}
{"duration":"2ms","ip":"::1","level":"info","message":"HTTP Request","method":"GET","service":"leiriadetail-api","status":200,"timestamp":"2026-05-31T21:19:04.833Z","url":"/Bookings?user_id=1"}
{"duration":"4ms","ip":"::1","level":"info","message":"HTTP Request","method":"GET","service":"leiriadetail-api","status":304,"timestamp":"2026-05-31T21:19:04.834Z","url":"/Authentication/Role"}
{"duration":"5ms","ip":"::1","level":"info","message":"HTTP Request","method":"GET","service":"leiriadetail-api","status":200,"timestamp":"2026-05-31T21:19:04.835Z","url":"/Vehicles/List"}
{"duration":"1ms","ip":"::1","level":"info","message":"HTTP Request","method":"POST","service":"leiriadetail-api","status":200,"timestamp":"2026-05-31T21:19:12.371Z","url":"/Vehicles/SetPrimary"}
{"duration":"2ms","ip":"::1","level":"info","message":"HTTP Request","method":"GET","service":"leiriadetail-api","status":200,"timestamp":"2026-05-31T21:19:12.376Z","url":"/Vehicles/List"}
{"duration":"3ms","ip":"::1","level":"info","message":"HTTP Request","method":"GET","service":"leiriadetail-api","status":200,"timestamp":"2026-05-31T21:19:15.401Z","url":"/Profile/"}
{"duration":"3ms","ip":"::1","level":"info","message":"HTTP Request","method":"GET","service":"leiriadetail-api","status":304,"timestamp":"2026-05-31T21:19:15.405Z","url":"/Authentication/Role"}
{"duration":"3ms","ip":"::1","level":"info","message":"HTTP Request","method":"GET","service":"leiriadetail-api","status":200,"timestamp":"2026-05-31T21:19:15.408Z","url":"/Bookings?user_id=1"}
{"duration":"2ms","ip":"::1","level":"info","message":"HTTP Request","method":"GET","service":"leiriadetail-api","status":200,"timestamp":"2026-05-31T21:19:15.408Z","url":"/Bookings?user_id=1"}
{"duration":"4ms","ip":"::1","level":"info","message":"HTTP Request","method":"GET","service":"leiriadetail-api","status":200,"timestamp":"2026-05-31T21:19:15.410Z","url":"/Vehicles/List"}
{"duration":"3ms","ip":"::1","level":"info","message":"HTTP Request","method":"GET","service":"leiriadetail-api","status":304,"timestamp":"2026-05-31T21:19:15.438Z","url":"/Authentication/Role"}
{"duration":"6ms","ip":"::1","level":"info","message":"HTTP Request","method":"GET","service":"leiriadetail-api","status":200,"timestamp":"2026-05-31T21:19:15.465Z","url":"/Dashboard"}
{"duration":"1ms","ip":"::1","level":"info","message":"HTTP Request","method":"POST","service":"leiriadetail-api","status":200,"timestamp":"2026-05-31T21:19:17.838Z","url":"/Vehicles/SetPrimary"}
{"duration":"2ms","ip":"::1","level":"info","message":"HTTP Request","method":"GET","service":"leiriadetail-api","status":200,"timestamp":"2026-05-31T21:19:17.843Z","url":"/Vehicles/List"}
{"duration":"2ms","ip":"::1","level":"info","message":"HTTP Request","method":"POST","service":"leiriadetail-api","status":200,"timestamp":"2026-05-31T21:19:20.026Z","url":"/Vehicles/SetPrimary"}
{"duration":"3ms","ip":"::1","level":"info","message":"HTTP Request","method":"GET","service":"leiriadetail-api","status":200,"timestamp":"2026-05-31T21:19:20.031Z","url":"/Vehicles/List"}
{"duration":"2ms","ip":"::1","level":"info","message":"HTTP Request","method":"POST","service":"leiriadetail-api","status":200,"timestamp":"2026-05-31T21:19:20.240Z","url":"/Vehicles/SetPrimary"}
{"duration":"3ms","ip":"::1","level":"info","message":"HTTP Request","method":"GET","service":"leiriadetail-api","status":200,"timestamp":"2026-05-31T21:19:20.245Z","url":"/Vehicles/List"}
{"duration":"2ms","ip":"::1","level":"info","message":"HTTP Request","method":"POST","service":"leiriadetail-api","status":200,"timestamp":"2026-05-31T21:19:20.380Z","url":"/Vehicles/SetPrimary"}
{"duration":"3ms","ip":"::1","level":"info","message":"HTTP Request","method":"GET","service":"leiriadetail-api","status":200,"timestamp":"2026-05-31T21:19:20.385Z","url":"/Vehicles/List"}
{"duration":"2ms","ip":"::1","level":"info","message":"HTTP Request","method":"POST","service":"leiriadetail-api","status":200,"timestamp":"2026-05-31T21:19:20.550Z","url":"/Vehicles/SetPrimary"}
{"duration":"2ms","ip":"::1","level":"info","message":"HTTP Request","method":"GET","service":"leiriadetail-api","status":200,"timestamp":"2026-05-31T21:19:20.554Z","url":"/Vehicles/List"}
{"duration":"2ms","ip":"::1","level":"info","message":"HTTP Request","method":"POST","service":"leiriadetail-api","status":200,"timestamp":"2026-05-31T21:19:20.732Z","url":"/Vehicles/SetPrimary"}
{"duration":"3ms","ip":"::1","level":"info","message":"HTTP Request","method":"GET","service":"leiriadetail-api","status":200,"timestamp":"2026-05-31T21:19:20.737Z","url":"/Vehicles/List"}
{"duration":"4ms","ip":"::1","level":"info","message":"HTTP Request","method":"GET","service":"leiriadetail-api","status":304,"timestamp":"2026-05-31T21:19:27.338Z","url":"/Authentication/Role"}
{"duration":"3ms","ip":"::1","level":"info","message":"HTTP Request","method":"GET","service":"leiriadetail-api","status":200,"timestamp":"2026-05-31T21:19:27.339Z","url":"/Profile/"}
{"duration":"1ms","ip":"::1","level":"info","message":"HTTP Request","method":"GET","service":"leiriadetail-api","status":200,"timestamp":"2026-05-31T21:19:27.341Z","url":"/Bookings?user_id=1"}
{"duration":"2ms","ip":"::1","level":"info","message":"HTTP Request","method":"GET","service":"leiriadetail-api","status":200,"timestamp":"2026-05-31T21:19:27.342Z","url":"/Bookings?user_id=1"}
{"duration":"3ms","ip":"::1","level":"info","message":"HTTP Request","method":"GET","service":"leiriadetail-api","status":200,"timestamp":"2026-05-31T21:19:27.343Z","url":"/Vehicles/List"}
{"duration":"3ms","ip":"::1","level":"info","message":"HTTP Request","method":"GET","service":"leiriadetail-api","status":304,"timestamp":"2026-05-31T21:19:27.360Z","url":"/Authentication/Role"}
{"duration":"6ms","ip":"::1","level":"info","message":"HTTP Request","method":"GET","service":"leiriadetail-api","status":200,"timestamp":"2026-05-31T21:19:27.388Z","url":"/Dashboard"}
{"duration":"2ms","ip":"::1","level":"info","message":"HTTP Request","method":"GET","service":"leiriadetail-api","status":200,"timestamp":"2026-05-31T21:19:29.385Z","url":"/Bookings?user_id=1"}
{"duration":"5ms","ip":"::1","level":"info","message":"HTTP Request","method":"GET","service":"leiriadetail-api","status":200,"timestamp":"2026-05-31T21:19:29.387Z","url":"/Profile/"}
{"duration":"2ms","ip":"::1","level":"info","message":"HTTP Request","method":"GET","service":"leiriadetail-api","status":200,"timestamp":"2026-05-31T21:19:29.388Z","url":"/Bookings?user_id=1"}
{"duration":"5ms","ip":"::1","level":"info","message":"HTTP Request","method":"GET","service":"leiriadetail-api","status":200,"timestamp":"2026-05-31T21:19:29.389Z","url":"/Vehicles/List"}
{"duration":"4ms","ip":"::1","level":"info","message":"HTTP Request","method":"GET","service":"leiriadetail-api","status":304,"timestamp":"2026-05-31T21:19:29.390Z","url":"/Authentication/Role"}
{"duration":"3ms","ip":"::1","level":"info","message":"HTTP Request","method":"GET","service":"leiriadetail-api","status":304,"timestamp":"2026-05-31T21:19:29.399Z","url":"/Authentication/Role"}
{"duration":"6ms","ip":"::1","level":"info","message":"HTTP Request","method":"GET","service":"leiriadetail-api","status":200,"timestamp":"2026-05-31T21:19:29.425Z","url":"/Dashboard"}
{"duration":"2ms","ip":"::1","level":"info","message":"HTTP Request","method":"GET","service":"leiriadetail-api","status":200,"timestamp":"2026-05-31T21:19:30.836Z","url":"/Bookings?user_id=1"}
{"duration":"1ms","ip":"::1","level":"info","message":"HTTP Request","method":"GET","service":"leiriadetail-api","status":200,"timestamp":"2026-05-31T21:19:30.838Z","url":"/Bookings?user_id=1"}
{"duration":"6ms","ip":"::1","level":"info","message":"HTTP Request","method":"GET","service":"leiriadetail-api","status":200,"timestamp":"2026-05-31T21:19:30.839Z","url":"/Profile/"}
{"duration":"4ms","ip":"::1","level":"info","message":"HTTP Request","method":"GET","service":"leiriadetail-api","status":304,"timestamp":"2026-05-31T21:19:30.841Z","url":"/Authentication/Role"}
{"duration":"7ms","ip":"::1","level":"info","message":"HTTP Request","method":"GET","service":"leiriadetail-api","status":200,"timestamp":"2026-05-31T21:19:30.842Z","url":"/Vehicles/List"}
{"duration":"2ms","ip":"::1","level":"info","message":"HTTP Request","method":"GET","service":"leiriadetail-api","status":304,"timestamp":"2026-05-31T21:19:31.314Z","url":"/Authentication/Role"}
{"duration":"6ms","ip":"::1","level":"info","message":"HTTP Request","method":"GET","service":"leiriadetail-api","status":200,"timestamp":"2026-05-31T21:19:31.338Z","url":"/Dashboard"}
{"duration":"28ms","ip":"::1","level":"info","message":"HTTP Request","method":"GET","service":"leiriadetail-api","status":200,"timestamp":"2026-05-31T21:20:32.256Z","url":"/Dashboard"}
{"duration":"20ms","ip":"::1","level":"info","message":"HTTP Request","method":"GET","service":"leiriadetail-api","status":200,"timestamp":"2026-05-31T21:21:32.246Z","url":"/Dashboard"}
{"duration":"20ms","ip":"::1","level":"info","message":"HTTP Request","method":"GET","service":"leiriadetail-api","status":200,"timestamp":"2026-05-31T21:22:32.247Z","url":"/Dashboard"}
{"duration":"20ms","ip":"::1","level":"info","message":"HTTP Request","method":"GET","service":"leiriadetail-api","status":200,"timestamp":"2026-05-31T21:23:32.246Z","url":"/Dashboard"}
{"duration":"20ms","ip":"::1","level":"info","message":"HTTP Request","method":"GET","service":"leiriadetail-api","status":200,"timestamp":"2026-05-31T21:24:32.246Z","url":"/Dashboard"}
{"duration":"21ms","ip":"::1","level":"info","message":"HTTP Request","method":"GET","service":"leiriadetail-api","status":200,"timestamp":"2026-05-31T21:25:32.248Z","url":"/Dashboard"}
{"duration":"20ms","ip":"::1","level":"info","message":"HTTP Request","method":"GET","service":"leiriadetail-api","status":200,"timestamp":"2026-05-31T21:27:06.247Z","url":"/Dashboard"}
{"duration":"19ms","ip":"::1","level":"info","message":"HTTP Request","method":"GET","service":"leiriadetail-api","status":200,"timestamp":"2026-05-31T21:28:07.244Z","url":"/Dashboard"}
{"duration":"20ms","ip":"::1","level":"info","message":"HTTP Request","method":"GET","service":"leiriadetail-api","status":200,"timestamp":"2026-05-31T21:29:08.248Z","url":"/Dashboard"}
{"duration":"20ms","ip":"::1","level":"info","message":"HTTP Request","method":"GET","service":"leiriadetail-api","status":200,"timestamp":"2026-05-31T21:30:09.248Z","url":"/Dashboard"}
{"duration":"20ms","ip":"::1","level":"info","message":"HTTP Request","method":"GET","service":"leiriadetail-api","status":200,"timestamp":"2026-05-31T21:31:10.246Z","url":"/Dashboard"}
{"duration":"20ms","ip":"::1","level":"info","message":"HTTP Request","method":"GET","service":"leiriadetail-api","status":200,"timestamp":"2026-05-31T21:32:11.246Z","url":"/Dashboard"}
{"duration":"21ms","ip":"::1","level":"info","message":"HTTP Request","method":"GET","service":"leiriadetail-api","status":200,"timestamp":"2026-05-31T21:33:12.249Z","url":"/Dashboard"}
{"duration":"23ms","ip":"::1","level":"info","message":"HTTP Request","method":"GET","service":"leiriadetail-api","status":200,"timestamp":"2026-05-31T21:34:12.251Z","url":"/Dashboard"}
{"duration":"23ms","ip":"::1","level":"info","message":"HTTP Request","method":"GET","service":"leiriadetail-api","status":200,"timestamp":"2026-05-31T21:35:12.252Z","url":"/Dashboard"}
{"duration":"22ms","ip":"::1","level":"info","message":"HTTP Request","method":"GET","service":"leiriadetail-api","status":200,"timestamp":"2026-05-31T21:36:12.249Z","url":"/Dashboard"}
{"duration":"19ms","ip":"::1","level":"info","message":"HTTP Request","method":"GET","service":"leiriadetail-api","status":200,"timestamp":"2026-05-31T21:37:12.245Z","url":"/Dashboard"}
{"duration":"21ms","ip":"::1","level":"info","message":"HTTP Request","method":"GET","service":"leiriadetail-api","status":200,"timestamp":"2026-05-31T21:38:12.246Z","url":"/Dashboard"}
{"duration":"21ms","ip":"::1","level":"info","message":"HTTP Request","method":"GET","service":"leiriadetail-api","status":200,"timestamp":"2026-05-31T21:39:12.248Z","url":"/Dashboard"}
{"duration":"21ms","ip":"::1","level":"info","message":"HTTP Request","method":"GET","service":"leiriadetail-api","status":200,"timestamp":"2026-05-31T21:40:12.249Z","url":"/Dashboard"}
{"duration":"22ms","ip":"::1","level":"info","message":"HTTP Request","method":"GET","service":"leiriadetail-api","status":200,"timestamp":"2026-05-31T21:41:12.248Z","url":"/Dashboard"}
{"duration":"20ms","ip":"::1","level":"info","message":"HTTP Request","method":"GET","service":"leiriadetail-api","status":200,"timestamp":"2026-05-31T21:42:12.246Z","url":"/Dashboard"}
{"duration":"19ms","ip":"::1","level":"info","message":"HTTP Request","method":"GET","service":"leiriadetail-api","status":200,"timestamp":"2026-05-31T21:43:12.246Z","url":"/Dashboard"}
{"duration":"19ms","ip":"::1","level":"info","message":"HTTP Request","method":"GET","service":"leiriadetail-api","status":200,"timestamp":"2026-05-31T21:44:12.246Z","url":"/Dashboard"}
{"duration":"23ms","ip":"::1","level":"info","message":"HTTP Request","method":"GET","service":"leiriadetail-api","status":200,"timestamp":"2026-05-31T21:45:12.250Z","url":"/Dashboard"}
{"duration":"21ms","ip":"::1","level":"info","message":"HTTP Request","method":"GET","service":"leiriadetail-api","status":200,"timestamp":"2026-05-31T21:46:12.248Z","url":"/Dashboard"}
{"duration":"20ms","ip":"::1","level":"info","message":"HTTP Request","method":"GET","service":"leiriadetail-api","status":200,"timestamp":"2026-05-31T21:47:12.247Z","url":"/Dashboard"}
{"duration":"19ms","ip":"::1","level":"info","message":"HTTP Request","method":"GET","service":"leiriadetail-api","status":200,"timestamp":"2026-05-31T21:48:12.246Z","url":"/Dashboard"}
{"duration":"21ms","ip":"::1","level":"info","message":"HTTP Request","method":"GET","service":"leiriadetail-api","status":200,"timestamp":"2026-05-31T21:49:12.246Z","url":"/Dashboard"}
{"duration":"21ms","ip":"::1","level":"info","message":"HTTP Request","method":"GET","service":"leiriadetail-api","status":200,"timestamp":"2026-05-31T21:50:12.247Z","url":"/Dashboard"}
{"duration":"21ms","ip":"::1","level":"info","message":"HTTP Request","method":"GET","service":"leiriadetail-api","status":200,"timestamp":"2026-05-31T21:51:12.247Z","url":"/Dashboard"}
{"duration":"21ms","ip":"::1","level":"info","message":"HTTP Request","method":"GET","service":"leiriadetail-api","status":200,"timestamp":"2026-05-31T21:52:12.248Z","url":"/Dashboard"}
{"duration":"19ms","ip":"::1","level":"info","message":"HTTP Request","method":"GET","service":"leiriadetail-api","status":200,"timestamp":"2026-05-31T21:53:12.247Z","url":"/Dashboard"}
{"duration":"20ms","ip":"::1","level":"info","message":"HTTP Request","method":"GET","service":"leiriadetail-api","status":200,"timestamp":"2026-05-31T21:54:12.246Z","url":"/Dashboard"}
{"duration":"22ms","ip":"::1","level":"info","message":"HTTP Request","method":"GET","service":"leiriadetail-api","status":200,"timestamp":"2026-05-31T21:55:12.249Z","url":"/Dashboard"}
{"duration":"21ms","ip":"::1","level":"info","message":"HTTP Request","method":"GET","service":"leiriadetail-api","status":200,"timestamp":"2026-05-31T21:56:12.247Z","url":"/Dashboard"}
{"duration":"20ms","ip":"::1","level":"info","message":"HTTP Request","method":"GET","service":"leiriadetail-api","status":200,"timestamp":"2026-05-31T21:57:12.249Z","url":"/Dashboard"}
{"duration":"21ms","ip":"::1","level":"info","message":"HTTP Request","method":"GET","service":"leiriadetail-api","status":200,"timestamp":"2026-05-31T21:58:12.247Z","url":"/Dashboard"}
{"duration":"20ms","ip":"::1","level":"info","message":"HTTP Request","method":"GET","service":"leiriadetail-api","status":200,"timestamp":"2026-05-31T21:59:12.246Z","url":"/Dashboard"}
{"duration":"22ms","ip":"::1","level":"info","message":"HTTP Request","method":"GET","service":"leiriadetail-api","status":200,"timestamp":"2026-05-31T22:00:12.249Z","url":"/Dashboard"}
{"duration":"22ms","ip":"::1","level":"info","message":"HTTP Request","method":"GET","service":"leiriadetail-api","status":200,"timestamp":"2026-05-31T22:01:12.248Z","url":"/Dashboard"}
{"duration":"20ms","ip":"::1","level":"info","message":"HTTP Request","method":"GET","service":"leiriadetail-api","status":200,"timestamp":"2026-05-31T22:02:12.248Z","url":"/Dashboard"}
{"duration":"22ms","ip":"::1","level":"info","message":"HTTP Request","method":"GET","service":"leiriadetail-api","status":200,"timestamp":"2026-05-31T22:03:12.248Z","url":"/Dashboard"}
{"duration":"22ms","ip":"::1","level":"info","message":"HTTP Request","method":"GET","service":"leiriadetail-api","status":200,"timestamp":"2026-05-31T22:04:12.250Z","url":"/Dashboard"}
{"duration":"20ms","ip":"::1","level":"info","message":"HTTP Request","method":"GET","service":"leiriadetail-api","status":200,"timestamp":"2026-05-31T22:05:12.248Z","url":"/Dashboard"}
{"duration":"20ms","ip":"::1","level":"info","message":"HTTP Request","method":"GET","service":"leiriadetail-api","status":200,"timestamp":"2026-05-31T22:06:12.247Z","url":"/Dashboard"}
{"duration":"23ms","ip":"::1","level":"info","message":"HTTP Request","method":"GET","service":"leiriadetail-api","status":200,"timestamp":"2026-05-31T22:07:12.249Z","url":"/Dashboard"}
{"duration":"19ms","ip":"::1","level":"info","message":"HTTP Request","method":"GET","service":"leiriadetail-api","status":200,"timestamp":"2026-05-31T22:08:12.246Z","url":"/Dashboard"}
{"duration":"22ms","ip":"::1","level":"info","message":"HTTP Request","method":"GET","service":"leiriadetail-api","status":200,"timestamp":"2026-05-31T22:09:12.248Z","url":"/Dashboard"}
{"duration":"15ms","ip":"::1","level":"info","message":"HTTP Request","method":"GET","service":"leiriadetail-api","status":304,"timestamp":"2026-05-31T22:09:49.981Z","url":"/Authentication/Role"}
{"duration":"14ms","ip":"::1","level":"info","message":"HTTP Request","method":"GET","service":"leiriadetail-api","status":200,"timestamp":"2026-05-31T22:09:49.982Z","url":"/Profile/"}
{"duration":"14ms","ip":"::1","level":"info","message":"HTTP Request","method":"GET","service":"leiriadetail-api","status":200,"timestamp":"2026-05-31T22:09:49.983Z","url":"/Vehicles/List"}
{"duration":"14ms","ip":"::1","level":"info","message":"HTTP Request","method":"GET","service":"leiriadetail-api","status":200,"timestamp":"2026-05-31T22:09:49.983Z","url":"/Bookings?user_id=1"}
{"duration":"15ms","ip":"::1","level":"info","message":"HTTP Request","method":"GET","service":"leiriadetail-api","status":200,"timestamp":"2026-05-31T22:09:49.984Z","url":"/Bookings?user_id=1"}
{"duration":"2ms","ip":"::1","level":"info","message":"HTTP Request","method":"POST","service":"leiriadetail-api","status":200,"timestamp":"2026-05-31T22:09:56.737Z","url":"/Vehicles/SetPrimary"}
{"duration":"3ms","ip":"::1","level":"info","message":"HTTP Request","method":"GET","service":"leiriadetail-api","status":200,"timestamp":"2026-05-31T22:09:56.742Z","url":"/Vehicles/List"}
{"duration":"5ms","ip":"::1","level":"info","message":"HTTP Request","method":"DELETE","service":"leiriadetail-api","status":200,"timestamp":"2026-05-31T22:09:58.520Z","url":"/Vehicles/2"}
{"duration":"2ms","ip":"::1","level":"info","message":"HTTP Request","method":"GET","service":"leiriadetail-api","status":200,"timestamp":"2026-05-31T22:09:58.526Z","url":"/Vehicles/List"}
{"duration":"4ms","ip":"::1","level":"info","message":"HTTP Request","method":"DELETE","service":"leiriadetail-api","status":200,"timestamp":"2026-05-31T22:10:00.556Z","url":"/Vehicles/1"}
{"duration":"2ms","ip":"::1","level":"info","message":"HTTP Request","method":"GET","service":"leiriadetail-api","status":200,"timestamp":"2026-05-31T22:10:00.562Z","url":"/Vehicles/List"}
{"duration":"2ms","ip":"::1","level":"info","message":"HTTP Request","method":"GET","service":"leiriadetail-api","status":200,"timestamp":"2026-05-31T22:10:02.735Z","url":"/Services/"}
{"duration":"3ms","ip":"::1","level":"info","message":"HTTP Request","method":"GET","service":"leiriadetail-api","status":200,"timestamp":"2026-05-31T22:10:04.209Z","url":"/Vehicles/List"}
{"duration":"8ms","ip":"::1","level":"info","message":"HTTP Request","method":"GET","service":"leiriadetail-api","status":200,"timestamp":"2026-05-31T22:10:04.215Z","url":"/Loyalty/Dashboard"}
{"duration":"2ms","ip":"::1","level":"info","message":"HTTP Request","method":"GET","service":"leiriadetail-api","status":200,"timestamp":"2026-05-31T22:10:04.871Z","url":"/Bookings?user_id=1"}
{"duration":"4ms","ip":"::1","level":"info","message":"HTTP Request","method":"GET","service":"leiriadetail-api","status":200,"timestamp":"2026-05-31T22:10:04.872Z","url":"/Profile/"}
{"duration":"4ms","ip":"::1","level":"info","message":"HTTP Request","method":"GET","service":"leiriadetail-api","status":304,"timestamp":"2026-05-31T22:10:04.875Z","url":"/Authentication/Role"}
{"duration":"4ms","ip":"::1","level":"info","message":"HTTP Request","method":"GET","service":"leiriadetail-api","status":200,"timestamp":"2026-05-31T22:10:04.876Z","url":"/Vehicles/List"}
{"duration":"4ms","ip":"::1","level":"info","message":"HTTP Request","method":"GET","service":"leiriadetail-api","status":200,"timestamp":"2026-05-31T22:10:04.878Z","url":"/Bookings?user_id=1"}
{"duration":"6ms","ip":"::1","level":"info","message":"HTTP Request","method":"GET","service":"leiriadetail-api","status":200,"timestamp":"2026-05-31T22:10:12.232Z","url":"/Dashboard"}
{"duration":"6ms","ip":"::1","level":"info","message":"HTTP Request","method":"POST","service":"leiriadetail-api","status":200,"timestamp":"2026-05-31T22:10:21.796Z","url":"/Vehicles/Add"}
{"duration":"2ms","ip":"::1","level":"info","message":"HTTP Request","method":"GET","service":"leiriadetail-api","status":200,"timestamp":"2026-05-31T22:10:21.802Z","url":"/Vehicles/List"}
{"duration":"3ms","ip":"::1","level":"info","message":"HTTP Request","method":"GET","service":"leiriadetail-api","status":200,"timestamp":"2026-05-31T22:10:23.950Z","url":"/Vehicles/List"}
{"duration":"4ms","ip":"::1","level":"info","message":"HTTP Request","method":"GET","service":"leiriadetail-api","status":200,"timestamp":"2026-05-31T22:10:23.953Z","url":"/Loyalty/Dashboard"}
{"duration":"3ms","ip":"::1","level":"info","message":"HTTP Request","method":"GET","service":"leiriadetail-api","status":200,"timestamp":"2026-05-31T22:10:47.544Z","url":"/Profile/"}
{"duration":"4ms","ip":"::1","level":"info","message":"HTTP Request","method":"GET","service":"leiriadetail-api","status":304,"timestamp":"2026-05-31T22:10:47.549Z","url":"/Authentication/Role"}
{"duration":"4ms","ip":"::1","level":"info","message":"HTTP Request","method":"GET","service":"leiriadetail-api","status":200,"timestamp":"2026-05-31T22:10:47.552Z","url":"/Bookings?user_id=1"}
{"duration":"16ms","ip":"::1","level":"info","message":"HTTP Request","method":"GET","service":"leiriadetail-api","status":200,"timestamp":"2026-05-31T22:10:47.564Z","url":"/Bookings?user_id=1"}
{"duration":"19ms","ip":"::1","level":"info","message":"HTTP Request","method":"GET","service":"leiriadetail-api","status":200,"timestamp":"2026-05-31T22:10:47.567Z","url":"/Vehicles/List"}
{"duration":"3ms","ip":"::1","level":"info","message":"HTTP Request","method":"GET","service":"leiriadetail-api","status":200,"timestamp":"2026-05-31T22:11:00.073Z","url":"/Vehicles/List"}
{"duration":"8ms","ip":"::1","level":"info","message":"HTTP Request","method":"GET","service":"leiriadetail-api","status":200,"timestamp":"2026-05-31T22:11:00.079Z","url":"/Loyalty/Dashboard"}
{"duration":"4ms","ip":"::1","level":"info","message":"HTTP Request","method":"GET","service":"leiriadetail-api","status":200,"timestamp":"2026-05-31T22:11:01.082Z","url":"/Profile/"}
{"duration":"4ms","ip":"::1","level":"info","message":"HTTP Request","method":"GET","service":"leiriadetail-api","status":200,"timestamp":"2026-05-31T22:11:01.084Z","url":"/Bookings?user_id=1"}
{"duration":"4ms","ip":"::1","level":"info","message":"HTTP Request","method":"GET","service":"leiriadetail-api","status":304,"timestamp":"2026-05-31T22:11:01.085Z","url":"/Authentication/Role"}
{"duration":"1ms","ip":"::1","level":"info","message":"HTTP Request","method":"GET","service":"leiriadetail-api","status":200,"timestamp":"2026-05-31T22:11:01.086Z","url":"/Bookings?user_id=1"}
{"duration":"5ms","ip":"::1","level":"info","message":"HTTP Request","method":"GET","service":"leiriadetail-api","status":200,"timestamp":"2026-05-31T22:11:01.088Z","url":"/Vehicles/List"}
{"duration":"5ms","ip":"::1","level":"info","message":"HTTP Request","method":"DELETE","service":"leiriadetail-api","status":200,"timestamp":"2026-05-31T22:11:04.020Z","url":"/Vehicles/3"}
{"duration":"2ms","ip":"::1","level":"info","message":"HTTP Request","method":"GET","service":"leiriadetail-api","status":200,"timestamp":"2026-05-31T22:11:04.026Z","url":"/Vehicles/List"}
{"duration":"3ms","ip":"::1","level":"info","message":"HTTP Request","method":"GET","service":"leiriadetail-api","status":200,"timestamp":"2026-05-31T22:11:11.382Z","url":"/Vehicles/List"}
{"duration":"5ms","ip":"::1","level":"info","message":"HTTP Request","method":"GET","service":"leiriadetail-api","status":200,"timestamp":"2026-05-31T22:11:11.385Z","url":"/Loyalty/Dashboard"}
{"duration":"9ms","ip":"::1","level":"info","message":"HTTP Request","method":"GET","service":"leiriadetail-api","status":200,"timestamp":"2026-05-31T22:11:12.234Z","url":"/Dashboard"}
{"duration":"4ms","ip":"::1","level":"info","message":"HTTP Request","method":"GET","service":"leiriadetail-api","status":200,"timestamp":"2026-05-31T22:11:12.316Z","url":"/Vehicles/List"}
{"duration":"4ms","ip":"::1","level":"info","message":"HTTP Request","method":"GET","service":"leiriadetail-api","status":200,"timestamp":"2026-05-31T22:11:12.317Z","url":"/Loyalty/Dashboard"}
{"duration":"2ms","ip":"::1","level":"info","message":"HTTP Request","method":"GET","service":"leiriadetail-api","status":200,"timestamp":"2026-05-31T22:11:13.211Z","url":"/Services/"}
{"duration":"3ms","ip":"::1","level":"info","message":"HTTP Request","method":"GET","service":"leiriadetail-api","status":200,"timestamp":"2026-05-31T22:11:14.701Z","url":"/Vehicles/List"}
{"duration":"2ms","ip":"::1","level":"info","message":"HTTP Request","method":"GET","service":"leiriadetail-api","status":200,"timestamp":"2026-05-31T22:11:14.702Z","url":"/Loyalty/Dashboard"}
{"duration":"4ms","ip":"::1","level":"info","message":"HTTP Request","method":"GET","service":"leiriadetail-api","status":200,"timestamp":"2026-05-31T22:11:17.405Z","url":"/Profile/"}
{"duration":"2ms","ip":"::1","level":"info","message":"HTTP Request","method":"GET","service":"leiriadetail-api","status":200,"timestamp":"2026-05-31T22:11:17.405Z","url":"/Bookings?user_id=1"}
{"duration":"4ms","ip":"::1","level":"info","message":"HTTP Request","method":"GET","service":"leiriadetail-api","status":304,"timestamp":"2026-05-31T22:11:17.407Z","url":"/Authentication/Role"}
{"duration":"1ms","ip":"::1","level":"info","message":"HTTP Request","method":"GET","service":"leiriadetail-api","status":200,"timestamp":"2026-05-31T22:11:17.409Z","url":"/Bookings?user_id=1"}
{"duration":"4ms","ip":"::1","level":"info","message":"HTTP Request","method":"GET","service":"leiriadetail-api","status":200,"timestamp":"2026-05-31T22:11:17.411Z","url":"/Vehicles/List"}
{"duration":"2ms","ip":"::1","level":"info","message":"HTTP Request","method":"GET","service":"leiriadetail-api","status":200,"timestamp":"2026-05-31T22:11:27.038Z","url":"/Vehicles/List"}
{"duration":"4ms","ip":"::1","level":"info","message":"HTTP Request","method":"GET","service":"leiriadetail-api","status":200,"timestamp":"2026-05-31T22:11:27.041Z","url":"/Loyalty/Dashboard"}
{"duration":"2ms","ip":"::1","level":"info","message":"HTTP Request","method":"GET","service":"leiriadetail-api","status":200,"timestamp":"2026-05-31T22:11:27.733Z","url":"/Bookings?user_id=1"}
{"duration":"3ms","ip":"::1","level":"info","message":"HTTP Request","method":"GET","service":"leiriadetail-api","status":200,"timestamp":"2026-05-31T22:11:27.734Z","url":"/Profile/"}
{"duration":"2ms","ip":"::1","level":"info","message":"HTTP Request","method":"GET","service":"leiriadetail-api","status":200,"timestamp":"2026-05-31T22:11:27.738Z","url":"/Bookings?user_id=1"}
{"duration":"3ms","ip":"::1","level":"info","message":"HTTP Request","method":"GET","service":"leiriadetail-api","status":200,"timestamp":"2026-05-31T22:11:27.739Z","url":"/Vehicles/List"}
{"duration":"3ms","ip":"::1","level":"info","message":"HTTP Request","method":"GET","service":"leiriadetail-api","status":304,"timestamp":"2026-05-31T22:11:27.741Z","url":"/Authentication/Role"}
{"duration":"7ms","ip":"::1","level":"info","message":"HTTP Request","method":"POST","service":"leiriadetail-api","status":200,"timestamp":"2026-05-31T22:11:41.768Z","url":"/Vehicles/Add"}
{"duration":"3ms","ip":"::1","level":"info","message":"HTTP Request","method":"GET","service":"leiriadetail-api","status":200,"timestamp":"2026-05-31T22:11:41.774Z","url":"/Vehicles/List"}
{"duration":"3ms","ip":"::1","level":"info","message":"HTTP Request","method":"GET","service":"leiriadetail-api","status":200,"timestamp":"2026-05-31T22:11:47.248Z","url":"/Vehicles/List"}
{"duration":"3ms","ip":"::1","level":"info","message":"HTTP Request","method":"GET","service":"leiriadetail-api","status":200,"timestamp":"2026-05-31T22:11:47.249Z","url":"/Loyalty/Dashboard"}
{"duration":"2ms","ip":"::1","level":"info","message":"HTTP Request","method":"GET","service":"leiriadetail-api","status":200,"timestamp":"2026-05-31T22:11:49.483Z","url":"/Profile/"}
{"duration":"2ms","ip":"::1","level":"info","message":"HTTP Request","method":"GET","service":"leiriadetail-api","status":200,"timestamp":"2026-05-31T22:11:50.481Z","url":"/Services/"}
{"duration":"2ms","ip":"::1","level":"info","message":"HTTP Request","method":"GET","service":"leiriadetail-api","status":200,"timestamp":"2026-05-31T22:11:51.936Z","url":"/Bookings/slots?date=2026-05-31"}
{"duration":"4ms","ip":"::1","level":"info","message":"HTTP Request","method":"GET","service":"leiriadetail-api","status":200,"timestamp":"2026-05-31T22:11:51.940Z","url":"/Holiday/"}
{"duration":"2ms","ip":"::1","level":"info","message":"HTTP Request","method":"GET","service":"leiriadetail-api","status":200,"timestamp":"2026-05-31T22:11:54.253Z","url":"/Bookings/slots?date=2026-05-31"}
{"level":"info","message":"API a correr em development na porta 3001","service":"leiriadetail-api","timestamp":"2026-05-31T22:12:16.227Z"}
{"duration":"28ms","ip":"::1","level":"info","message":"HTTP Request","method":"GET","service":"leiriadetail-api","status":200,"timestamp":"2026-05-31T22:12:16.584Z","url":"/Vehicles/List"}
{"duration":"24ms","ip":"::1","level":"info","message":"HTTP Request","method":"GET","service":"leiriadetail-api","status":200,"timestamp":"2026-05-31T22:12:16.587Z","url":"/Loyalty/Dashboard"}
{"duration":"9ms","ip":"::1","level":"info","message":"HTTP Request","method":"GET","service":"leiriadetail-api","status":200,"timestamp":"2026-05-31T22:12:17.928Z","url":"/Profile/"}
{"duration":"4ms","ip":"::1","level":"info","message":"HTTP Request","method":"GET","service":"leiriadetail-api","status":200,"timestamp":"2026-05-31T22:12:19.000Z","url":"/Services/"}
{"duration":"3ms","ip":"::1","level":"info","message":"HTTP Request","method":"GET","service":"leiriadetail-api","status":200,"timestamp":"2026-05-31T22:12:20.300Z","url":"/Bookings/slots?date=2026-05-31"}
{"duration":"4ms","ip":"::1","level":"info","message":"HTTP Request","method":"GET","service":"leiriadetail-api","status":200,"timestamp":"2026-05-31T22:12:20.304Z","url":"/Holiday/"}
{"duration":"2ms","ip":"::1","level":"info","message":"HTTP Request","method":"GET","service":"leiriadetail-api","status":200,"timestamp":"2026-05-31T22:12:21.745Z","url":"/Bookings/slots?date=2026-06-01"}
{"duration":"33ms","ip":"::1","level":"info","message":"HTTP Request","method":"GET","service":"leiriadetail-api","status":200,"timestamp":"2026-05-31T22:13:12.261Z","url":"/Dashboard"}
{"duration":"23ms","ip":"::1","level":"info","message":"HTTP Request","method":"GET","service":"leiriadetail-api","status":200,"timestamp":"2026-05-31T22:14:12.250Z","url":"/Dashboard"}
{"duration":"24ms","ip":"::1","level":"info","message":"HTTP Request","method":"GET","service":"leiriadetail-api","status":200,"timestamp":"2026-05-31T22:15:12.252Z","url":"/Dashboard"}
{"duration":"22ms","ip":"::1","level":"info","message":"HTTP Request","method":"GET","service":"leiriadetail-api","status":200,"timestamp":"2026-05-31T22:16:12.248Z","url":"/Dashboard"}
{"duration":"21ms","ip":"::1","level":"info","message":"HTTP Request","method":"GET","service":"leiriadetail-api","status":200,"timestamp":"2026-05-31T22:17:12.247Z","url":"/Dashboard"}
{"duration":"21ms","ip":"::1","level":"info","message":"HTTP Request","method":"GET","service":"leiriadetail-api","status":200,"timestamp":"2026-05-31T22:18:12.248Z","url":"/Dashboard"}
{"duration":"23ms","ip":"::1","level":"info","message":"HTTP Request","method":"GET","service":"leiriadetail-api","status":200,"timestamp":"2026-05-31T22:19:12.251Z","url":"/Dashboard"}
{"duration":"22ms","ip":"::1","level":"info","message":"HTTP Request","method":"GET","service":"leiriadetail-api","status":200,"timestamp":"2026-05-31T22:20:12.248Z","url":"/Dashboard"}
{"duration":"22ms","ip":"::1","level":"info","message":"HTTP Request","method":"GET","service":"leiriadetail-api","status":200,"timestamp":"2026-05-31T22:21:12.249Z","url":"/Dashboard"}
{"duration":"21ms","ip":"::1","level":"info","message":"HTTP Request","method":"GET","service":"leiriadetail-api","status":200,"timestamp":"2026-05-31T22:22:12.247Z","url":"/Dashboard"}
{"duration":"27ms","ip":"::1","level":"info","message":"HTTP Request","method":"GET","service":"leiriadetail-api","status":200,"timestamp":"2026-05-31T22:23:12.257Z","url":"/Dashboard"}
{"duration":"24ms","ip":"::1","level":"info","message":"HTTP Request","method":"GET","service":"leiriadetail-api","status":200,"timestamp":"2026-05-31T22:24:12.250Z","url":"/Dashboard"}
{"duration":"23ms","ip":"::1","level":"info","message":"HTTP Request","method":"GET","service":"leiriadetail-api","status":200,"timestamp":"2026-05-31T22:25:12.251Z","url":"/Dashboard"}
{"duration":"21ms","ip":"::1","level":"info","message":"HTTP Request","method":"GET","service":"leiriadetail-api","status":200,"timestamp":"2026-05-31T22:26:12.248Z","url":"/Dashboard"}
{"duration":"20ms","ip":"::1","level":"info","message":"HTTP Request","method":"GET","service":"leiriadetail-api","status":200,"timestamp":"2026-05-31T22:27:12.247Z","url":"/Dashboard"}
{"duration":"16ms","ip":"::1","level":"info","message":"HTTP Request","method":"GET","service":"leiriadetail-api","status":200,"timestamp":"2026-05-31T22:27:44.615Z","url":"/Vehicles/List"}
{"duration":"18ms","ip":"::1","level":"info","message":"HTTP Request","method":"GET","service":"leiriadetail-api","status":200,"timestamp":"2026-05-31T22:27:44.618Z","url":"/Loyalty/Dashboard"}
{"duration":"7ms","ip":"::1","level":"info","message":"HTTP Request","method":"GET","service":"leiriadetail-api","status":200,"timestamp":"2026-05-31T22:27:45.939Z","url":"/Vehicles/List"}
{"duration":"7ms","ip":"::1","level":"info","message":"HTTP Request","method":"GET","service":"leiriadetail-api","status":200,"timestamp":"2026-05-31T22:27:45.940Z","url":"/Loyalty/Dashboard"}
{"duration":"4ms","ip":"::1","level":"info","message":"HTTP Request","method":"GET","service":"leiriadetail-api","status":200,"timestamp":"2026-05-31T22:27:47.412Z","url":"/Profile/"}
{"duration":"3ms","ip":"::1","level":"info","message":"HTTP Request","method":"GET","service":"leiriadetail-api","status":200,"timestamp":"2026-05-31T22:27:48.473Z","url":"/Services/"}
{"duration":"3ms","ip":"::1","level":"info","message":"HTTP Request","method":"GET","service":"leiriadetail-api","status":200,"timestamp":"2026-05-31T22:27:50.177Z","url":"/Bookings/slots?date=2026-05-31"}
{"duration":"3ms","ip":"::1","level":"info","message":"HTTP Request","method":"GET","service":"leiriadetail-api","status":200,"timestamp":"2026-05-31T22:27:50.179Z","url":"/Holiday/"}
{"duration":"2ms","ip":"::1","level":"info","message":"HTTP Request","method":"GET","service":"leiriadetail-api","status":200,"timestamp":"2026-05-31T22:27:51.874Z","url":"/Bookings/slots?date=2026-06-01"}
{"duration":"3ms","ip":"::1","level":"info","message":"HTTP Request","method":"GET","service":"leiriadetail-api","status":200,"timestamp":"2026-05-31T22:27:57.550Z","url":"/Reviews/"}
{"duration":"3ms","ip":"::1","level":"info","message":"HTTP Request","method":"GET","service":"leiriadetail-api","status":200,"timestamp":"2026-05-31T22:27:57.552Z","url":"/Faqs/"}
{"duration":"3ms","ip":"::1","level":"info","message":"HTTP Request","method":"GET","service":"leiriadetail-api","status":200,"timestamp":"2026-05-31T22:27:58.853Z","url":"/Reviews/"}
{"duration":"3ms","ip":"::1","level":"info","message":"HTTP Request","method":"GET","service":"leiriadetail-api","status":200,"timestamp":"2026-05-31T22:27:58.853Z","url":"/Faqs/"}
{"level":"info","message":"Login efetuado","service":"leiriadetail-api","timestamp":"2026-05-31T22:28:08.955Z","userId":1}
{"duration":"62ms","ip":"::1","level":"info","message":"HTTP Request","method":"POST","service":"leiriadetail-api","status":200,"timestamp":"2026-05-31T22:28:08.955Z","url":"/Authentication/Login"}
{"duration":"2ms","ip":"::1","level":"info","message":"HTTP Request","method":"GET","service":"leiriadetail-api","status":304,"timestamp":"2026-05-31T22:28:09.147Z","url":"/Authentication/Role"}
{"duration":"2ms","ip":"::1","level":"info","message":"HTTP Request","method":"GET","service":"leiriadetail-api","status":304,"timestamp":"2026-05-31T22:28:09.332Z","url":"/Authentication/Role"}
{"duration":"16ms","ip":"::1","level":"info","message":"HTTP Request","method":"GET","service":"leiriadetail-api","status":200,"timestamp":"2026-05-31T22:28:09.364Z","url":"/Dashboard"}
{"level":"info","message":"API a correr em development na porta 3001","service":"leiriadetail-api","timestamp":"2026-05-31T22:28:15.639Z"}
{"duration":"37ms","ip":"::1","level":"info","message":"HTTP Request","method":"GET","service":"leiriadetail-api","status":304,"timestamp":"2026-05-31T22:28:25.175Z","url":"/Authentication/Role"}
{"duration":"42ms","ip":"::1","level":"info","message":"HTTP Request","method":"GET","service":"leiriadetail-api","status":200,"timestamp":"2026-05-31T22:28:25.261Z","url":"/Dashboard"}
{"duration":"6ms","ip":"::1","level":"info","message":"HTTP Request","method":"GET","service":"leiriadetail-api","status":200,"timestamp":"2026-05-31T22:28:29.187Z","url":"/Reviews/"}
{"duration":"5ms","ip":"::1","level":"info","message":"HTTP Request","method":"GET","service":"leiriadetail-api","status":200,"timestamp":"2026-05-31T22:28:29.187Z","url":"/Faqs/"}
{"duration":"8ms","ip":"::1","level":"info","message":"HTTP Request","method":"GET","service":"leiriadetail-api","status":200,"timestamp":"2026-05-31T22:28:31.679Z","url":"/Vehicles/List"}
{"duration":"6ms","ip":"::1","level":"info","message":"HTTP Request","method":"GET","service":"leiriadetail-api","status":200,"timestamp":"2026-05-31T22:28:31.680Z","url":"/Loyalty/Dashboard"}
{"duration":"6ms","ip":"::1","level":"info","message":"HTTP Request","method":"GET","service":"leiriadetail-api","status":200,"timestamp":"2026-05-31T22:28:34.365Z","url":"/Profile/"}
{"duration":"4ms","ip":"::1","level":"info","message":"HTTP Request","method":"GET","service":"leiriadetail-api","status":200,"timestamp":"2026-05-31T22:28:36.033Z","url":"/Services/"}
{"duration":"3ms","ip":"::1","level":"info","message":"HTTP Request","method":"GET","service":"leiriadetail-api","status":200,"timestamp":"2026-05-31T22:28:38.077Z","url":"/Bookings/slots?date=2026-05-31"}
{"duration":"4ms","ip":"::1","level":"info","message":"HTTP Request","method":"GET","service":"leiriadetail-api","status":200,"timestamp":"2026-05-31T22:28:38.083Z","url":"/Holiday/"}
{"duration":"1ms","ip":"::1","level":"info","message":"HTTP Request","method":"GET","service":"leiriadetail-api","status":200,"timestamp":"2026-05-31T22:28:39.567Z","url":"/Bookings/slots?date=2026-06-01"}
{"duration":"24ms","ip":"::1","level":"info","message":"HTTP Request","method":"GET","service":"leiriadetail-api","status":200,"timestamp":"2026-05-31T22:29:12.251Z","url":"/Dashboard"}
{"duration":"25ms","ip":"::1","level":"info","message":"HTTP Request","method":"GET","service":"leiriadetail-api","status":200,"timestamp":"2026-05-31T22:30:12.252Z","url":"/Dashboard"}
{"level":"info","message":"API a correr em development na porta 3001","service":"leiriadetail-api","timestamp":"2026-05-31T22:30:19.426Z"}
{"duration":"50ms","ip":"::1","level":"info","message":"HTTP Request","method":"GET","service":"leiriadetail-api","status":200,"timestamp":"2026-05-31T22:31:12.280Z","url":"/Dashboard"}
{"duration":"10ms","ip":"::1","level":"info","message":"HTTP Request","method":"GET","service":"leiriadetail-api","status":200,"timestamp":"2026-05-31T22:31:32.760Z","url":"/Vehicles/List"}
{"duration":"13ms","ip":"::1","level":"info","message":"HTTP Request","method":"GET","service":"leiriadetail-api","status":200,"timestamp":"2026-05-31T22:31:32.764Z","url":"/Loyalty/Dashboard"}
{"duration":"6ms","ip":"::1","level":"info","message":"HTTP Request","method":"GET","service":"leiriadetail-api","status":200,"timestamp":"2026-05-31T22:31:34.135Z","url":"/Vehicles/List"}
{"duration":"12ms","ip":"::1","level":"info","message":"HTTP Request","method":"GET","service":"leiriadetail-api","status":200,"timestamp":"2026-05-31T22:31:34.142Z","url":"/Loyalty/Dashboard"}
{"duration":"6ms","ip":"::1","level":"info","message":"HTTP Request","method":"GET","service":"leiriadetail-api","status":200,"timestamp":"2026-05-31T22:31:41.656Z","url":"/Profile/"}
{"duration":"6ms","ip":"::1","level":"info","message":"HTTP Request","method":"GET","service":"leiriadetail-api","status":200,"timestamp":"2026-05-31T22:31:42.596Z","url":"/Services/"}
{"duration":"3ms","ip":"::1","level":"info","message":"HTTP Request","method":"GET","service":"leiriadetail-api","status":200,"timestamp":"2026-05-31T22:31:44.742Z","url":"/Bookings/slots?date=2026-05-31"}
{"duration":"3ms","ip":"::1","level":"info","message":"HTTP Request","method":"GET","service":"leiriadetail-api","status":200,"timestamp":"2026-05-31T22:31:44.744Z","url":"/Holiday/"}
{"duration":"2ms","ip":"::1","level":"info","message":"HTTP Request","method":"GET","service":"leiriadetail-api","status":200,"timestamp":"2026-05-31T22:31:50.005Z","url":"/Bookings/slots?date=2026-06-02"}
{"duration":"13ms","ip":"::1","level":"info","message":"HTTP Request","method":"GET","service":"leiriadetail-api","status":200,"timestamp":"2026-05-31T22:32:12.240Z","url":"/Dashboard"}
{"duration":"26ms","ip":"::1","level":"info","message":"HTTP Request","method":"GET","service":"leiriadetail-api","status":200,"timestamp":"2026-05-31T22:33:12.254Z","url":"/Dashboard"}
{"duration":"7ms","ip":"::1","level":"info","message":"HTTP Request","method":"GET","service":"leiriadetail-api","status":200,"timestamp":"2026-05-31T22:33:31.236Z","url":"/Vehicles/List"}
{"duration":"9ms","ip":"::1","level":"info","message":"HTTP Request","method":"GET","service":"leiriadetail-api","status":200,"timestamp":"2026-05-31T22:33:31.239Z","url":"/Loyalty/Dashboard"}
{"duration":"4ms","ip":"::1","level":"info","message":"HTTP Request","method":"GET","service":"leiriadetail-api","status":200,"timestamp":"2026-05-31T22:33:33.734Z","url":"/Bookings?user_id=1"}
{"duration":"6ms","ip":"::1","level":"info","message":"HTTP Request","method":"GET","service":"leiriadetail-api","status":200,"timestamp":"2026-05-31T22:33:33.734Z","url":"/Profile/"}
{"duration":"5ms","ip":"::1","level":"info","message":"HTTP Request","method":"GET","service":"leiriadetail-api","status":304,"timestamp":"2026-05-31T22:33:33.736Z","url":"/Authentication/Role"}
{"duration":"4ms","ip":"::1","level":"info","message":"HTTP Request","method":"GET","service":"leiriadetail-api","status":200,"timestamp":"2026-05-31T22:33:33.743Z","url":"/Bookings?user_id=1"}
{"duration":"5ms","ip":"::1","level":"info","message":"HTTP Request","method":"GET","service":"leiriadetail-api","status":200,"timestamp":"2026-05-31T22:33:33.745Z","url":"/Vehicles/List"}
{"duration":"17ms","ip":"::1","level":"info","message":"HTTP Request","method":"POST","service":"leiriadetail-api","status":200,"timestamp":"2026-05-31T22:33:40.218Z","url":"/Vehicles/Add"}
{"duration":"2ms","ip":"::1","level":"info","message":"HTTP Request","method":"GET","service":"leiriadetail-api","status":200,"timestamp":"2026-05-31T22:33:40.224Z","url":"/Vehicles/List"}
{"duration":"3ms","ip":"::1","level":"info","message":"HTTP Request","method":"GET","service":"leiriadetail-api","status":200,"timestamp":"2026-05-31T22:33:41.902Z","url":"/Vehicles/List"}
{"duration":"5ms","ip":"::1","level":"info","message":"HTTP Request","method":"GET","service":"leiriadetail-api","status":200,"timestamp":"2026-05-31T22:33:41.906Z","url":"/Loyalty/Dashboard"}
{"duration":"3ms","ip":"::1","level":"info","message":"HTTP Request","method":"GET","service":"leiriadetail-api","status":200,"timestamp":"2026-05-31T22:33:44.691Z","url":"/Profile/"}
{"duration":"2ms","ip":"::1","level":"info","message":"HTTP Request","method":"GET","service":"leiriadetail-api","status":200,"timestamp":"2026-05-31T22:33:45.454Z","url":"/Services/"}
{"duration":"1ms","ip":"::1","level":"info","message":"HTTP Request","method":"GET","service":"leiriadetail-api","status":200,"timestamp":"2026-05-31T22:33:47.043Z","url":"/Bookings/slots?date=2026-05-31"}
{"duration":"2ms","ip":"::1","level":"info","message":"HTTP Request","method":"GET","service":"leiriadetail-api","status":200,"timestamp":"2026-05-31T22:33:47.046Z","url":"/Holiday/"}
{"duration":"1ms","ip":"::1","level":"info","message":"HTTP Request","method":"GET","service":"leiriadetail-api","status":200,"timestamp":"2026-05-31T22:33:48.236Z","url":"/Bookings/slots?date=2026-06-02"}
{"duration":"2ms","ip":"::1","level":"info","message":"HTTP Request","method":"GET","service":"leiriadetail-api","status":200,"timestamp":"2026-05-31T22:33:51.455Z","url":"/Bookings/slots?date=2026-06-02"}
{"duration":"2ms","ip":"::1","level":"info","message":"HTTP Request","method":"GET","service":"leiriadetail-api","status":200,"timestamp":"2026-05-31T22:33:51.456Z","url":"/Holiday/"}
{"duration":"3ms","ip":"::1","level":"info","message":"HTTP Request","method":"GET","service":"leiriadetail-api","status":200,"timestamp":"2026-05-31T22:33:52.065Z","url":"/Services/"}
{"duration":"4ms","ip":"::1","level":"info","message":"HTTP Request","method":"GET","service":"leiriadetail-api","status":200,"timestamp":"2026-05-31T22:33:52.853Z","url":"/Profile/"}
{"duration":"3ms","ip":"::1","level":"info","message":"HTTP Request","method":"GET","service":"leiriadetail-api","status":200,"timestamp":"2026-05-31T22:33:53.425Z","url":"/Vehicles/List"}
{"duration":"3ms","ip":"::1","level":"info","message":"HTTP Request","method":"GET","service":"leiriadetail-api","status":304,"timestamp":"2026-05-31T22:33:58.310Z","url":"/Authentication/Role"}
{"duration":"5ms","ip":"::1","level":"info","message":"HTTP Request","method":"GET","service":"leiriadetail-api","status":200,"timestamp":"2026-05-31T22:33:58.314Z","url":"/Profile/"}
{"duration":"3ms","ip":"::1","level":"info","message":"HTTP Request","method":"GET","service":"leiriadetail-api","status":200,"timestamp":"2026-05-31T22:33:58.315Z","url":"/Bookings?user_id=1"}
{"duration":"6ms","ip":"::1","level":"info","message":"HTTP Request","method":"GET","service":"leiriadetail-api","status":200,"timestamp":"2026-05-31T22:33:58.318Z","url":"/Vehicles/List"}
{"duration":"22ms","ip":"::1","level":"info","message":"HTTP Request","method":"GET","service":"leiriadetail-api","status":200,"timestamp":"2026-05-31T22:33:58.335Z","url":"/Bookings?user_id=1"}
{"duration":"6ms","ip":"::1","level":"info","message":"HTTP Request","method":"DELETE","service":"leiriadetail-api","status":200,"timestamp":"2026-05-31T22:34:05.160Z","url":"/Vehicles/4"}
{"duration":"4ms","ip":"::1","level":"info","message":"HTTP Request","method":"GET","service":"leiriadetail-api","status":200,"timestamp":"2026-05-31T22:34:05.167Z","url":"/Vehicles/List"}
{"duration":"3ms","ip":"::1","level":"info","message":"HTTP Request","method":"DELETE","service":"leiriadetail-api","status":200,"timestamp":"2026-05-31T22:34:06.563Z","url":"/Vehicles/5"}
{"duration":"2ms","ip":"::1","level":"info","message":"HTTP Request","method":"GET","service":"leiriadetail-api","status":200,"timestamp":"2026-05-31T22:34:06.569Z","url":"/Vehicles/List"}
{"duration":"8ms","ip":"::1","level":"info","message":"HTTP Request","method":"GET","service":"leiriadetail-api","status":200,"timestamp":"2026-05-31T22:34:12.234Z","url":"/Dashboard"}
{"duration":"24ms","ip":"::1","level":"info","message":"HTTP Request","method":"GET","service":"leiriadetail-api","status":200,"timestamp":"2026-05-31T22:35:12.252Z","url":"/Dashboard"}
{"duration":"16ms","ip":"::1","level":"info","message":"HTTP Request","method":"POST","service":"leiriadetail-api","status":200,"timestamp":"2026-05-31T22:36:06.356Z","url":"/Vehicles/Add"}
{"duration":"4ms","ip":"::1","level":"info","message":"HTTP Request","method":"GET","service":"leiriadetail-api","status":200,"timestamp":"2026-05-31T22:36:06.363Z","url":"/Vehicles/List"}
{"duration":"14ms","ip":"::1","level":"info","message":"HTTP Request","method":"GET","service":"leiriadetail-api","status":200,"timestamp":"2026-05-31T22:36:12.241Z","url":"/Dashboard"}
{"duration":"13ms","ip":"::1","level":"info","message":"HTTP Request","method":"GET","service":"leiriadetail-api","status":200,"timestamp":"2026-05-31T22:37:09.814Z","url":"/Vehicles/List"}
{"duration":"15ms","ip":"::1","level":"info","message":"HTTP Request","method":"GET","service":"leiriadetail-api","status":200,"timestamp":"2026-05-31T22:37:09.816Z","url":"/Loyalty/Dashboard"}
{"duration":"5ms","ip":"::1","level":"info","message":"HTTP Request","method":"GET","service":"leiriadetail-api","status":200,"timestamp":"2026-05-31T22:37:10.907Z","url":"/Profile/"}
{"duration":"3ms","ip":"::1","level":"info","message":"HTTP Request","method":"GET","service":"leiriadetail-api","status":200,"timestamp":"2026-05-31T22:37:12.010Z","url":"/Services/"}
{"duration":"21ms","ip":"::1","level":"info","message":"HTTP Request","method":"GET","service":"leiriadetail-api","status":200,"timestamp":"2026-05-31T22:37:12.245Z","url":"/Dashboard"}
{"duration":"3ms","ip":"::1","level":"info","message":"HTTP Request","method":"GET","service":"leiriadetail-api","status":200,"timestamp":"2026-05-31T22:37:13.785Z","url":"/Bookings/slots?date=2026-05-31"}
{"duration":"3ms","ip":"::1","level":"info","message":"HTTP Request","method":"GET","service":"leiriadetail-api","status":200,"timestamp":"2026-05-31T22:37:13.786Z","url":"/Holiday/"}
{"duration":"2ms","ip":"::1","level":"info","message":"HTTP Request","method":"GET","service":"leiriadetail-api","status":200,"timestamp":"2026-05-31T22:37:15.103Z","url":"/Bookings/slots?date=2026-06-01"}
{"duration":"5ms","ip":"::1","level":"info","message":"HTTP Request","method":"POST","service":"leiriadetail-api","status":200,"timestamp":"2026-05-31T22:37:31.436Z","url":"/Bookings"}
{"duration":"4ms","ip":"::1","level":"info","message":"HTTP Request","method":"GET","service":"leiriadetail-api","status":304,"timestamp":"2026-05-31T22:37:31.790Z","url":"/Authentication/Role"}
{"duration":"3ms","ip":"::1","level":"info","message":"HTTP Request","method":"GET","service":"leiriadetail-api","status":200,"timestamp":"2026-05-31T22:37:37.433Z","url":"/Services/"}
{"duration":"4ms","ip":"::1","level":"info","message":"HTTP Request","method":"GET","service":"leiriadetail-api","status":200,"timestamp":"2026-05-31T22:37:38.916Z","url":"/Profile/"}
{"duration":"4ms","ip":"::1","level":"info","message":"HTTP Request","method":"GET","service":"leiriadetail-api","status":304,"timestamp":"2026-05-31T22:37:38.919Z","url":"/Authentication/Role"}
{"duration":"3ms","ip":"::1","level":"info","message":"HTTP Request","method":"GET","service":"leiriadetail-api","status":200,"timestamp":"2026-05-31T22:37:38.921Z","url":"/Bookings?user_id=1"}
{"duration":"4ms","ip":"::1","level":"info","message":"HTTP Request","method":"GET","service":"leiriadetail-api","status":200,"timestamp":"2026-05-31T22:37:38.922Z","url":"/Vehicles/List"}
{"duration":"5ms","ip":"::1","level":"info","message":"HTTP Request","method":"GET","service":"leiriadetail-api","status":200,"timestamp":"2026-05-31T22:37:38.924Z","url":"/Bookings?user_id=1"}
{"duration":"3ms","ip":"::1","level":"info","message":"HTTP Request","method":"GET","service":"leiriadetail-api","status":304,"timestamp":"2026-05-31T22:37:42.264Z","url":"/Authentication/Role"}
{"duration":"3ms","ip":"::1","level":"info","message":"HTTP Request","method":"GET","service":"leiriadetail-api","status":200,"timestamp":"2026-05-31T22:37:44.206Z","url":"/Bookings?user_id=1"}
{"duration":"6ms","ip":"::1","level":"info","message":"HTTP Request","method":"GET","service":"leiriadetail-api","status":200,"timestamp":"2026-05-31T22:37:44.208Z","url":"/Profile/"}
{"duration":"6ms","ip":"::1","level":"info","message":"HTTP Request","method":"GET","service":"leiriadetail-api","status":200,"timestamp":"2026-05-31T22:37:44.209Z","url":"/Vehicles/List"}
{"duration":"14ms","ip":"::1","level":"info","message":"HTTP Request","method":"GET","service":"leiriadetail-api","status":200,"timestamp":"2026-05-31T22:37:44.218Z","url":"/Bookings?user_id=1"}
{"duration":"15ms","ip":"::1","level":"info","message":"HTTP Request","method":"GET","service":"leiriadetail-api","status":304,"timestamp":"2026-05-31T22:37:44.219Z","url":"/Authentication/Role"}
{"duration":"11ms","ip":"::1","level":"info","message":"HTTP Request","method":"GET","service":"leiriadetail-api","status":200,"timestamp":"2026-05-31T22:37:44.734Z","url":"/Dashboard"}
{"duration":"9ms","ip":"::1","level":"info","message":"HTTP Request","method":"GET","service":"leiriadetail-api","status":200,"timestamp":"2026-05-31T22:37:45.939Z","url":"/Dashboard"}
{"duration":"3ms","ip":"::1","level":"info","message":"HTTP Request","method":"GET","service":"leiriadetail-api","status":304,"timestamp":"2026-05-31T22:37:46.224Z","url":"/Authentication/Role"}
{"duration":"4ms","ip":"::1","level":"info","message":"HTTP Request","method":"GET","service":"leiriadetail-api","status":304,"timestamp":"2026-05-31T22:37:47.467Z","url":"/Authentication/Role"}
{"duration":"11ms","ip":"::1","level":"info","message":"HTTP Request","method":"GET","service":"leiriadetail-api","status":200,"timestamp":"2026-05-31T22:37:47.487Z","url":"/Dashboard"}
{"duration":"2ms","ip":"::1","level":"info","message":"HTTP Request","method":"GET","service":"leiriadetail-api","status":304,"timestamp":"2026-05-31T22:37:53.274Z","url":"/Authentication/Role"}
{"duration":"21ms","ip":"::1","level":"info","message":"HTTP Request","method":"GET","service":"leiriadetail-api","status":200,"timestamp":"2026-05-31T22:38:48.248Z","url":"/Dashboard"}
{"duration":"22ms","ip":"::1","level":"info","message":"HTTP Request","method":"GET","service":"leiriadetail-api","status":200,"timestamp":"2026-05-31T22:39:48.249Z","url":"/Dashboard"}
{"duration":"21ms","ip":"::1","level":"info","message":"HTTP Request","method":"GET","service":"leiriadetail-api","status":200,"timestamp":"2026-05-31T22:40:48.247Z","url":"/Dashboard"}
{"duration":"22ms","ip":"::1","level":"info","message":"HTTP Request","method":"GET","service":"leiriadetail-api","status":200,"timestamp":"2026-05-31T22:41:48.250Z","url":"/Dashboard"}
{"duration":"26ms","ip":"::1","level":"info","message":"HTTP Request","method":"GET","service":"leiriadetail-api","status":200,"timestamp":"2026-05-31T22:42:48.253Z","url":"/Dashboard"}
{"duration":"26ms","ip":"::1","level":"info","message":"HTTP Request","method":"GET","service":"leiriadetail-api","status":200,"timestamp":"2026-05-31T22:43:48.255Z","url":"/Dashboard"}
{"duration":"28ms","ip":"::1","level":"info","message":"HTTP Request","method":"GET","service":"leiriadetail-api","status":200,"timestamp":"2026-05-31T22:45:12.256Z","url":"/Dashboard"}
{"duration":"29ms","ip":"::1","level":"info","message":"HTTP Request","method":"GET","service":"leiriadetail-api","status":200,"timestamp":"2026-05-31T22:46:12.261Z","url":"/Dashboard"}
{"duration":"29ms","ip":"::1","level":"info","message":"HTTP Request","method":"GET","service":"leiriadetail-api","status":200,"timestamp":"2026-05-31T22:47:12.258Z","url":"/Dashboard"}
{"duration":"34ms","ip":"::1","level":"info","message":"HTTP Request","method":"GET","service":"leiriadetail-api","status":200,"timestamp":"2026-05-31T22:48:12.262Z","url":"/Dashboard"}
{"duration":"22ms","ip":"::1","level":"info","message":"HTTP Request","method":"GET","service":"leiriadetail-api","status":200,"timestamp":"2026-05-31T22:49:12.249Z","url":"/Dashboard"}
{"duration":"21ms","ip":"::1","level":"info","message":"HTTP Request","method":"GET","service":"leiriadetail-api","status":200,"timestamp":"2026-05-31T22:50:12.248Z","url":"/Dashboard"}
{"duration":"26ms","ip":"::1","level":"info","message":"HTTP Request","method":"GET","service":"leiriadetail-api","status":200,"timestamp":"2026-05-31T22:51:12.252Z","url":"/Dashboard"}
{"duration":"29ms","ip":"::1","level":"info","message":"HTTP Request","method":"GET","service":"leiriadetail-api","status":200,"timestamp":"2026-05-31T22:52:12.257Z","url":"/Dashboard"}
{"duration":"29ms","ip":"::1","level":"info","message":"HTTP Request","method":"GET","service":"leiriadetail-api","status":200,"timestamp":"2026-05-31T22:53:12.258Z","url":"/Dashboard"}
{"duration":"32ms","ip":"::1","level":"info","message":"HTTP Request","method":"GET","service":"leiriadetail-api","status":200,"timestamp":"2026-05-31T22:54:12.262Z","url":"/Dashboard"}
{"duration":"32ms","ip":"::1","level":"info","message":"HTTP Request","method":"GET","service":"leiriadetail-api","status":200,"timestamp":"2026-05-31T22:55:12.262Z","url":"/Dashboard"}
{"duration":"29ms","ip":"::1","level":"info","message":"HTTP Request","method":"GET","service":"leiriadetail-api","status":200,"timestamp":"2026-05-31T22:56:12.257Z","url":"/Dashboard"}
{"duration":"30ms","ip":"::1","level":"info","message":"HTTP Request","method":"GET","service":"leiriadetail-api","status":200,"timestamp":"2026-05-31T22:57:12.259Z","url":"/Dashboard"}
{"duration":"29ms","ip":"::1","level":"info","message":"HTTP Request","method":"GET","service":"leiriadetail-api","status":200,"timestamp":"2026-05-31T22:58:12.259Z","url":"/Dashboard"}
{"duration":"21ms","ip":"::1","level":"info","message":"HTTP Request","method":"GET","service":"leiriadetail-api","status":200,"timestamp":"2026-05-31T22:59:12.247Z","url":"/Dashboard"}
{"duration":"21ms","ip":"::1","level":"info","message":"HTTP Request","method":"GET","service":"leiriadetail-api","status":200,"timestamp":"2026-05-31T23:00:12.248Z","url":"/Dashboard"}
{"duration":"23ms","ip":"::1","level":"info","message":"HTTP Request","method":"GET","service":"leiriadetail-api","status":200,"timestamp":"2026-05-31T23:01:12.249Z","url":"/Dashboard"}
{"duration":"33ms","ip":"::1","level":"info","message":"HTTP Request","method":"GET","service":"leiriadetail-api","status":200,"timestamp":"2026-05-31T23:02:12.262Z","url":"/Dashboard"}
{"duration":"23ms","ip":"::1","level":"info","message":"HTTP Request","method":"GET","service":"leiriadetail-api","status":200,"timestamp":"2026-05-31T23:03:12.251Z","url":"/Dashboard"}
{"duration":"4ms","ip":"::1","level":"info","message":"HTTP Request","method":"GET","service":"leiriadetail-api","status":304,"timestamp":"2026-05-31T23:03:29.766Z","url":"/Authentication/Role"}
{"duration":"21ms","ip":"::1","level":"info","message":"HTTP Request","method":"GET","service":"leiriadetail-api","status":200,"timestamp":"2026-05-31T23:04:12.249Z","url":"/Dashboard"}
{"duration":"27ms","ip":"::1","level":"info","message":"HTTP Request","method":"GET","service":"leiriadetail-api","status":200,"timestamp":"2026-05-31T23:05:12.257Z","url":"/Dashboard"}
{"duration":"29ms","ip":"::1","level":"info","message":"HTTP Request","method":"GET","service":"leiriadetail-api","status":200,"timestamp":"2026-05-31T23:06:12.259Z","url":"/Dashboard"}
{"duration":"29ms","ip":"::1","level":"info","message":"HTTP Request","method":"GET","service":"leiriadetail-api","status":200,"timestamp":"2026-05-31T23:07:12.260Z","url":"/Dashboard"}
{"duration":"35ms","ip":"::1","level":"info","message":"HTTP Request","method":"GET","service":"leiriadetail-api","status":200,"timestamp":"2026-05-31T23:08:12.264Z","url":"/Dashboard"}
{"duration":"29ms","ip":"::1","level":"info","message":"HTTP Request","method":"GET","service":"leiriadetail-api","status":200,"timestamp":"2026-05-31T23:09:12.258Z","url":"/Dashboard"}
{"duration":"32ms","ip":"::1","level":"info","message":"HTTP Request","method":"GET","service":"leiriadetail-api","status":200,"timestamp":"2026-05-31T23:10:12.261Z","url":"/Dashboard"}
{"duration":"26ms","ip":"::1","level":"info","message":"HTTP Request","method":"GET","service":"leiriadetail-api","status":200,"timestamp":"2026-05-31T23:11:12.253Z","url":"/Dashboard"}
{"duration":"23ms","ip":"::1","level":"info","message":"HTTP Request","method":"GET","service":"leiriadetail-api","status":200,"timestamp":"2026-05-31T23:12:12.251Z","url":"/Dashboard"}
{"duration":"24ms","ip":"::1","level":"info","message":"HTTP Request","method":"GET","service":"leiriadetail-api","status":200,"timestamp":"2026-05-31T23:13:12.253Z","url":"/Dashboard"}
{"level":"info","message":"API a correr em development na porta 3001","service":"leiriadetail-api","timestamp":"2026-05-31T23:13:45.100Z"}
{"duration":"66ms","ip":"::1","level":"info","message":"HTTP Request","method":"GET","service":"leiriadetail-api","status":200,"timestamp":"2026-05-31T23:14:12.367Z","url":"/Dashboard"}
{"level":"info","message":"API a correr em development na porta 3001","service":"leiriadetail-api","timestamp":"2026-05-31T23:14:41.619Z"}
{"level":"info","message":"API a correr em development na porta 3001","service":"leiriadetail-api","timestamp":"2026-05-31T23:14:59.984Z"}
{"level":"info","message":"API a correr em development na porta 3001","service":"leiriadetail-api","timestamp":"2026-05-31T23:15:12.040Z"}
{"duration":"79ms","ip":"::1","level":"info","message":"HTTP Request","method":"GET","service":"leiriadetail-api","status":200,"timestamp":"2026-05-31T23:15:12.384Z","url":"/Dashboard"}
{"duration":"35ms","ip":"::1","level":"info","message":"HTTP Request","method":"GET","service":"leiriadetail-api","status":200,"timestamp":"2026-05-31T23:16:12.342Z","url":"/Dashboard"}
{"duration":"31ms","ip":"::1","level":"info","message":"HTTP Request","method":"GET","service":"leiriadetail-api","status":200,"timestamp":"2026-05-31T23:17:12.261Z","url":"/Dashboard"}
{"duration":"33ms","ip":"::1","level":"info","message":"HTTP Request","method":"GET","service":"leiriadetail-api","status":200,"timestamp":"2026-05-31T23:18:12.264Z","url":"/Dashboard"}
{"duration":"29ms","ip":"::1","level":"info","message":"HTTP Request","method":"GET","service":"leiriadetail-api","status":200,"timestamp":"2026-05-31T23:19:12.260Z","url":"/Dashboard"}
{"duration":"31ms","ip":"::1","level":"info","message":"HTTP Request","method":"GET","service":"leiriadetail-api","status":200,"timestamp":"2026-05-31T23:20:12.262Z","url":"/Dashboard"}
{"duration":"20ms","ip":"::1","level":"info","message":"HTTP Request","method":"GET","service":"leiriadetail-api","status":200,"timestamp":"2026-05-31T23:21:12.250Z","url":"/Dashboard"}
{"duration":"27ms","ip":"::1","level":"info","message":"HTTP Request","method":"GET","service":"leiriadetail-api","status":200,"timestamp":"2026-05-31T23:22:12.259Z","url":"/Dashboard"}
{"duration":"31ms","ip":"::1","level":"info","message":"HTTP Request","method":"GET","service":"leiriadetail-api","status":200,"timestamp":"2026-05-31T23:23:12.264Z","url":"/Dashboard"}
{"duration":"40ms","ip":"::1","level":"info","message":"HTTP Request","method":"GET","service":"leiriadetail-api","status":200,"timestamp":"2026-05-31T23:24:12.271Z","url":"/Dashboard"}
{"duration":"37ms","ip":"::1","level":"info","message":"HTTP Request","method":"GET","service":"leiriadetail-api","status":200,"timestamp":"2026-05-31T23:25:12.269Z","url":"/Dashboard"}
{"duration":"26ms","ip":"::1","level":"info","message":"HTTP Request","method":"GET","service":"leiriadetail-api","status":200,"timestamp":"2026-05-31T23:26:12.254Z","url":"/Dashboard"}
{"duration":"31ms","ip":"::1","level":"info","message":"HTTP Request","method":"GET","service":"leiriadetail-api","status":200,"timestamp":"2026-05-31T23:27:12.261Z","url":"/Dashboard"}
{"duration":"31ms","ip":"::1","level":"info","message":"HTTP Request","method":"GET","service":"leiriadetail-api","status":200,"timestamp":"2026-05-31T23:28:12.261Z","url":"/Dashboard"}
{"duration":"31ms","ip":"::1","level":"info","message":"HTTP Request","method":"GET","service":"leiriadetail-api","status":200,"timestamp":"2026-05-31T23:29:12.264Z","url":"/Dashboard"}
{"duration":"52ms","ip":"::1","level":"info","message":"HTTP Request","method":"GET","service":"leiriadetail-api","status":200,"timestamp":"2026-05-31T23:30:12.283Z","url":"/Dashboard"}
{"duration":"31ms","ip":"::1","level":"info","message":"HTTP Request","method":"GET","service":"leiriadetail-api","status":200,"timestamp":"2026-05-31T23:31:12.261Z","url":"/Dashboard"}
{"duration":"32ms","ip":"::1","level":"info","message":"HTTP Request","method":"GET","service":"leiriadetail-api","status":200,"timestamp":"2026-05-31T23:32:12.262Z","url":"/Dashboard"}
{"duration":"28ms","ip":"::1","level":"info","message":"HTTP Request","method":"GET","service":"leiriadetail-api","status":200,"timestamp":"2026-05-31T23:33:12.258Z","url":"/Dashboard"}
{"duration":"9ms","ip":"::1","level":"info","message":"HTTP Request","method":"GET","service":"leiriadetail-api","status":200,"timestamp":"2026-05-31T23:33:32.814Z","url":"/Profile/"}
{"duration":"6ms","ip":"::1","level":"info","message":"HTTP Request","method":"GET","service":"leiriadetail-api","status":200,"timestamp":"2026-05-31T23:33:32.815Z","url":"/Bookings?user_id=1"}
{"duration":"9ms","ip":"::1","level":"info","message":"HTTP Request","method":"GET","service":"leiriadetail-api","status":200,"timestamp":"2026-05-31T23:33:32.819Z","url":"/Vehicles/List"}
{"duration":"18ms","ip":"::1","level":"info","message":"HTTP Request","method":"GET","service":"leiriadetail-api","status":200,"timestamp":"2026-05-31T23:33:32.828Z","url":"/Bookings?user_id=1"}
{"duration":"4ms","ip":"::1","level":"info","message":"HTTP Request","method":"GET","service":"leiriadetail-api","status":304,"timestamp":"2026-05-31T23:33:33.095Z","url":"/Authentication/Role"}
{"duration":"34ms","ip":"::1","level":"info","message":"HTTP Request","method":"GET","service":"leiriadetail-api","status":200,"timestamp":"2026-05-31T23:34:12.264Z","url":"/Dashboard"}
{"duration":"26ms","ip":"::1","level":"info","message":"HTTP Request","method":"GET","service":"leiriadetail-api","status":200,"timestamp":"2026-05-31T23:35:12.259Z","url":"/Dashboard"}
{"duration":"36ms","ip":"::1","level":"info","message":"HTTP Request","method":"GET","service":"leiriadetail-api","status":200,"timestamp":"2026-05-31T23:36:12.268Z","url":"/Dashboard"}
{"duration":"28ms","ip":"::1","level":"info","message":"HTTP Request","method":"GET","service":"leiriadetail-api","status":200,"timestamp":"2026-05-31T23:37:12.258Z","url":"/Dashboard"}
{"duration":"24ms","ip":"::1","level":"info","message":"HTTP Request","method":"GET","service":"leiriadetail-api","status":200,"timestamp":"2026-05-31T23:38:12.252Z","url":"/Dashboard"}
{"duration":"34ms","ip":"::1","level":"info","message":"HTTP Request","method":"GET","service":"leiriadetail-api","status":200,"timestamp":"2026-05-31T23:39:12.263Z","url":"/Dashboard"}
{"duration":"40ms","ip":"::1","level":"info","message":"HTTP Request","method":"GET","service":"leiriadetail-api","status":200,"timestamp":"2026-05-31T23:40:12.270Z","url":"/Dashboard"}
{"duration":"22ms","ip":"::1","level":"info","message":"HTTP Request","method":"GET","service":"leiriadetail-api","status":200,"timestamp":"2026-05-31T23:41:12.251Z","url":"/Dashboard"}
{"duration":"32ms","ip":"::1","level":"info","message":"HTTP Request","method":"GET","service":"leiriadetail-api","status":200,"timestamp":"2026-05-31T23:42:12.262Z","url":"/Dashboard"}
{"duration":"33ms","ip":"::1","level":"info","message":"HTTP Request","method":"GET","service":"leiriadetail-api","status":200,"timestamp":"2026-05-31T23:43:12.262Z","url":"/Dashboard"}
{"duration":"30ms","ip":"::1","level":"info","message":"HTTP Request","method":"GET","service":"leiriadetail-api","status":200,"timestamp":"2026-05-31T23:44:12.260Z","url":"/Dashboard"}
{"duration":"25ms","ip":"::1","level":"info","message":"HTTP Request","method":"GET","service":"leiriadetail-api","status":200,"timestamp":"2026-05-31T23:45:12.254Z","url":"/Dashboard"}
{"duration":"26ms","ip":"::1","level":"info","message":"HTTP Request","method":"GET","service":"leiriadetail-api","status":200,"timestamp":"2026-05-31T23:46:12.255Z","url":"/Dashboard"}
{"duration":"30ms","ip":"::1","level":"info","message":"HTTP Request","method":"GET","service":"leiriadetail-api","status":200,"timestamp":"2026-05-31T23:47:12.259Z","url":"/Dashboard"}
{"duration":"31ms","ip":"::1","level":"info","message":"HTTP Request","method":"GET","service":"leiriadetail-api","status":200,"timestamp":"2026-05-31T23:48:12.261Z","url":"/Dashboard"}
{"duration":"36ms","ip":"::1","level":"info","message":"HTTP Request","method":"GET","service":"leiriadetail-api","status":200,"timestamp":"2026-05-31T23:49:12.266Z","url":"/Dashboard"}
{"duration":"33ms","ip":"::1","level":"info","message":"HTTP Request","method":"GET","service":"leiriadetail-api","status":200,"timestamp":"2026-05-31T23:50:12.262Z","url":"/Dashboard"}
{"duration":"32ms","ip":"::1","level":"info","message":"HTTP Request","method":"GET","service":"leiriadetail-api","status":200,"timestamp":"2026-05-31T23:51:12.262Z","url":"/Dashboard"}
{"duration":"28ms","ip":"::1","level":"info","message":"HTTP Request","method":"GET","service":"leiriadetail-api","status":200,"timestamp":"2026-05-31T23:52:12.258Z","url":"/Dashboard"}
{"duration":"29ms","ip":"::1","level":"info","message":"HTTP Request","method":"GET","service":"leiriadetail-api","status":200,"timestamp":"2026-05-31T23:53:12.258Z","url":"/Dashboard"}
{"duration":"40ms","ip":"::1","level":"info","message":"HTTP Request","method":"GET","service":"leiriadetail-api","status":200,"timestamp":"2026-05-31T23:54:12.272Z","url":"/Dashboard"}
{"duration":"33ms","ip":"::1","level":"info","message":"HTTP Request","method":"GET","service":"leiriadetail-api","status":200,"timestamp":"2026-05-31T23:55:12.264Z","url":"/Dashboard"}
{"duration":"32ms","ip":"::1","level":"info","message":"HTTP Request","method":"GET","service":"leiriadetail-api","status":200,"timestamp":"2026-05-31T23:56:12.261Z","url":"/Dashboard"}
{"duration":"23ms","ip":"::1","level":"info","message":"HTTP Request","method":"GET","service":"leiriadetail-api","status":200,"timestamp":"2026-05-31T23:57:12.253Z","url":"/Dashboard"}
{"duration":"4ms","ip":"::1","level":"info","message":"HTTP Request","method":"GET","service":"leiriadetail-api","status":304,"timestamp":"2026-05-31T23:57:34.106Z","url":"/Authentication/Role"}
{"duration":"20ms","ip":"::1","level":"info","message":"HTTP Request","method":"GET","service":"leiriadetail-api","status":200,"timestamp":"2026-05-31T23:58:12.249Z","url":"/Dashboard"}
{"duration":"6ms","ip":"::1","level":"info","message":"HTTP Request","method":"GET","service":"leiriadetail-api","status":304,"timestamp":"2026-05-31T23:58:13.152Z","url":"/Authentication/Role"}
{"duration":"2ms","ip":"::1","level":"info","message":"HTTP Request","method":"GET","service":"leiriadetail-api","status":304,"timestamp":"2026-05-31T23:58:23.403Z","url":"/Authentication/Role"}
{"duration":"3ms","ip":"::1","level":"info","message":"HTTP Request","method":"GET","service":"leiriadetail-api","status":304,"timestamp":"2026-05-31T23:58:32.431Z","url":"/Authentication/Role"}
{"duration":"24ms","ip":"::1","level":"info","message":"HTTP Request","method":"GET","service":"leiriadetail-api","status":200,"timestamp":"2026-05-31T23:59:12.251Z","url":"/Dashboard"}
{"duration":"5ms","ip":"::1","level":"info","message":"HTTP Request","method":"GET","service":"leiriadetail-api","status":304,"timestamp":"2026-05-31T23:59:18.188Z","url":"/Authentication/Role"}
{"duration":"6ms","ip":"::1","level":"info","message":"HTTP Request","method":"GET","service":"leiriadetail-api","status":200,"timestamp":"2026-05-31T23:59:18.190Z","url":"/Profile/"}
{"duration":"9ms","ip":"::1","level":"info","message":"HTTP Request","method":"GET","service":"leiriadetail-api","status":200,"timestamp":"2026-05-31T23:59:18.193Z","url":"/Vehicles/List"}
{"duration":"9ms","ip":"::1","level":"info","message":"HTTP Request","method":"GET","service":"leiriadetail-api","status":200,"timestamp":"2026-05-31T23:59:18.198Z","url":"/Bookings?user_id=1"}
{"duration":"3ms","ip":"::1","level":"info","message":"HTTP Request","method":"GET","service":"leiriadetail-api","status":200,"timestamp":"2026-05-31T23:59:18.199Z","url":"/Bookings?user_id=1"}
{"duration":"4ms","ip":"::1","level":"info","message":"HTTP Request","method":"GET","service":"leiriadetail-api","status":200,"timestamp":"2026-05-31T23:59:19.405Z","url":"/Profile/"}
{"duration":"4ms","ip":"::1","level":"info","message":"HTTP Request","method":"GET","service":"leiriadetail-api","status":304,"timestamp":"2026-05-31T23:59:19.408Z","url":"/Authentication/Role"}
{"duration":"7ms","ip":"::1","level":"info","message":"HTTP Request","method":"GET","service":"leiriadetail-api","status":200,"timestamp":"2026-05-31T23:59:19.410Z","url":"/Bookings?user_id=1"}
{"duration":"2ms","ip":"::1","level":"info","message":"HTTP Request","method":"GET","service":"leiriadetail-api","status":200,"timestamp":"2026-05-31T23:59:19.416Z","url":"/Bookings?user_id=1"}
{"duration":"11ms","ip":"::1","level":"info","message":"HTTP Request","method":"GET","service":"leiriadetail-api","status":200,"timestamp":"2026-05-31T23:59:19.416Z","url":"/Vehicles/List"}
{"duration":"4ms","ip":"::1","level":"info","message":"HTTP Request","method":"GET","service":"leiriadetail-api","status":304,"timestamp":"2026-05-31T23:59:21.784Z","url":"/Authentication/Role"}
{"duration":"1ms","ip":"::1","level":"info","message":"HTTP Request","method":"GET","service":"leiriadetail-api","status":200,"timestamp":"2026-05-31T23:59:21.817Z","url":"/Bookings?user_id=1"}
{"duration":"6ms","ip":"::1","level":"info","message":"HTTP Request","method":"GET","service":"leiriadetail-api","status":200,"timestamp":"2026-05-31T23:59:21.818Z","url":"/Profile/"}
{"duration":"9ms","ip":"::1","level":"info","message":"HTTP Request","method":"GET","service":"leiriadetail-api","status":304,"timestamp":"2026-05-31T23:59:21.824Z","url":"/Authentication/Role"}
{"duration":"6ms","ip":"::1","level":"info","message":"HTTP Request","method":"GET","service":"leiriadetail-api","status":200,"timestamp":"2026-05-31T23:59:21.826Z","url":"/Bookings?user_id=1"}
{"duration":"10ms","ip":"::1","level":"info","message":"HTTP Request","method":"GET","service":"leiriadetail-api","status":200,"timestamp":"2026-05-31T23:59:21.829Z","url":"/Vehicles/List"}
{"duration":"3ms","ip":"::1","level":"info","message":"HTTP Request","method":"GET","service":"leiriadetail-api","status":304,"timestamp":"2026-05-31T23:59:24.113Z","url":"/Authentication/Role"}
{"duration":"5ms","ip":"::1","level":"info","message":"HTTP Request","method":"GET","service":"leiriadetail-api","status":200,"timestamp":"2026-05-31T23:59:24.144Z","url":"/Profile/"}
{"duration":"3ms","ip":"::1","level":"info","message":"HTTP Request","method":"GET","service":"leiriadetail-api","status":200,"timestamp":"2026-05-31T23:59:24.145Z","url":"/Bookings?user_id=1"}
{"duration":"4ms","ip":"::1","level":"info","message":"HTTP Request","method":"GET","service":"leiriadetail-api","status":304,"timestamp":"2026-05-31T23:59:24.146Z","url":"/Authentication/Role"}
{"duration":"2ms","ip":"::1","level":"info","message":"HTTP Request","method":"GET","service":"leiriadetail-api","status":200,"timestamp":"2026-05-31T23:59:24.149Z","url":"/Bookings?user_id=1"}
{"duration":"6ms","ip":"::1","level":"info","message":"HTTP Request","method":"GET","service":"leiriadetail-api","status":200,"timestamp":"2026-05-31T23:59:24.151Z","url":"/Vehicles/List"}
{"duration":"2ms","ip":"::1","level":"info","message":"HTTP Request","method":"GET","service":"leiriadetail-api","status":304,"timestamp":"2026-05-31T23:59:24.548Z","url":"/Authentication/Role"}
{"duration":"2ms","ip":"::1","level":"info","message":"HTTP Request","method":"GET","service":"leiriadetail-api","status":200,"timestamp":"2026-05-31T23:59:24.575Z","url":"/Bookings?user_id=1"}
{"duration":"4ms","ip":"::1","level":"info","message":"HTTP Request","method":"GET","service":"leiriadetail-api","status":200,"timestamp":"2026-05-31T23:59:24.576Z","url":"/Profile/"}
{"duration":"4ms","ip":"::1","level":"info","message":"HTTP Request","method":"GET","service":"leiriadetail-api","status":200,"timestamp":"2026-05-31T23:59:24.578Z","url":"/Vehicles/List"}
{"duration":"2ms","ip":"::1","level":"info","message":"HTTP Request","method":"GET","service":"leiriadetail-api","status":200,"timestamp":"2026-05-31T23:59:24.579Z","url":"/Bookings?user_id=1"}
{"duration":"2ms","ip":"::1","level":"info","message":"HTTP Request","method":"GET","service":"leiriadetail-api","status":304,"timestamp":"2026-05-31T23:59:24.877Z","url":"/Authentication/Role"}
{"duration":"2ms","ip":"::1","level":"info","message":"HTTP Request","method":"GET","service":"leiriadetail-api","status":304,"timestamp":"2026-05-31T23:59:25.128Z","url":"/Authentication/Role"}
{"duration":"4ms","ip":"::1","level":"info","message":"HTTP Request","method":"GET","service":"leiriadetail-api","status":200,"timestamp":"2026-05-31T23:59:25.155Z","url":"/Profile/"}
{"duration":"3ms","ip":"::1","level":"info","message":"HTTP Request","method":"GET","service":"leiriadetail-api","status":200,"timestamp":"2026-05-31T23:59:25.156Z","url":"/Bookings?user_id=1"}
{"duration":"2ms","ip":"::1","level":"info","message":"HTTP Request","method":"GET","service":"leiriadetail-api","status":200,"timestamp":"2026-05-31T23:59:25.160Z","url":"/Bookings?user_id=1"}
{"duration":"4ms","ip":"::1","level":"info","message":"HTTP Request","method":"GET","service":"leiriadetail-api","status":200,"timestamp":"2026-05-31T23:59:25.160Z","url":"/Vehicles/List"}
{"duration":"3ms","ip":"::1","level":"info","message":"HTTP Request","method":"GET","service":"leiriadetail-api","status":304,"timestamp":"2026-05-31T23:59:25.184Z","url":"/Authentication/Role"}
{"duration":"3ms","ip":"::1","level":"info","message":"HTTP Request","method":"GET","service":"leiriadetail-api","status":304,"timestamp":"2026-05-31T23:59:52.806Z","url":"/Authentication/Role"}
{"duration":"4ms","ip":"::1","level":"info","message":"HTTP Request","method":"GET","service":"leiriadetail-api","status":200,"timestamp":"2026-05-31T23:59:52.807Z","url":"/Profile/"}
{"duration":"3ms","ip":"::1","level":"info","message":"HTTP Request","method":"GET","service":"leiriadetail-api","status":200,"timestamp":"2026-05-31T23:59:52.811Z","url":"/Bookings?user_id=1"}
{"duration":"2ms","ip":"::1","level":"info","message":"HTTP Request","method":"GET","service":"leiriadetail-api","status":200,"timestamp":"2026-05-31T23:59:52.812Z","url":"/Bookings?user_id=1"}
{"duration":"5ms","ip":"::1","level":"info","message":"HTTP Request","method":"GET","service":"leiriadetail-api","status":200,"timestamp":"2026-05-31T23:59:52.814Z","url":"/Vehicles/List"}
{"duration":"3ms","ip":"::1","level":"info","message":"HTTP Request","method":"GET","service":"leiriadetail-api","status":200,"timestamp":"2026-05-31T23:59:53.594Z","url":"/Bookings?user_id=1"}
{"duration":"7ms","ip":"::1","level":"info","message":"HTTP Request","method":"GET","service":"leiriadetail-api","status":200,"timestamp":"2026-05-31T23:59:53.596Z","url":"/Profile/"}
{"duration":"7ms","ip":"::1","level":"info","message":"HTTP Request","method":"GET","service":"leiriadetail-api","status":304,"timestamp":"2026-05-31T23:59:53.598Z","url":"/Authentication/Role"}
{"duration":"2ms","ip":"::1","level":"info","message":"HTTP Request","method":"GET","service":"leiriadetail-api","status":200,"timestamp":"2026-05-31T23:59:53.599Z","url":"/Bookings?user_id=1"}
{"duration":"20ms","ip":"::1","level":"info","message":"HTTP Request","method":"GET","service":"leiriadetail-api","status":200,"timestamp":"2026-05-31T23:59:53.612Z","url":"/Vehicles/List"}
{"duration":"5ms","ip":"::1","level":"info","message":"HTTP Request","method":"GET","service":"leiriadetail-api","status":304,"timestamp":"2026-06-01T00:00:07.818Z","url":"/Authentication/Role"}
{"duration":"3ms","ip":"::1","level":"info","message":"HTTP Request","method":"GET","service":"leiriadetail-api","status":200,"timestamp":"2026-06-01T00:00:07.824Z","url":"/Bookings?user_id=1"}
{"duration":"6ms","ip":"::1","level":"info","message":"HTTP Request","method":"GET","service":"leiriadetail-api","status":200,"timestamp":"2026-06-01T00:00:07.824Z","url":"/Profile/"}
{"duration":"3ms","ip":"::1","level":"info","message":"HTTP Request","method":"GET","service":"leiriadetail-api","status":200,"timestamp":"2026-06-01T00:00:07.825Z","url":"/Bookings?user_id=1"}
{"duration":"6ms","ip":"::1","level":"info","message":"HTTP Request","method":"GET","service":"leiriadetail-api","status":200,"timestamp":"2026-06-01T00:00:07.828Z","url":"/Vehicles/List"}
{"duration":"1ms","ip":"::1","level":"info","message":"HTTP Request","method":"GET","service":"leiriadetail-api","status":200,"timestamp":"2026-06-01T00:00:08.295Z","url":"/Bookings?user_id=1"}
{"duration":"4ms","ip":"::1","level":"info","message":"HTTP Request","method":"GET","service":"leiriadetail-api","status":200,"timestamp":"2026-06-01T00:00:08.297Z","url":"/Profile/"}
{"duration":"2ms","ip":"::1","level":"info","message":"HTTP Request","method":"GET","service":"leiriadetail-api","status":200,"timestamp":"2026-06-01T00:00:08.298Z","url":"/Bookings?user_id=1"}
{"duration":"5ms","ip":"::1","level":"info","message":"HTTP Request","method":"GET","service":"leiriadetail-api","status":304,"timestamp":"2026-06-01T00:00:08.299Z","url":"/Authentication/Role"}
{"duration":"5ms","ip":"::1","level":"info","message":"HTTP Request","method":"GET","service":"leiriadetail-api","status":200,"timestamp":"2026-06-01T00:00:08.299Z","url":"/Vehicles/List"}
{"duration":"2ms","ip":"::1","level":"info","message":"HTTP Request","method":"GET","service":"leiriadetail-api","status":304,"timestamp":"2026-06-01T00:00:08.713Z","url":"/Authentication/Role"}
{"duration":"4ms","ip":"::1","level":"info","message":"HTTP Request","method":"GET","service":"leiriadetail-api","status":200,"timestamp":"2026-06-01T00:00:08.744Z","url":"/Profile/"}
{"duration":"3ms","ip":"::1","level":"info","message":"HTTP Request","method":"GET","service":"leiriadetail-api","status":304,"timestamp":"2026-06-01T00:00:08.745Z","url":"/Authentication/Role"}
{"duration":"4ms","ip":"::1","level":"info","message":"HTTP Request","method":"GET","service":"leiriadetail-api","status":200,"timestamp":"2026-06-01T00:00:08.746Z","url":"/Vehicles/List"}
{"duration":"6ms","ip":"::1","level":"info","message":"HTTP Request","method":"GET","service":"leiriadetail-api","status":200,"timestamp":"2026-06-01T00:00:08.747Z","url":"/Bookings?user_id=1"}
{"duration":"13ms","ip":"::1","level":"info","message":"HTTP Request","method":"GET","service":"leiriadetail-api","status":200,"timestamp":"2026-06-01T00:00:08.756Z","url":"/Bookings?user_id=1"}
{"duration":"3ms","ip":"::1","level":"info","message":"HTTP Request","method":"GET","service":"leiriadetail-api","status":304,"timestamp":"2026-06-01T00:00:09.091Z","url":"/Authentication/Role"}
{"duration":"2ms","ip":"::1","level":"info","message":"HTTP Request","method":"GET","service":"leiriadetail-api","status":200,"timestamp":"2026-06-01T00:00:09.116Z","url":"/Bookings?user_id=1"}
{"duration":"5ms","ip":"::1","level":"info","message":"HTTP Request","method":"GET","service":"leiriadetail-api","status":200,"timestamp":"2026-06-01T00:00:09.118Z","url":"/Profile/"}
{"duration":"5ms","ip":"::1","level":"info","message":"HTTP Request","method":"GET","service":"leiriadetail-api","status":200,"timestamp":"2026-06-01T00:00:09.120Z","url":"/Vehicles/List"}
{"duration":"5ms","ip":"::1","level":"info","message":"HTTP Request","method":"GET","service":"leiriadetail-api","status":304,"timestamp":"2026-06-01T00:00:09.120Z","url":"/Authentication/Role"}
{"duration":"3ms","ip":"::1","level":"info","message":"HTTP Request","method":"GET","service":"leiriadetail-api","status":200,"timestamp":"2026-06-01T00:00:09.121Z","url":"/Bookings?user_id=1"}
{"duration":"2ms","ip":"::1","level":"info","message":"HTTP Request","method":"GET","service":"leiriadetail-api","status":304,"timestamp":"2026-06-01T00:00:09.281Z","url":"/Authentication/Role"}
{"duration":"2ms","ip":"::1","level":"info","message":"HTTP Request","method":"GET","service":"leiriadetail-api","status":200,"timestamp":"2026-06-01T00:00:09.310Z","url":"/Bookings?user_id=1"}
{"duration":"3ms","ip":"::1","level":"info","message":"HTTP Request","method":"GET","service":"leiriadetail-api","status":200,"timestamp":"2026-06-01T00:00:09.310Z","url":"/Profile/"}
{"duration":"2ms","ip":"::1","level":"info","message":"HTTP Request","method":"GET","service":"leiriadetail-api","status":200,"timestamp":"2026-06-01T00:00:09.312Z","url":"/Bookings?user_id=1"}
{"duration":"3ms","ip":"::1","level":"info","message":"HTTP Request","method":"GET","service":"leiriadetail-api","status":200,"timestamp":"2026-06-01T00:00:09.312Z","url":"/Vehicles/List"}
{"duration":"2ms","ip":"::1","level":"info","message":"HTTP Request","method":"GET","service":"leiriadetail-api","status":304,"timestamp":"2026-06-01T00:00:09.611Z","url":"/Authentication/Role"}
{"duration":"3ms","ip":"::1","level":"info","message":"HTTP Request","method":"GET","service":"leiriadetail-api","status":304,"timestamp":"2026-06-01T00:00:09.862Z","url":"/Authentication/Role"}
{"duration":"2ms","ip":"::1","level":"info","message":"HTTP Request","method":"GET","service":"leiriadetail-api","status":200,"timestamp":"2026-06-01T00:00:09.887Z","url":"/Bookings?user_id=1"}
{"duration":"4ms","ip":"::1","level":"info","message":"HTTP Request","method":"GET","service":"leiriadetail-api","status":200,"timestamp":"2026-06-01T00:00:09.888Z","url":"/Profile/"}
{"duration":"1ms","ip":"::1","level":"info","message":"HTTP Request","method":"GET","service":"leiriadetail-api","status":200,"timestamp":"2026-06-01T00:00:09.889Z","url":"/Bookings?user_id=1"}
{"duration":"4ms","ip":"::1","level":"info","message":"HTTP Request","method":"GET","service":"leiriadetail-api","status":200,"timestamp":"2026-06-01T00:00:09.891Z","url":"/Vehicles/List"}
{"duration":"3ms","ip":"::1","level":"info","message":"HTTP Request","method":"GET","service":"leiriadetail-api","status":304,"timestamp":"2026-06-01T00:00:09.918Z","url":"/Authentication/Role"}
{"duration":"2ms","ip":"::1","level":"info","message":"HTTP Request","method":"GET","service":"leiriadetail-api","status":304,"timestamp":"2026-06-01T00:00:10.339Z","url":"/Authentication/Role"}
{"duration":"2ms","ip":"::1","level":"info","message":"HTTP Request","method":"GET","service":"leiriadetail-api","status":200,"timestamp":"2026-06-01T00:00:10.370Z","url":"/Bookings?user_id=1"}
{"duration":"4ms","ip":"::1","level":"info","message":"HTTP Request","method":"GET","service":"leiriadetail-api","status":200,"timestamp":"2026-06-01T00:00:10.371Z","url":"/Profile/"}
{"duration":"2ms","ip":"::1","level":"info","message":"HTTP Request","method":"GET","service":"leiriadetail-api","status":200,"timestamp":"2026-06-01T00:00:10.372Z","url":"/Bookings?user_id=1"}
{"duration":"3ms","ip":"::1","level":"info","message":"HTTP Request","method":"GET","service":"leiriadetail-api","status":200,"timestamp":"2026-06-01T00:00:10.372Z","url":"/Vehicles/List"}
{"duration":"2ms","ip":"::1","level":"info","message":"HTTP Request","method":"GET","service":"leiriadetail-api","status":304,"timestamp":"2026-06-01T00:00:10.671Z","url":"/Authentication/Role"}
{"duration":"8ms","ip":"::1","level":"info","message":"HTTP Request","method":"GET","service":"leiriadetail-api","status":200,"timestamp":"2026-06-01T00:00:12.234Z","url":"/Dashboard"}
{"duration":"3ms","ip":"::1","level":"info","message":"HTTP Request","method":"GET","service":"leiriadetail-api","status":304,"timestamp":"2026-06-01T00:00:14.057Z","url":"/Authentication/Role"}
{"duration":"9ms","ip":"::1","level":"info","message":"HTTP Request","method":"GET","service":"leiriadetail-api","status":200,"timestamp":"2026-06-01T00:00:14.072Z","url":"/Dashboard"}
{"duration":"3ms","ip":"::1","level":"info","message":"HTTP Request","method":"GET","service":"leiriadetail-api","status":304,"timestamp":"2026-06-01T00:00:14.598Z","url":"/Authentication/Role"}
{"duration":"9ms","ip":"::1","level":"info","message":"HTTP Request","method":"GET","service":"leiriadetail-api","status":200,"timestamp":"2026-06-01T00:00:14.617Z","url":"/Dashboard"}
{"duration":"4ms","ip":"::1","level":"info","message":"HTTP Request","method":"GET","service":"leiriadetail-api","status":200,"timestamp":"2026-06-01T00:00:19.877Z","url":"/Services/"}
{"duration":"2ms","ip":"::1","level":"info","message":"HTTP Request","method":"GET","service":"leiriadetail-api","status":200,"timestamp":"2026-06-01T00:00:21.504Z","url":"/Vehicles/List"}
{"duration":"6ms","ip":"::1","level":"info","message":"HTTP Request","method":"GET","service":"leiriadetail-api","status":200,"timestamp":"2026-06-01T00:00:21.512Z","url":"/Loyalty/Dashboard"}
{"duration":"3ms","ip":"::1","level":"info","message":"HTTP Request","method":"GET","service":"leiriadetail-api","status":200,"timestamp":"2026-06-01T00:00:22.763Z","url":"/Services/"}
{"duration":"3ms","ip":"::1","level":"info","message":"HTTP Request","method":"GET","service":"leiriadetail-api","status":200,"timestamp":"2026-06-01T00:00:23.207Z","url":"/Profile/"}
{"duration":"2ms","ip":"::1","level":"info","message":"HTTP Request","method":"GET","service":"leiriadetail-api","status":200,"timestamp":"2026-06-01T00:00:23.208Z","url":"/Bookings?user_id=1"}
{"duration":"4ms","ip":"::1","level":"info","message":"HTTP Request","method":"GET","service":"leiriadetail-api","status":304,"timestamp":"2026-06-01T00:00:23.210Z","url":"/Authentication/Role"}
{"duration":"1ms","ip":"::1","level":"info","message":"HTTP Request","method":"GET","service":"leiriadetail-api","status":200,"timestamp":"2026-06-01T00:00:23.211Z","url":"/Bookings?user_id=1"}
{"duration":"4ms","ip":"::1","level":"info","message":"HTTP Request","method":"GET","service":"leiriadetail-api","status":200,"timestamp":"2026-06-01T00:00:23.213Z","url":"/Vehicles/List"}
{"duration":"2ms","ip":"::1","level":"info","message":"HTTP Request","method":"GET","service":"leiriadetail-api","status":304,"timestamp":"2026-06-01T00:00:23.897Z","url":"/Authentication/Role"}
{"duration":"3ms","ip":"::1","level":"info","message":"HTTP Request","method":"GET","service":"leiriadetail-api","status":200,"timestamp":"2026-06-01T00:00:23.925Z","url":"/Bookings?user_id=1"}
{"duration":"6ms","ip":"::1","level":"info","message":"HTTP Request","method":"GET","service":"leiriadetail-api","status":200,"timestamp":"2026-06-01T00:00:23.926Z","url":"/Profile/"}
{"duration":"6ms","ip":"::1","level":"info","message":"HTTP Request","method":"GET","service":"leiriadetail-api","status":304,"timestamp":"2026-06-01T00:00:23.929Z","url":"/Authentication/Role"}
{"duration":"2ms","ip":"::1","level":"info","message":"HTTP Request","method":"GET","service":"leiriadetail-api","status":200,"timestamp":"2026-06-01T00:00:23.929Z","url":"/Bookings?user_id=1"}
{"duration":"7ms","ip":"::1","level":"info","message":"HTTP Request","method":"GET","service":"leiriadetail-api","status":200,"timestamp":"2026-06-01T00:00:23.930Z","url":"/Vehicles/List"}
{"duration":"2ms","ip":"::1","level":"info","message":"HTTP Request","method":"GET","service":"leiriadetail-api","status":304,"timestamp":"2026-06-01T00:00:24.295Z","url":"/Authentication/Role"}
{"duration":"1ms","ip":"::1","level":"info","message":"HTTP Request","method":"GET","service":"leiriadetail-api","status":200,"timestamp":"2026-06-01T00:00:24.325Z","url":"/Bookings?user_id=1"}
{"duration":"4ms","ip":"::1","level":"info","message":"HTTP Request","method":"GET","service":"leiriadetail-api","status":200,"timestamp":"2026-06-01T00:00:24.326Z","url":"/Profile/"}
{"duration":"4ms","ip":"::1","level":"info","message":"HTTP Request","method":"GET","service":"leiriadetail-api","status":304,"timestamp":"2026-06-01T00:00:24.327Z","url":"/Authentication/Role"}
{"duration":"2ms","ip":"::1","level":"info","message":"HTTP Request","method":"GET","service":"leiriadetail-api","status":200,"timestamp":"2026-06-01T00:00:24.328Z","url":"/Bookings?user_id=1"}
{"duration":"4ms","ip":"::1","level":"info","message":"HTTP Request","method":"GET","service":"leiriadetail-api","status":200,"timestamp":"2026-06-01T00:00:24.328Z","url":"/Vehicles/List"}
{"duration":"24ms","ip":"::1","level":"info","message":"HTTP Request","method":"GET","service":"leiriadetail-api","status":200,"timestamp":"2026-06-01T00:01:15.253Z","url":"/Dashboard"}
{"duration":"5ms","ip":"::1","level":"info","message":"HTTP Request","method":"GET","service":"leiriadetail-api","status":304,"timestamp":"2026-06-01T00:01:28.804Z","url":"/Authentication/Role"}
{"duration":"3ms","ip":"::1","level":"info","message":"HTTP Request","method":"GET","service":"leiriadetail-api","status":200,"timestamp":"2026-06-01T00:01:28.842Z","url":"/Profile/"}
{"duration":"4ms","ip":"::1","level":"info","message":"HTTP Request","method":"GET","service":"leiriadetail-api","status":200,"timestamp":"2026-06-01T00:01:28.844Z","url":"/Bookings?user_id=1"}
{"duration":"5ms","ip":"::1","level":"info","message":"HTTP Request","method":"GET","service":"leiriadetail-api","status":200,"timestamp":"2026-06-01T00:01:28.845Z","url":"/Vehicles/List"}
{"duration":"14ms","ip":"::1","level":"info","message":"HTTP Request","method":"GET","service":"leiriadetail-api","status":200,"timestamp":"2026-06-01T00:01:28.854Z","url":"/Bookings?user_id=1"}
{"duration":"4ms","ip":"::1","level":"info","message":"HTTP Request","method":"GET","service":"leiriadetail-api","status":304,"timestamp":"2026-06-01T00:01:29.053Z","url":"/Authentication/Role"}
{"duration":"3ms","ip":"::1","level":"info","message":"HTTP Request","method":"GET","service":"leiriadetail-api","status":304,"timestamp":"2026-06-01T00:01:29.240Z","url":"/Authentication/Role"}
{"duration":"2ms","ip":"::1","level":"info","message":"HTTP Request","method":"GET","service":"leiriadetail-api","status":200,"timestamp":"2026-06-01T00:01:29.268Z","url":"/Bookings?user_id=1"}
{"duration":"5ms","ip":"::1","level":"info","message":"HTTP Request","method":"GET","service":"leiriadetail-api","status":200,"timestamp":"2026-06-01T00:01:29.269Z","url":"/Profile/"}
{"duration":"1ms","ip":"::1","level":"info","message":"HTTP Request","method":"GET","service":"leiriadetail-api","status":200,"timestamp":"2026-06-01T00:01:29.271Z","url":"/Bookings?user_id=1"}
{"duration":"4ms","ip":"::1","level":"info","message":"HTTP Request","method":"GET","service":"leiriadetail-api","status":200,"timestamp":"2026-06-01T00:01:29.271Z","url":"/Vehicles/List"}
{"duration":"2ms","ip":"::1","level":"info","message":"HTTP Request","method":"GET","service":"leiriadetail-api","status":304,"timestamp":"2026-06-01T00:01:29.569Z","url":"/Authentication/Role"}
{"duration":"2ms","ip":"::1","level":"info","message":"HTTP Request","method":"GET","service":"leiriadetail-api","status":304,"timestamp":"2026-06-01T00:01:29.820Z","url":"/Authentication/Role"}
{"duration":"2ms","ip":"::1","level":"info","message":"HTTP Request","method":"GET","service":"leiriadetail-api","status":200,"timestamp":"2026-06-01T00:01:29.847Z","url":"/Profile/"}
{"duration":"2ms","ip":"::1","level":"info","message":"HTTP Request","method":"GET","service":"leiriadetail-api","status":200,"timestamp":"2026-06-01T00:01:29.847Z","url":"/Bookings?user_id=1"}
{"duration":"2ms","ip":"::1","level":"info","message":"HTTP Request","method":"GET","service":"leiriadetail-api","status":200,"timestamp":"2026-06-01T00:01:29.850Z","url":"/Bookings?user_id=1"}
{"duration":"6ms","ip":"::1","level":"info","message":"HTTP Request","method":"GET","service":"leiriadetail-api","status":200,"timestamp":"2026-06-01T00:01:29.852Z","url":"/Vehicles/List"}
{"duration":"3ms","ip":"::1","level":"info","message":"HTTP Request","method":"GET","service":"leiriadetail-api","status":304,"timestamp":"2026-06-01T00:01:29.905Z","url":"/Authentication/Role"}
{"duration":"3ms","ip":"::1","level":"info","message":"HTTP Request","method":"GET","service":"leiriadetail-api","status":304,"timestamp":"2026-06-01T00:01:30.149Z","url":"/Authentication/Role"}
{"duration":"2ms","ip":"::1","level":"info","message":"HTTP Request","method":"GET","service":"leiriadetail-api","status":200,"timestamp":"2026-06-01T00:01:30.178Z","url":"/Bookings?user_id=1"}
{"duration":"5ms","ip":"::1","level":"info","message":"HTTP Request","method":"GET","service":"leiriadetail-api","status":200,"timestamp":"2026-06-01T00:01:30.180Z","url":"/Profile/"}
{"duration":"2ms","ip":"::1","level":"info","message":"HTTP Request","method":"GET","service":"leiriadetail-api","status":200,"timestamp":"2026-06-01T00:01:30.192Z","url":"/Bookings?user_id=1"}
{"duration":"15ms","ip":"::1","level":"info","message":"HTTP Request","method":"GET","service":"leiriadetail-api","status":200,"timestamp":"2026-06-01T00:01:30.194Z","url":"/Vehicles/List"}
{"duration":"2ms","ip":"::1","level":"info","message":"HTTP Request","method":"GET","service":"leiriadetail-api","status":304,"timestamp":"2026-06-01T00:01:30.250Z","url":"/Authentication/Role"}
{"duration":"4ms","ip":"::1","level":"info","message":"HTTP Request","method":"GET","service":"leiriadetail-api","status":200,"timestamp":"2026-06-01T00:01:31.452Z","url":"/Reviews/"}
{"duration":"4ms","ip":"::1","level":"info","message":"HTTP Request","method":"GET","service":"leiriadetail-api","status":200,"timestamp":"2026-06-01T00:01:31.455Z","url":"/Faqs/"}
{"duration":"22ms","ip":"::1","level":"info","message":"HTTP Request","method":"GET","service":"leiriadetail-api","status":200,"timestamp":"2026-06-01T00:02:15.251Z","url":"/Dashboard"}
{"duration":"2ms","ip":"::1","level":"info","message":"HTTP Request","method":"GET","service":"leiriadetail-api","status":200,"timestamp":"2026-06-01T00:02:29.814Z","url":"/Faqs/"}
{"duration":"3ms","ip":"::1","level":"info","message":"HTTP Request","method":"GET","service":"leiriadetail-api","status":200,"timestamp":"2026-06-01T00:02:29.815Z","url":"/Reviews/"}
{"level":"warn","message":"Tentativa de autenticação sem sessionKey","service":"leiriadetail-api","timestamp":"2026-06-01T00:03:09.744Z"}
{"duration":"1ms","ip":"::1","level":"info","message":"HTTP Request","method":"GET","service":"leiriadetail-api","status":401,"timestamp":"2026-06-01T00:03:09.745Z","url":"/Authentication/Role"}
{"level":"info","message":"API a correr em development na porta 3001","service":"leiriadetail-api","timestamp":"2026-06-01T00:10:26.541Z"}
{"level":"info","message":"API a correr em development na porta 3001","service":"leiriadetail-api","timestamp":"2026-06-01T00:10:32.867Z"}
{"level":"info","message":"API a correr em development na porta 3001","service":"leiriadetail-api","timestamp":"2026-06-01T00:22:59.360Z"}
{"level":"info","message":"Login efetuado","service":"leiriadetail-api","timestamp":"2026-06-01T00:23:15.345Z","userId":1}
{"duration":"86ms","ip":"::1","level":"info","message":"HTTP Request","method":"POST","service":"leiriadetail-api","status":200,"timestamp":"2026-06-01T00:23:15.347Z","url":"/Authentication/Login"}
{"duration":"4ms","ip":"::1","level":"info","message":"HTTP Request","method":"GET","service":"leiriadetail-api","status":304,"timestamp":"2026-06-01T00:23:15.510Z","url":"/Authentication/Role"}
{"duration":"3ms","ip":"::1","level":"info","message":"HTTP Request","method":"GET","service":"leiriadetail-api","status":304,"timestamp":"2026-06-01T00:23:15.713Z","url":"/Authentication/Role"}
{"duration":"23ms","ip":"::1","level":"info","message":"HTTP Request","method":"GET","service":"leiriadetail-api","status":200,"timestamp":"2026-06-01T00:23:15.794Z","url":"/Dashboard"}
{"duration":"4ms","ip":"::1","level":"info","message":"HTTP Request","method":"GET","service":"leiriadetail-api","status":200,"timestamp":"2026-06-01T00:23:19.603Z","url":"/Reviews/"}
{"duration":"5ms","ip":"::1","level":"info","message":"HTTP Request","method":"GET","service":"leiriadetail-api","status":200,"timestamp":"2026-06-01T00:23:19.603Z","url":"/Faqs/"}
{"duration":"4ms","ip":"::1","level":"info","message":"HTTP Request","method":"GET","service":"leiriadetail-api","status":200,"timestamp":"2026-06-01T00:23:22.489Z","url":"/Services/"}
{"duration":"5ms","ip":"::1","level":"info","message":"HTTP Request","method":"GET","service":"leiriadetail-api","status":200,"timestamp":"2026-06-01T00:23:24.022Z","url":"/Vehicles/List"}
{"duration":"6ms","ip":"::1","level":"info","message":"HTTP Request","method":"GET","service":"leiriadetail-api","status":200,"timestamp":"2026-06-01T00:23:24.027Z","url":"/Loyalty/Dashboard"}
{"duration":"4ms","ip":"::1","level":"info","message":"HTTP Request","method":"GET","service":"leiriadetail-api","status":200,"timestamp":"2026-06-01T00:23:26.047Z","url":"/Profile/"}
{"duration":"2ms","ip":"::1","level":"info","message":"HTTP Request","method":"GET","service":"leiriadetail-api","status":200,"timestamp":"2026-06-01T00:23:27.041Z","url":"/Services/"}
{"duration":"2ms","ip":"::1","level":"info","message":"HTTP Request","method":"GET","service":"leiriadetail-api","status":200,"timestamp":"2026-06-01T00:23:28.562Z","url":"/Bookings/slots?date=2026-06-01"}
{"duration":"2ms","ip":"::1","level":"info","message":"HTTP Request","method":"GET","service":"leiriadetail-api","status":200,"timestamp":"2026-06-01T00:23:28.565Z","url":"/Holiday/"}
{"duration":"1ms","ip":"::1","level":"info","message":"HTTP Request","method":"GET","service":"leiriadetail-api","status":200,"timestamp":"2026-06-01T00:23:30.298Z","url":"/Bookings/slots?date=2026-07-02"}
{"duration":"4ms","ip":"::1","level":"info","message":"HTTP Request","method":"GET","service":"leiriadetail-api","status":200,"timestamp":"2026-06-01T00:23:38.921Z","url":"/Vehicles/List"}
{"duration":"7ms","ip":"::1","level":"info","message":"HTTP Request","method":"GET","service":"leiriadetail-api","status":200,"timestamp":"2026-06-01T00:23:38.927Z","url":"/Loyalty/Dashboard"}
{"duration":"4ms","ip":"::1","level":"info","message":"HTTP Request","method":"GET","service":"leiriadetail-api","status":304,"timestamp":"2026-06-01T00:23:43.442Z","url":"/Authentication/Role"}
{"duration":"3ms","ip":"::1","level":"info","message":"HTTP Request","method":"GET","service":"leiriadetail-api","status":200,"timestamp":"2026-06-01T00:23:43.447Z","url":"/Bookings?user_id=1"}
{"duration":"7ms","ip":"::1","level":"info","message":"HTTP Request","method":"GET","service":"leiriadetail-api","status":200,"timestamp":"2026-06-01T00:23:43.450Z","url":"/Profile/"}
{"duration":"7ms","ip":"::1","level":"info","message":"HTTP Request","method":"GET","service":"leiriadetail-api","status":200,"timestamp":"2026-06-01T00:23:43.451Z","url":"/Vehicles/List"}
{"duration":"16ms","ip":"::1","level":"info","message":"HTTP Request","method":"GET","service":"leiriadetail-api","status":200,"timestamp":"2026-06-01T00:23:43.461Z","url":"/Bookings?user_id=1"}
{"duration":"5ms","ip":"::1","level":"info","message":"HTTP Request","method":"GET","service":"leiriadetail-api","status":304,"timestamp":"2026-06-01T00:23:45.347Z","url":"/Authentication/Role"}
{"duration":"4ms","ip":"::1","level":"info","message":"HTTP Request","method":"GET","service":"leiriadetail-api","status":200,"timestamp":"2026-06-01T00:23:45.375Z","url":"/Profile/"}
{"duration":"4ms","ip":"::1","level":"info","message":"HTTP Request","method":"GET","service":"leiriadetail-api","status":304,"timestamp":"2026-06-01T00:23:45.376Z","url":"/Authentication/Role"}
{"duration":"4ms","ip":"::1","level":"info","message":"HTTP Request","method":"GET","service":"leiriadetail-api","status":200,"timestamp":"2026-06-01T00:23:45.376Z","url":"/Bookings?user_id=1"}
{"duration":"5ms","ip":"::1","level":"info","message":"HTTP Request","method":"GET","service":"leiriadetail-api","status":200,"timestamp":"2026-06-01T00:23:45.377Z","url":"/Vehicles/List"}
{"duration":"13ms","ip":"::1","level":"info","message":"HTTP Request","method":"GET","service":"leiriadetail-api","status":200,"timestamp":"2026-06-01T00:23:45.387Z","url":"/Bookings?user_id=1"}
{"duration":"4ms","ip":"::1","level":"info","message":"HTTP Request","method":"GET","service":"leiriadetail-api","status":304,"timestamp":"2026-06-01T00:24:10.434Z","url":"/Authentication/Role"}
{"duration":"3ms","ip":"::1","level":"info","message":"HTTP Request","method":"GET","service":"leiriadetail-api","status":200,"timestamp":"2026-06-01T00:24:10.460Z","url":"/Profile/"}
{"duration":"2ms","ip":"::1","level":"info","message":"HTTP Request","method":"GET","service":"leiriadetail-api","status":200,"timestamp":"2026-06-01T00:24:10.463Z","url":"/Bookings?user_id=1"}
{"duration":"1ms","ip":"::1","level":"info","message":"HTTP Request","method":"GET","service":"leiriadetail-api","status":200,"timestamp":"2026-06-01T00:24:10.463Z","url":"/Bookings?user_id=1"}
{"duration":"3ms","ip":"::1","level":"info","message":"HTTP Request","method":"GET","service":"leiriadetail-api","status":200,"timestamp":"2026-06-01T00:24:10.465Z","url":"/Vehicles/List"}
{"duration":"2ms","ip":"::1","level":"info","message":"HTTP Request","method":"GET","service":"leiriadetail-api","status":304,"timestamp":"2026-06-01T00:24:10.762Z","url":"/Authentication/Role"}
{"level":"info","message":"API a correr em development na porta 3001","service":"leiriadetail-api","timestamp":"2026-06-01T00:27:44.466Z"}
{"level":"info","message":"API a correr em development na porta 3001","service":"leiriadetail-api","timestamp":"2026-06-01T00:27:49.139Z"}
{"level":"info","message":"API a correr em development na porta 3001","service":"leiriadetail-api","timestamp":"2026-06-01T00:27:51.303Z"}
{"level":"info","message":"API a correr em development na porta 3001","service":"leiriadetail-api","timestamp":"2026-06-01T00:27:52.723Z"}
{"level":"info","message":"API a correr em development na porta 3001","service":"leiriadetail-api","timestamp":"2026-06-01T00:27:54.544Z"}
{"level":"info","message":"⏰ Cron de limpeza de pending bookings iniciado (a cada 1 minuto)","service":"leiriadetail-api","timestamp":"2026-06-01T00:30:13.120Z"}
{"level":"info","message":"API a correr em development na porta 3001","service":"leiriadetail-api","timestamp":"2026-06-01T00:30:13.124Z"}
{"level":"error","message":"Erro ao limpar pending bookings:","service":"leiriadetail-api","timestamp":"2026-06-01T00:30:13.138Z"}
{"level":"error","message":"Erro ao limpar pending bookings:","service":"leiriadetail-api","timestamp":"2026-06-01T00:31:13.129Z"}
{"level":"error","message":"Erro ao limpar pending bookings:","service":"leiriadetail-api","timestamp":"2026-06-01T00:32:13.129Z"}
{"level":"info","message":"⏰ Cron de limpeza de pending bookings iniciado (a cada 1 minuto)","service":"leiriadetail-api","timestamp":"2026-06-01T00:33:16.503Z"}
{"level":"info","message":"API a correr em development na porta 3001","service":"leiriadetail-api","timestamp":"2026-06-01T00:33:16.506Z"}
{"level":"error","message":"Erro ao limpar pending bookings:","service":"leiriadetail-api","timestamp":"2026-06-01T00:33:16.523Z"}
{"level":"error","message":"Erro ao limpar pending bookings:","service":"leiriadetail-api","timestamp":"2026-06-01T00:34:16.512Z"}
{"level":"error","message":"Erro ao limpar pending bookings:","service":"leiriadetail-api","timestamp":"2026-06-01T00:35:16.511Z"}
{"level":"error","message":"Erro ao limpar pending bookings:","service":"leiriadetail-api","timestamp":"2026-06-01T00:36:16.510Z"}
{"level":"error","message":"Erro ao limpar pending bookings:","service":"leiriadetail-api","timestamp":"2026-06-01T00:37:16.513Z"}
{"level":"error","message":"Erro ao limpar pending bookings:","service":"leiriadetail-api","timestamp":"2026-06-01T00:38:16.514Z"}
{"level":"error","message":"Erro ao limpar pending bookings:","service":"leiriadetail-api","timestamp":"2026-06-01T00:39:16.516Z"}
{"level":"error","message":"Erro ao limpar pending bookings:","service":"leiriadetail-api","timestamp":"2026-06-01T00:40:16.513Z"}
{"level":"error","message":"Erro ao limpar pending bookings:","service":"leiriadetail-api","timestamp":"2026-06-01T00:41:16.514Z"}
{"level":"error","message":"Erro ao limpar pending bookings:","service":"leiriadetail-api","timestamp":"2026-06-01T00:42:16.514Z"}
{"level":"error","message":"Erro ao limpar pending bookings:","service":"leiriadetail-api","timestamp":"2026-06-01T00:43:16.514Z"}
{"level":"error","message":"Erro ao limpar pending bookings:","service":"leiriadetail-api","timestamp":"2026-06-01T00:44:16.513Z"}
{"level":"error","message":"Erro ao limpar pending bookings:","service":"leiriadetail-api","timestamp":"2026-06-01T00:45:16.513Z"}
{"level":"error","message":"Erro ao limpar pending bookings:","service":"leiriadetail-api","timestamp":"2026-06-01T00:46:16.513Z"}
{"level":"error","message":"Erro ao limpar pending bookings:","service":"leiriadetail-api","timestamp":"2026-06-01T00:47:16.514Z"}
{"level":"error","message":"Erro ao limpar pending bookings:","service":"leiriadetail-api","timestamp":"2026-06-01T00:48:16.514Z"}
{"level":"info","message":"⏰ Cron de limpeza de pending bookings iniciado (a cada 1 minuto)","service":"leiriadetail-api","timestamp":"2026-06-01T00:49:14.366Z"}
{"level":"info","message":"API a correr em development na porta 3001","service":"leiriadetail-api","timestamp":"2026-06-01T00:49:14.369Z"}
{"level":"info","message":"⏰ Cron de verificação de pending bookings iniciado (a cada 1 minuto)","service":"leiriadetail-api","timestamp":"2026-06-01T00:49:35.064Z"}
{"level":"info","message":"API a correr em development na porta 3001","service":"leiriadetail-api","timestamp":"2026-06-01T00:49:35.067Z"}
{"level":"info","message":"⏰ Cron de verificação de pending bookings iniciado (a cada 1 minuto)","service":"leiriadetail-api","timestamp":"2026-06-01T00:50:35.490Z"}
{"level":"info","message":"API a correr em development na porta 3001","service":"leiriadetail-api","timestamp":"2026-06-01T00:50:35.494Z"}
{"level":"info","message":"⏰ Cron de verificação de pending bookings iniciado (a cada 1 minuto)","service":"leiriadetail-api","timestamp":"2026-06-01T00:50:37.597Z"}
{"level":"info","message":"API a correr em development na porta 3001","service":"leiriadetail-api","timestamp":"2026-06-01T00:50:37.601Z"}
{"level":"info","message":"⏰ Cron de verificação de pending bookings iniciado (a cada 1 minuto)","service":"leiriadetail-api","timestamp":"2026-06-01T00:51:18.171Z"}
{"level":"info","message":"API a correr em development na porta 3001","service":"leiriadetail-api","timestamp":"2026-06-01T00:51:18.175Z"}
{"level":"info","message":"⏰ Cron de limpeza de pending bookings iniciado (a cada 5 minuto(s))","service":"leiriadetail-api","timestamp":"2026-06-01T00:53:43.826Z"}
{"level":"info","message":"API a correr em development na porta 3001","service":"leiriadetail-api","timestamp":"2026-06-01T00:53:43.830Z"}
{"level":"info","message":"⏰ Cron de limpeza de pending bookings iniciado (a cada 5 minuto(s))","service":"leiriadetail-api","timestamp":"2026-06-01T00:53:47.064Z"}
{"level":"info","message":"API a correr em development na porta 3001","service":"leiriadetail-api","timestamp":"2026-06-01T00:53:47.068Z"}
{"level":"info","message":"⏰ Cron de limpeza de pending bookings iniciado (a cada 5 minuto(s))","service":"leiriadetail-api","timestamp":"2026-06-01T00:53:53.641Z"}
{"level":"info","message":"API a correr em development na porta 3001","service":"leiriadetail-api","timestamp":"2026-06-01T00:53:53.644Z"}
{"level":"warn","message":"Token inválido ou expirado","service":"leiriadetail-api","timestamp":"2026-06-01T00:54:00.513Z"}
{"duration":"8ms","ip":"::1","level":"info","message":"HTTP Request","method":"GET","service":"leiriadetail-api","status":401,"timestamp":"2026-06-01T00:54:00.516Z","url":"/Authentication/Role"}
{"level":"warn","message":"Token inválido ou expirado","service":"leiriadetail-api","timestamp":"2026-06-01T00:54:00.568Z"}
{"duration":"2ms","ip":"::1","level":"info","message":"HTTP Request","method":"GET","service":"leiriadetail-api","status":401,"timestamp":"2026-06-01T00:54:00.569Z","url":"/Profile/"}
{"duration":"6ms","ip":"::1","level":"info","message":"HTTP Request","method":"GET","service":"leiriadetail-api","status":200,"timestamp":"2026-06-01T00:54:00.577Z","url":"/Bookings?user_id=1"}
{"level":"warn","message":"Token inválido ou expirado","service":"leiriadetail-api","timestamp":"2026-06-01T00:54:00.584Z"}
{"duration":"12ms","ip":"::1","level":"info","message":"HTTP Request","method":"GET","service":"leiriadetail-api","status":401,"timestamp":"2026-06-01T00:54:00.584Z","url":"/Vehicles/List"}
{"duration":"14ms","ip":"::1","level":"info","message":"HTTP Request","method":"GET","service":"leiriadetail-api","status":200,"timestamp":"2026-06-01T00:54:00.586Z","url":"/Bookings?user_id=1"}
{"level":"warn","message":"Token inválido ou expirado","service":"leiriadetail-api","timestamp":"2026-06-01T00:54:02.662Z"}
{"duration":"3ms","ip":"::1","level":"info","message":"HTTP Request","method":"GET","service":"leiriadetail-api","status":401,"timestamp":"2026-06-01T00:54:02.663Z","url":"/Authentication/Role"}
{"level":"info","message":"Login efetuado","service":"leiriadetail-api","timestamp":"2026-06-01T00:54:18.981Z","userId":1}
{"duration":"64ms","ip":"::1","level":"info","message":"HTTP Request","method":"POST","service":"leiriadetail-api","status":200,"timestamp":"2026-06-01T00:54:18.982Z","url":"/Authentication/Login"}
{"duration":"4ms","ip":"::1","level":"info","message":"HTTP Request","method":"GET","service":"leiriadetail-api","status":304,"timestamp":"2026-06-01T00:54:18.991Z","url":"/Authentication/Role"}
{"duration":"2ms","ip":"::1","level":"info","message":"HTTP Request","method":"GET","service":"leiriadetail-api","status":304,"timestamp":"2026-06-01T00:54:19.059Z","url":"/Authentication/Role"}
{"duration":"19ms","ip":"::1","level":"info","message":"HTTP Request","method":"GET","service":"leiriadetail-api","status":200,"timestamp":"2026-06-01T00:54:19.090Z","url":"/Dashboard"}
{"duration":"4ms","ip":"::1","level":"info","message":"HTTP Request","method":"GET","service":"leiriadetail-api","status":200,"timestamp":"2026-06-01T00:54:22.566Z","url":"/Faqs/"}
{"duration":"4ms","ip":"::1","level":"info","message":"HTTP Request","method":"GET","service":"leiriadetail-api","status":200,"timestamp":"2026-06-01T00:54:22.566Z","url":"/Reviews/"}
{"duration":"2ms","ip":"::1","level":"info","message":"HTTP Request","method":"GET","service":"leiriadetail-api","status":200,"timestamp":"2026-06-01T00:54:23.685Z","url":"/Bookings?user_id=1"}
{"duration":"4ms","ip":"::1","level":"info","message":"HTTP Request","method":"GET","service":"leiriadetail-api","status":200,"timestamp":"2026-06-01T00:54:23.686Z","url":"/Profile/"}
{"duration":"3ms","ip":"::1","level":"info","message":"HTTP Request","method":"GET","service":"leiriadetail-api","status":304,"timestamp":"2026-06-01T00:54:23.687Z","url":"/Authentication/Role"}
{"duration":"2ms","ip":"::1","level":"info","message":"HTTP Request","method":"GET","service":"leiriadetail-api","status":200,"timestamp":"2026-06-01T00:54:23.691Z","url":"/Bookings?user_id=1"}
{"duration":"5ms","ip":"::1","level":"info","message":"HTTP Request","method":"GET","service":"leiriadetail-api","status":200,"timestamp":"2026-06-01T00:54:23.693Z","url":"/Vehicles/List"}
{"duration":"49ms","ip":"::1","level":"info","message":"HTTP Request","method":"POST","service":"leiriadetail-api","status":401,"timestamp":"2026-06-01T00:54:40.327Z","url":"/Authentication/Login"}
{"level":"info","message":"Login efetuado","service":"leiriadetail-api","timestamp":"2026-06-01T00:54:43.937Z","userId":1}
{"duration":"53ms","ip":"::1","level":"info","message":"HTTP Request","method":"POST","service":"leiriadetail-api","status":200,"timestamp":"2026-06-01T00:54:43.938Z","url":"/Authentication/Login"}
{"duration":"3ms","ip":"::1","level":"info","message":"HTTP Request","method":"GET","service":"leiriadetail-api","status":304,"timestamp":"2026-06-01T00:54:43.945Z","url":"/Authentication/Role"}
{"duration":"3ms","ip":"::1","level":"info","message":"HTTP Request","method":"GET","service":"leiriadetail-api","status":304,"timestamp":"2026-06-01T00:54:43.972Z","url":"/Authentication/Role"}
{"duration":"6ms","ip":"::1","level":"info","message":"HTTP Request","method":"GET","service":"leiriadetail-api","status":200,"timestamp":"2026-06-01T00:54:43.987Z","url":"/Dashboard"}
{"duration":"22ms","ip":"::1","level":"info","message":"HTTP Request","method":"GET","service":"leiriadetail-api","status":200,"timestamp":"2026-06-01T00:55:44.249Z","url":"/Dashboard"}
{"level":"warn","message":"Tentativa de autenticação sem sessionKey","service":"leiriadetail-api","timestamp":"2026-06-01T00:56:12.356Z"}
{"duration":"1ms","ip":"::1","level":"info","message":"HTTP Request","method":"GET","service":"leiriadetail-api","status":401,"timestamp":"2026-06-01T00:56:12.357Z","url":"/Authentication/Role"}
{"level":"info","message":"Login efetuado","service":"leiriadetail-api","timestamp":"2026-06-01T00:56:21.268Z","userId":1}
{"duration":"63ms","ip":"::1","level":"info","message":"HTTP Request","method":"POST","service":"leiriadetail-api","status":200,"timestamp":"2026-06-01T00:56:21.268Z","url":"/Authentication/Login"}
{"duration":"3ms","ip":"::1","level":"info","message":"HTTP Request","method":"GET","service":"leiriadetail-api","status":304,"timestamp":"2026-06-01T00:56:21.276Z","url":"/Authentication/Role"}
{"duration":"4ms","ip":"::1","level":"info","message":"HTTP Request","method":"GET","service":"leiriadetail-api","status":304,"timestamp":"2026-06-01T00:56:21.325Z","url":"/Authentication/Role"}
{"duration":"15ms","ip":"::1","level":"info","message":"HTTP Request","method":"GET","service":"leiriadetail-api","status":200,"timestamp":"2026-06-01T00:56:21.346Z","url":"/Dashboard"}
{"level":"warn","message":"Tentativa de autenticação sem sessionKey","service":"leiriadetail-api","timestamp":"2026-06-01T00:56:35.963Z"}
{"duration":"1ms","ip":"::1","level":"info","message":"HTTP Request","method":"GET","service":"leiriadetail-api","status":401,"timestamp":"2026-06-01T00:56:35.964Z","url":"/Profile/"}
{"level":"warn","message":"Tentativa de autenticação sem sessionKey","service":"leiriadetail-api","timestamp":"2026-06-01T00:56:35.964Z"}
{"duration":"1ms","ip":"::1","level":"info","message":"HTTP Request","method":"GET","service":"leiriadetail-api","status":401,"timestamp":"2026-06-01T00:56:35.965Z","url":"/Vehicles/List"}
{"level":"info","message":"Login efetuado","service":"leiriadetail-api","timestamp":"2026-06-01T00:56:48.687Z","userId":1}
{"duration":"53ms","ip":"::1","level":"info","message":"HTTP Request","method":"POST","service":"leiriadetail-api","status":200,"timestamp":"2026-06-01T00:56:48.687Z","url":"/Authentication/Login"}
{"duration":"2ms","ip":"::1","level":"info","message":"HTTP Request","method":"GET","service":"leiriadetail-api","status":304,"timestamp":"2026-06-01T00:56:48.694Z","url":"/Authentication/Role"}
{"duration":"3ms","ip":"::1","level":"info","message":"HTTP Request","method":"GET","service":"leiriadetail-api","status":304,"timestamp":"2026-06-01T00:56:48.819Z","url":"/Authentication/Role"}
{"duration":"8ms","ip":"::1","level":"info","message":"HTTP Request","method":"GET","service":"leiriadetail-api","status":200,"timestamp":"2026-06-01T00:56:48.833Z","url":"/Dashboard"}
{"duration":"2ms","ip":"::1","level":"info","message":"HTTP Request","method":"GET","service":"leiriadetail-api","status":200,"timestamp":"2026-06-01T00:56:52.646Z","url":"/Reviews/"}
{"duration":"2ms","ip":"::1","level":"info","message":"HTTP Request","method":"GET","service":"leiriadetail-api","status":200,"timestamp":"2026-06-01T00:56:52.646Z","url":"/Faqs/"}
{"duration":"3ms","ip":"::1","level":"info","message":"HTTP Request","method":"GET","service":"leiriadetail-api","status":200,"timestamp":"2026-06-01T00:56:53.791Z","url":"/Bookings?user_id=1"}
{"duration":"4ms","ip":"::1","level":"info","message":"HTTP Request","method":"GET","service":"leiriadetail-api","status":200,"timestamp":"2026-06-01T00:56:53.791Z","url":"/Profile/"}
{"duration":"4ms","ip":"::1","level":"info","message":"HTTP Request","method":"GET","service":"leiriadetail-api","status":304,"timestamp":"2026-06-01T00:56:53.794Z","url":"/Authentication/Role"}
{"duration":"1ms","ip":"::1","level":"info","message":"HTTP Request","method":"GET","service":"leiriadetail-api","status":200,"timestamp":"2026-06-01T00:56:53.796Z","url":"/Bookings?user_id=1"}
{"duration":"5ms","ip":"::1","level":"info","message":"HTTP Request","method":"GET","service":"leiriadetail-api","status":200,"timestamp":"2026-06-01T00:56:53.797Z","url":"/Vehicles/List"}
{"duration":"5ms","ip":"::1","level":"info","message":"HTTP Request","method":"GET","service":"leiriadetail-api","status":200,"timestamp":"2026-06-01T00:57:22.235Z","url":"/Dashboard"}
{"duration":"24ms","ip":"::1","level":"info","message":"HTTP Request","method":"GET","service":"leiriadetail-api","status":200,"timestamp":"2026-06-01T00:58:22.253Z","url":"/Dashboard"}
{"duration":"14ms","ip":"::1","level":"info","message":"HTTP Request","method":"GET","service":"leiriadetail-api","status":200,"timestamp":"2026-06-01T00:59:22.242Z","url":"/Dashboard"}
{"duration":"22ms","ip":"::1","level":"info","message":"HTTP Request","method":"GET","service":"leiriadetail-api","status":200,"timestamp":"2026-06-01T01:00:22.250Z","url":"/Dashboard"}
{"duration":"22ms","ip":"::1","level":"info","message":"HTTP Request","method":"GET","service":"leiriadetail-api","status":200,"timestamp":"2026-06-01T01:01:22.251Z","url":"/Dashboard"}
{"duration":"9ms","ip":"::1","level":"info","message":"HTTP Request","method":"GET","service":"leiriadetail-api","status":200,"timestamp":"2026-06-01T01:02:22.107Z","url":"/Bookings?user_id=1"}
{"duration":"14ms","ip":"::1","level":"info","message":"HTTP Request","method":"GET","service":"leiriadetail-api","status":200,"timestamp":"2026-06-01T01:02:22.109Z","url":"/PendingBookings/user?userId=1"}
{"duration":"17ms","ip":"::1","level":"info","message":"HTTP Request","method":"GET","service":"leiriadetail-api","status":304,"timestamp":"2026-06-01T01:02:22.109Z","url":"/Authentication/Role"}
{"duration":"14ms","ip":"::1","level":"info","message":"HTTP Request","method":"GET","service":"leiriadetail-api","status":200,"timestamp":"2026-06-01T01:02:22.110Z","url":"/Bookings?user_id=1"}
{"duration":"13ms","ip":"::1","level":"info","message":"HTTP Request","method":"GET","service":"leiriadetail-api","status":200,"timestamp":"2026-06-01T01:02:22.111Z","url":"/Profile/"}
{"duration":"15ms","ip":"::1","level":"info","message":"HTTP Request","method":"GET","service":"leiriadetail-api","status":200,"timestamp":"2026-06-01T01:02:22.111Z","url":"/Vehicles/List"}
{"duration":"10ms","ip":"::1","level":"info","message":"HTTP Request","method":"GET","service":"leiriadetail-api","status":200,"timestamp":"2026-06-01T01:02:22.234Z","url":"/Dashboard"}
{"duration":"2ms","ip":"::1","level":"info","message":"HTTP Request","method":"GET","service":"leiriadetail-api","status":200,"timestamp":"2026-06-01T01:02:24.405Z","url":"/PendingBookings/user?userId=1"}
{"duration":"2ms","ip":"::1","level":"info","message":"HTTP Request","method":"GET","service":"leiriadetail-api","status":200,"timestamp":"2026-06-01T01:02:24.407Z","url":"/Bookings?user_id=1"}
{"duration":"4ms","ip":"::1","level":"info","message":"HTTP Request","method":"GET","service":"leiriadetail-api","status":200,"timestamp":"2026-06-01T01:02:24.408Z","url":"/Profile/"}
{"duration":"2ms","ip":"::1","level":"info","message":"HTTP Request","method":"GET","service":"leiriadetail-api","status":200,"timestamp":"2026-06-01T01:02:24.409Z","url":"/Bookings?user_id=1"}
{"duration":"4ms","ip":"::1","level":"info","message":"HTTP Request","method":"GET","service":"leiriadetail-api","status":200,"timestamp":"2026-06-01T01:02:24.410Z","url":"/Vehicles/List"}
{"duration":"7ms","ip":"::1","level":"info","message":"HTTP Request","method":"GET","service":"leiriadetail-api","status":304,"timestamp":"2026-06-01T01:02:24.411Z","url":"/Authentication/Role"}
{"duration":"2ms","ip":"::1","level":"info","message":"HTTP Request","method":"GET","service":"leiriadetail-api","status":200,"timestamp":"2026-06-01T01:02:24.942Z","url":"/PendingBookings/user?userId=1"}
{"duration":"2ms","ip":"::1","level":"info","message":"HTTP Request","method":"GET","service":"leiriadetail-api","status":200,"timestamp":"2026-06-01T01:02:24.943Z","url":"/Bookings?user_id=1"}
{"duration":"3ms","ip":"::1","level":"info","message":"HTTP Request","method":"GET","service":"leiriadetail-api","status":200,"timestamp":"2026-06-01T01:02:24.943Z","url":"/Profile/"}
{"duration":"3ms","ip":"::1","level":"info","message":"HTTP Request","method":"GET","service":"leiriadetail-api","status":304,"timestamp":"2026-06-01T01:02:24.944Z","url":"/Authentication/Role"}
{"duration":"2ms","ip":"::1","level":"info","message":"HTTP Request","method":"GET","service":"leiriadetail-api","status":200,"timestamp":"2026-06-01T01:02:24.946Z","url":"/Bookings?user_id=1"}
{"duration":"5ms","ip":"::1","level":"info","message":"HTTP Request","method":"GET","service":"leiriadetail-api","status":200,"timestamp":"2026-06-01T01:02:24.947Z","url":"/Vehicles/List"}
{"duration":"1ms","ip":"::1","level":"info","message":"HTTP Request","method":"GET","service":"leiriadetail-api","status":200,"timestamp":"2026-06-01T01:02:26.320Z","url":"/PendingBookings/user?userId=1"}
{"duration":"4ms","ip":"::1","level":"info","message":"HTTP Request","method":"GET","service":"leiriadetail-api","status":200,"timestamp":"2026-06-01T01:02:26.323Z","url":"/Profile/"}
{"duration":"1ms","ip":"::1","level":"info","message":"HTTP Request","method":"GET","service":"leiriadetail-api","status":200,"timestamp":"2026-06-01T01:02:26.323Z","url":"/Bookings?user_id=1"}
{"duration":"4ms","ip":"::1","level":"info","message":"HTTP Request","method":"GET","service":"leiriadetail-api","status":200,"timestamp":"2026-06-01T01:02:26.325Z","url":"/Bookings?user_id=1"}
{"duration":"4ms","ip":"::1","level":"info","message":"HTTP Request","method":"GET","service":"leiriadetail-api","status":304,"timestamp":"2026-06-01T01:02:26.325Z","url":"/Authentication/Role"}
{"duration":"6ms","ip":"::1","level":"info","message":"HTTP Request","method":"GET","service":"leiriadetail-api","status":200,"timestamp":"2026-06-01T01:02:26.328Z","url":"/Vehicles/List"}
{"duration":"3ms","ip":"::1","level":"info","message":"HTTP Request","method":"GET","service":"leiriadetail-api","status":200,"timestamp":"2026-06-01T01:02:38.588Z","url":"/Services/"}
{"duration":"4ms","ip":"::1","level":"info","message":"HTTP Request","method":"GET","service":"leiriadetail-api","status":200,"timestamp":"2026-06-01T01:02:40.136Z","url":"/Vehicles/List"}
{"duration":"8ms","ip":"::1","level":"info","message":"HTTP Request","method":"GET","service":"leiriadetail-api","status":200,"timestamp":"2026-06-01T01:02:40.148Z","url":"/Loyalty/Dashboard"}
{"duration":"3ms","ip":"::1","level":"info","message":"HTTP Request","method":"GET","service":"leiriadetail-api","status":304,"timestamp":"2026-06-01T01:02:44.443Z","url":"/Authentication/Role"}
{"duration":"2ms","ip":"::1","level":"info","message":"HTTP Request","method":"GET","service":"leiriadetail-api","status":200,"timestamp":"2026-06-01T01:02:44.448Z","url":"/PendingBookings/user?userId=1"}
{"duration":"4ms","ip":"::1","level":"info","message":"HTTP Request","method":"GET","service":"leiriadetail-api","status":200,"timestamp":"2026-06-01T01:02:44.451Z","url":"/Profile/"}
{"duration":"3ms","ip":"::1","level":"info","message":"HTTP Request","method":"GET","service":"leiriadetail-api","status":200,"timestamp":"2026-06-01T01:02:44.452Z","url":"/Bookings?user_id=1"}
{"duration":"2ms","ip":"::1","level":"info","message":"HTTP Request","method":"GET","service":"leiriadetail-api","status":200,"timestamp":"2026-06-01T01:02:44.452Z","url":"/Bookings?user_id=1"}
{"duration":"4ms","ip":"::1","level":"info","message":"HTTP Request","method":"GET","service":"leiriadetail-api","status":200,"timestamp":"2026-06-01T01:02:44.454Z","url":"/Vehicles/List"}
{"duration":"7ms","ip":"::1","level":"info","message":"HTTP Request","method":"POST","service":"leiriadetail-api","status":200,"timestamp":"2026-06-01T01:03:05.790Z","url":"/Vehicles/Add"}
{"duration":"3ms","ip":"::1","level":"info","message":"HTTP Request","method":"GET","service":"leiriadetail-api","status":200,"timestamp":"2026-06-01T01:03:05.797Z","url":"/Vehicles/List"}
{"duration":"3ms","ip":"::1","level":"info","message":"HTTP Request","method":"GET","service":"leiriadetail-api","status":200,"timestamp":"2026-06-01T01:03:10.114Z","url":"/Vehicles/List"}
{"duration":"6ms","ip":"::1","level":"info","message":"HTTP Request","method":"GET","service":"leiriadetail-api","status":200,"timestamp":"2026-06-01T01:03:10.117Z","url":"/Loyalty/Dashboard"}
{"duration":"3ms","ip":"::1","level":"info","message":"HTTP Request","method":"GET","service":"leiriadetail-api","status":200,"timestamp":"2026-06-01T01:03:28.727Z","url":"/Profile/"}
{"duration":"2ms","ip":"::1","level":"info","message":"HTTP Request","method":"GET","service":"leiriadetail-api","status":200,"timestamp":"2026-06-01T01:03:29.686Z","url":"/Services/"}
{"duration":"3ms","ip":"::1","level":"info","message":"HTTP Request","method":"GET","service":"leiriadetail-api","status":200,"timestamp":"2026-06-01T01:03:35.464Z","url":"/Bookings/slots?date=2026-06-01"}
{"duration":"4ms","ip":"::1","level":"info","message":"HTTP Request","method":"GET","service":"leiriadetail-api","status":200,"timestamp":"2026-06-01T01:03:35.466Z","url":"/Holiday/"}
{"duration":"2ms","ip":"::1","level":"info","message":"HTTP Request","method":"GET","service":"leiriadetail-api","status":200,"timestamp":"2026-06-01T01:03:38.761Z","url":"/Bookings/slots?date=2026-06-01"}
{"duration":"13ms","ip":"::1","level":"info","message":"HTTP Request","method":"GET","service":"leiriadetail-api","status":200,"timestamp":"2026-06-01T01:03:47.239Z","url":"/Dashboard"}
{"duration":"24ms","ip":"::1","level":"info","message":"HTTP Request","method":"GET","service":"leiriadetail-api","status":200,"timestamp":"2026-06-01T01:04:48.252Z","url":"/Dashboard"}
{"duration":"6ms","ip":"::1","level":"info","message":"HTTP Request","method":"GET","service":"leiriadetail-api","status":200,"timestamp":"2026-06-01T01:04:52.184Z","url":"/Vehicles/List"}
{"duration":"8ms","ip":"::1","level":"info","message":"HTTP Request","method":"GET","service":"leiriadetail-api","status":200,"timestamp":"2026-06-01T01:04:52.187Z","url":"/Loyalty/Dashboard"}
{"duration":"3ms","ip":"::1","level":"info","message":"HTTP Request","method":"GET","service":"leiriadetail-api","status":200,"timestamp":"2026-06-01T01:04:53.703Z","url":"/Reviews/"}
{"duration":"3ms","ip":"::1","level":"info","message":"HTTP Request","method":"GET","service":"leiriadetail-api","status":200,"timestamp":"2026-06-01T01:04:53.704Z","url":"/Faqs/"}
{"duration":"3ms","ip":"::1","level":"info","message":"HTTP Request","method":"GET","service":"leiriadetail-api","status":200,"timestamp":"2026-06-01T01:05:09.718Z","url":"/Portfolio/categories"}
{"duration":"5ms","ip":"::1","level":"info","message":"HTTP Request","method":"GET","service":"leiriadetail-api","status":200,"timestamp":"2026-06-01T01:05:09.719Z","url":"/Portfolio/"}
{"duration":"5ms","ip":"::1","level":"info","message":"HTTP Request","method":"GET","service":"leiriadetail-api","status":200,"timestamp":"2026-06-01T01:05:09.722Z","url":"/Services/"}
{"duration":"5ms","ip":"::1","level":"info","message":"HTTP Request","method":"GET","service":"leiriadetail-api","status":200,"timestamp":"2026-06-01T01:05:22.232Z","url":"/Dashboard"}
{"duration":"25ms","ip":"::1","level":"info","message":"HTTP Request","method":"GET","service":"leiriadetail-api","status":200,"timestamp":"2026-06-01T01:06:21.356Z","url":"/Dashboard"}
{"duration":"28ms","ip":"::1","level":"info","message":"HTTP Request","method":"GET","service":"leiriadetail-api","status":200,"timestamp":"2026-06-01T01:07:03.191Z","url":"/Dashboard"}
{"duration":"7ms","ip":"::1","level":"info","message":"HTTP Request","method":"GET","service":"leiriadetail-api","status":200,"timestamp":"2026-06-01T01:07:04.205Z","url":"/Registos?date=2026-06-01"}
{"duration":"8ms","ip":"::1","level":"info","message":"HTTP Request","method":"GET","service":"leiriadetail-api","status":200,"timestamp":"2026-06-01T01:07:04.210Z","url":"/CRM"}
{"duration":"10ms","ip":"::1","level":"info","message":"HTTP Request","method":"GET","service":"leiriadetail-api","status":200,"timestamp":"2026-06-01T01:07:05.373Z","url":"/Dashboard"}
{"duration":"4ms","ip":"::1","level":"info","message":"HTTP Request","method":"GET","service":"leiriadetail-api","status":200,"timestamp":"2026-06-01T01:07:13.697Z","url":"/CRM"}
{"duration":"6ms","ip":"::1","level":"info","message":"HTTP Request","method":"GET","service":"leiriadetail-api","status":200,"timestamp":"2026-06-01T01:07:13.699Z","url":"/Registos?date=2026-06-01"}
{"duration":"4ms","ip":"::1","level":"info","message":"HTTP Request","method":"GET","service":"leiriadetail-api","status":200,"timestamp":"2026-06-01T01:07:16.161Z","url":"/CRM"}
{"duration":"3ms","ip":"::1","level":"info","message":"HTTP Request","method":"GET","service":"leiriadetail-api","status":200,"timestamp":"2026-06-01T01:07:21.025Z","url":"/Services/"}
{"duration":"4ms","ip":"::1","level":"info","message":"HTTP Request","method":"GET","service":"leiriadetail-api","status":200,"timestamp":"2026-06-01T01:07:21.333Z","url":"/Dashboard"}
{"duration":"5ms","ip":"::1","level":"info","message":"HTTP Request","method":"GET","service":"leiriadetail-api","status":200,"timestamp":"2026-06-01T01:07:22.300Z","url":"/Registos"}
{"duration":"5ms","ip":"::1","level":"info","message":"HTTP Request","method":"GET","service":"leiriadetail-api","status":200,"timestamp":"2026-06-01T01:07:22.311Z","url":"/Registos/Stats"}
{"duration":"5ms","ip":"::1","level":"info","message":"HTTP Request","method":"GET","service":"leiriadetail-api","status":200,"timestamp":"2026-06-01T01:07:22.312Z","url":"/CRM"}
{"duration":"2ms","ip":"::1","level":"info","message":"HTTP Request","method":"GET","service":"leiriadetail-api","status":200,"timestamp":"2026-06-01T01:07:29.611Z","url":"/Portfolio/categories"}
{"duration":"5ms","ip":"::1","level":"info","message":"HTTP Request","method":"GET","service":"leiriadetail-api","status":200,"timestamp":"2026-06-01T01:07:29.613Z","url":"/Portfolio/"}
{"duration":"6ms","ip":"::1","level":"info","message":"HTTP Request","method":"GET","service":"leiriadetail-api","status":200,"timestamp":"2026-06-01T01:07:29.618Z","url":"/Services/"}
{"duration":"7ms","ip":"::1","level":"info","message":"HTTP Request","method":"GET","service":"leiriadetail-api","status":200,"timestamp":"2026-06-01T01:07:30.766Z","url":"/Financial/"}
{"duration":"4ms","ip":"::1","level":"info","message":"HTTP Request","method":"GET","service":"leiriadetail-api","status":200,"timestamp":"2026-06-01T01:07:31.456Z","url":"/Inventory/"}
{"duration":"5ms","ip":"::1","level":"info","message":"HTTP Request","method":"GET","service":"leiriadetail-api","status":200,"timestamp":"2026-06-01T01:07:31.460Z","url":"/Inventory/alerts"}
{"duration":"5ms","ip":"::1","level":"info","message":"HTTP Request","method":"GET","service":"leiriadetail-api","status":200,"timestamp":"2026-06-01T01:07:32.443Z","url":"/Staff/"}
{"duration":"3ms","ip":"::1","level":"info","message":"HTTP Request","method":"GET","service":"leiriadetail-api","status":200,"timestamp":"2026-06-01T01:07:33.846Z","url":"/Holiday/"}
{"duration":"4ms","ip":"::1","level":"info","message":"HTTP Request","method":"GET","service":"leiriadetail-api","status":200,"timestamp":"2026-06-01T01:07:34.068Z","url":"/Audit"}
{"duration":"2ms","ip":"::1","level":"info","message":"HTTP Request","method":"GET","service":"leiriadetail-api","status":200,"timestamp":"2026-06-01T01:07:35.149Z","url":"/Holiday/"}
{"duration":"3ms","ip":"::1","level":"info","message":"HTTP Request","method":"GET","service":"leiriadetail-api","status":200,"timestamp":"2026-06-01T01:07:38.161Z","url":"/Profile/"}
{"duration":"69ms","ip":"::1","level":"info","message":"HTTP Request","method":"PUT","service":"leiriadetail-api","status":200,"timestamp":"2026-06-01T01:07:41.864Z","url":"/Profile/Avatar"}
{"duration":"21ms","ip":"::1","level":"info","message":"HTTP Request","method":"GET","service":"leiriadetail-api","status":200,"timestamp":"2026-06-01T01:08:03.249Z","url":"/Dashboard"}
{"duration":"7ms","ip":"::1","level":"info","message":"HTTP Request","method":"GET","service":"leiriadetail-api","status":200,"timestamp":"2026-06-01T01:08:06.232Z","url":"/Dashboard"}
{"duration":"50ms","ip":"::1","level":"info","message":"HTTP Request","method":"PUT","service":"leiriadetail-api","status":200,"timestamp":"2026-06-01T01:08:16.263Z","url":"/Profile/Avatar"}
{"duration":"14ms","ip":"::1","level":"info","message":"HTTP Request","method":"GET","service":"leiriadetail-api","status":200,"timestamp":"2026-06-01T01:08:21.348Z","url":"/Dashboard"}
{"duration":"10ms","ip":"::1","level":"info","message":"HTTP Request","method":"GET","service":"leiriadetail-api","status":200,"timestamp":"2026-06-01T01:08:29.468Z","url":"/Dashboard"}
{"duration":"14ms","ip":"::1","level":"info","message":"HTTP Request","method":"GET","service":"leiriadetail-api","status":200,"timestamp":"2026-06-01T01:09:03.178Z","url":"/Dashboard"}
{"duration":"7ms","ip":"::1","level":"info","message":"HTTP Request","method":"GET","service":"leiriadetail-api","status":200,"timestamp":"2026-06-01T01:09:05.370Z","url":"/Dashboard"}
{"duration":"9ms","ip":"::1","level":"info","message":"HTTP Request","method":"GET","service":"leiriadetail-api","status":200,"timestamp":"2026-06-01T01:09:21.343Z","url":"/Dashboard"}
{"duration":"5ms","ip":"::1","level":"info","message":"HTTP Request","method":"GET","service":"leiriadetail-api","status":200,"timestamp":"2026-06-01T01:09:30.232Z","url":"/Dashboard"}
{"duration":"22ms","ip":"::1","level":"info","message":"HTTP Request","method":"GET","service":"leiriadetail-api","status":200,"timestamp":"2026-06-01T01:10:03.250Z","url":"/Dashboard"}
{"duration":"7ms","ip":"::1","level":"info","message":"HTTP Request","method":"GET","service":"leiriadetail-api","status":200,"timestamp":"2026-06-01T01:10:06.231Z","url":"/Dashboard"}
{"duration":"5ms","ip":"::1","level":"info","message":"HTTP Request","method":"GET","service":"leiriadetail-api","status":200,"timestamp":"2026-06-01T01:10:22.230Z","url":"/Dashboard"}
{"duration":"5ms","ip":"::1","level":"info","message":"HTTP Request","method":"GET","service":"leiriadetail-api","status":200,"timestamp":"2026-06-01T01:10:30.232Z","url":"/Dashboard"}
{"duration":"22ms","ip":"::1","level":"info","message":"HTTP Request","method":"GET","service":"leiriadetail-api","status":200,"timestamp":"2026-06-01T01:11:03.248Z","url":"/Dashboard"}
{"duration":"7ms","ip":"::1","level":"info","message":"HTTP Request","method":"GET","service":"leiriadetail-api","status":200,"timestamp":"2026-06-01T01:11:06.231Z","url":"/Dashboard"}
{"duration":"7ms","ip":"::1","level":"info","message":"HTTP Request","method":"GET","service":"leiriadetail-api","status":200,"timestamp":"2026-06-01T01:11:22.233Z","url":"/Dashboard"}
{"duration":"6ms","ip":"::1","level":"info","message":"HTTP Request","method":"GET","service":"leiriadetail-api","status":200,"timestamp":"2026-06-01T01:11:30.234Z","url":"/Dashboard"}
{"duration":"20ms","ip":"::1","level":"info","message":"HTTP Request","method":"GET","service":"leiriadetail-api","status":200,"timestamp":"2026-06-01T01:12:03.247Z","url":"/Dashboard"}
{"duration":"8ms","ip":"::1","level":"info","message":"HTTP Request","method":"GET","service":"leiriadetail-api","status":200,"timestamp":"2026-06-01T01:12:06.234Z","url":"/Dashboard"}
{"duration":"6ms","ip":"::1","level":"info","message":"HTTP Request","method":"GET","service":"leiriadetail-api","status":200,"timestamp":"2026-06-01T01:12:30.232Z","url":"/Dashboard"}
{"duration":"5ms","ip":"::1","level":"info","message":"HTTP Request","method":"GET","service":"leiriadetail-api","status":200,"timestamp":"2026-06-01T01:12:44.233Z","url":"/Dashboard"}
{"duration":"5ms","ip":"::1","level":"info","message":"HTTP Request","method":"GET","service":"leiriadetail-api","status":200,"timestamp":"2026-06-01T01:13:06.231Z","url":"/Dashboard"}
{"duration":"5ms","ip":"::1","level":"info","message":"HTTP Request","method":"GET","service":"leiriadetail-api","status":200,"timestamp":"2026-06-01T01:13:12.234Z","url":"/Dashboard"}
{"duration":"5ms","ip":"::1","level":"info","message":"HTTP Request","method":"GET","service":"leiriadetail-api","status":200,"timestamp":"2026-06-01T01:13:30.233Z","url":"/Dashboard"}
{"duration":"2ms","ip":"::1","level":"info","message":"HTTP Request","method":"GET","service":"leiriadetail-api","status":200,"timestamp":"2026-06-01T01:14:11.248Z","url":"/Services/"}
{"duration":"2ms","ip":"::1","level":"info","message":"HTTP Request","method":"GET","service":"leiriadetail-api","status":200,"timestamp":"2026-06-01T01:14:11.589Z","url":"/Reviews/"}
{"duration":"3ms","ip":"::1","level":"info","message":"HTTP Request","method":"GET","service":"leiriadetail-api","status":200,"timestamp":"2026-06-01T01:14:11.593Z","url":"/Faqs/"}
{"duration":"25ms","ip":"::1","level":"info","message":"HTTP Request","method":"GET","service":"leiriadetail-api","status":200,"timestamp":"2026-06-01T01:14:12.250Z","url":"/Dashboard"}
{"duration":"31ms","ip":"::1","level":"info","message":"HTTP Request","method":"GET","service":"leiriadetail-api","status":200,"timestamp":"2026-06-01T01:14:12.257Z","url":"/Dashboard"}
{"duration":"30ms","ip":"::1","level":"info","message":"HTTP Request","method":"GET","service":"leiriadetail-api","status":200,"timestamp":"2026-06-01T01:14:12.261Z","url":"/Dashboard"}
{"duration":"3ms","ip":"::1","level":"info","message":"HTTP Request","method":"GET","service":"leiriadetail-api","status":200,"timestamp":"2026-06-01T01:14:12.753Z","url":"/Services/"}
{"duration":"2ms","ip":"::1","level":"info","message":"HTTP Request","method":"GET","service":"leiriadetail-api","status":200,"timestamp":"2026-06-01T01:14:32.657Z","url":"/Services/"}
{"duration":"3ms","ip":"::1","level":"info","message":"HTTP Request","method":"GET","service":"leiriadetail-api","status":200,"timestamp":"2026-06-01T01:14:49.997Z","url":"/Services/"}
{"duration":"13ms","ip":"::1","level":"info","message":"HTTP Request","method":"GET","service":"leiriadetail-api","status":200,"timestamp":"2026-06-01T01:14:56.170Z","url":"/Materials/"}
{"duration":"3ms","ip":"::1","level":"info","message":"HTTP Request","method":"GET","service":"leiriadetail-api","status":200,"timestamp":"2026-06-01T01:15:04.274Z","url":"/Faqs/"}
{"duration":"16ms","ip":"::1","level":"info","message":"HTTP Request","method":"GET","service":"leiriadetail-api","status":200,"timestamp":"2026-06-01T01:15:12.249Z","url":"/Dashboard"}
{"duration":"25ms","ip":"::1","level":"info","message":"HTTP Request","method":"GET","service":"leiriadetail-api","status":200,"timestamp":"2026-06-01T01:15:12.256Z","url":"/Dashboard"}
{"duration":"25ms","ip":"::1","level":"info","message":"HTTP Request","method":"GET","service":"leiriadetail-api","status":200,"timestamp":"2026-06-01T01:15:12.260Z","url":"/Dashboard"}
{"duration":"27ms","ip":"::1","level":"info","message":"HTTP Request","method":"GET","service":"leiriadetail-api","status":200,"timestamp":"2026-06-01T01:15:12.261Z","url":"/Dashboard"}
{"duration":"24ms","ip":"::1","level":"info","message":"HTTP Request","method":"GET","service":"leiriadetail-api","status":200,"timestamp":"2026-06-01T01:16:12.257Z","url":"/Dashboard"}
{"duration":"26ms","ip":"::1","level":"info","message":"HTTP Request","method":"GET","service":"leiriadetail-api","status":200,"timestamp":"2026-06-01T01:16:12.258Z","url":"/Dashboard"}
{"duration":"25ms","ip":"::1","level":"info","message":"HTTP Request","method":"GET","service":"leiriadetail-api","status":200,"timestamp":"2026-06-01T01:16:12.258Z","url":"/Dashboard"}
{"duration":"33ms","ip":"::1","level":"info","message":"HTTP Request","method":"GET","service":"leiriadetail-api","status":200,"timestamp":"2026-06-01T01:16:12.260Z","url":"/Dashboard"}
{"duration":"29ms","ip":"::1","level":"info","message":"HTTP Request","method":"GET","service":"leiriadetail-api","status":200,"timestamp":"2026-06-01T01:17:12.264Z","url":"/Dashboard"}
{"duration":"30ms","ip":"::1","level":"info","message":"HTTP Request","method":"GET","service":"leiriadetail-api","status":200,"timestamp":"2026-06-01T01:17:12.265Z","url":"/Dashboard"}
{"duration":"31ms","ip":"::1","level":"info","message":"HTTP Request","method":"GET","service":"leiriadetail-api","status":200,"timestamp":"2026-06-01T01:17:12.266Z","url":"/Dashboard"}
{"duration":"37ms","ip":"::1","level":"info","message":"HTTP Request","method":"GET","service":"leiriadetail-api","status":200,"timestamp":"2026-06-01T01:17:12.273Z","url":"/Dashboard"}
{"duration":"21ms","ip":"::1","level":"info","message":"HTTP Request","method":"GET","service":"leiriadetail-api","status":200,"timestamp":"2026-06-01T01:18:12.259Z","url":"/Dashboard"}
{"duration":"23ms","ip":"::1","level":"info","message":"HTTP Request","method":"GET","service":"leiriadetail-api","status":200,"timestamp":"2026-06-01T01:18:12.260Z","url":"/Dashboard"}
{"duration":"22ms","ip":"::1","level":"info","message":"HTTP Request","method":"GET","service":"leiriadetail-api","status":200,"timestamp":"2026-06-01T01:18:12.260Z","url":"/Dashboard"}
{"duration":"33ms","ip":"::1","level":"info","message":"HTTP Request","method":"GET","service":"leiriadetail-api","status":200,"timestamp":"2026-06-01T01:18:12.265Z","url":"/Dashboard"}
{"duration":"3ms","ip":"::1","level":"info","message":"HTTP Request","method":"GET","service":"leiriadetail-api","status":200,"timestamp":"2026-06-01T01:18:37.572Z","url":"/Reviews/"}
{"duration":"3ms","ip":"::1","level":"info","message":"HTTP Request","method":"GET","service":"leiriadetail-api","status":200,"timestamp":"2026-06-01T01:18:37.574Z","url":"/Faqs/"}
{"level":"info","message":"⏰ Cron de limpeza de pending bookings iniciado (a cada 5 minuto(s))","service":"leiriadetail-api","timestamp":"2026-06-02T15:08:19.817Z"}
{"level":"info","message":"API a correr em development na porta 3001","service":"leiriadetail-api","timestamp":"2026-06-02T15:08:19.820Z"}
{"level":"error","message":"Erro ao limpar pending bookings:","service":"leiriadetail-api","timestamp":"2026-06-02T15:08:19.833Z"}
{"duration":"11ms","ip":"::1","level":"info","message":"HTTP Request","method":"GET","service":"leiriadetail-api","status":200,"timestamp":"2026-06-02T15:08:37.426Z","url":"/Reviews/"}
{"duration":"11ms","ip":"::1","level":"info","message":"HTTP Request","method":"GET","service":"leiriadetail-api","status":200,"timestamp":"2026-06-02T15:08:37.428Z","url":"/Faqs/"}
{"level":"info","message":"⏰ Cron de limpeza de pending bookings iniciado (a cada 5 minuto(s))","service":"leiriadetail-api","timestamp":"2026-06-02T15:08:47.918Z"}
{"level":"info","message":"API a correr em development na porta 3001","service":"leiriadetail-api","timestamp":"2026-06-02T15:08:47.921Z"}
{"level":"error","message":"Erro ao limpar pending bookings:","service":"leiriadetail-api","timestamp":"2026-06-02T15:08:47.932Z"}
{"duration":"10ms","ip":"::1","level":"info","message":"HTTP Request","method":"GET","service":"leiriadetail-api","status":200,"timestamp":"2026-06-02T15:08:56.543Z","url":"/Services/"}
{"duration":"11ms","ip":"::1","level":"info","message":"HTTP Request","method":"GET","service":"leiriadetail-api","status":200,"timestamp":"2026-06-02T15:08:57.312Z","url":"/Reviews/"}
{"duration":"11ms","ip":"::1","level":"info","message":"HTTP Request","method":"GET","service":"leiriadetail-api","status":200,"timestamp":"2026-06-02T15:08:57.315Z","url":"/Faqs/"}
{"duration":"9ms","ip":"::1","level":"info","message":"HTTP Request","method":"GET","service":"leiriadetail-api","status":500,"timestamp":"2026-06-02T15:09:00.195Z","url":"/PendingBookings/user?userId=1"}
{"level":"info","message":"⏰ Cron de limpeza de pending bookings iniciado (a cada 5 minuto(s))","service":"leiriadetail-api","timestamp":"2026-06-02T15:22:51.033Z"}
{"level":"info","message":"API a correr em development na porta 3001","service":"leiriadetail-api","timestamp":"2026-06-02T15:22:51.036Z"}
{"level":"error","message":"Erro ao limpar pending bookings:","service":"leiriadetail-api","timestamp":"2026-06-02T15:22:51.041Z"}
{"level":"info","message":"⏰ Cron de limpeza de pending bookings iniciado (a cada 5 minuto(s))","service":"leiriadetail-api","timestamp":"2026-06-02T15:24:17.315Z"}
{"level":"info","message":"API a correr em development na porta 3001","service":"leiriadetail-api","timestamp":"2026-06-02T15:24:17.318Z"}
{"level":"error","message":"Erro ao limpar pending bookings:","service":"leiriadetail-api","timestamp":"2026-06-02T15:24:17.324Z"}
{"level":"info","message":"⏰ Cron de limpeza de pending bookings iniciado (a cada 5 minuto(s))","service":"leiriadetail-api","timestamp":"2026-06-02T15:25:40.319Z"}
{"level":"info","message":"API a correr em development na porta 3001","service":"leiriadetail-api","timestamp":"2026-06-02T15:25:40.322Z"}
{"level":"error","message":"Erro ao limpar pending bookings:","service":"leiriadetail-api","timestamp":"2026-06-02T15:25:40.327Z"}
{"level":"info","message":"⏰ Cron de limpeza de pending bookings iniciado (a cada 5 minuto(s))","service":"leiriadetail-api","timestamp":"2026-06-02T15:26:11.886Z"}
{"level":"info","message":"API a correr em development na porta 3001","service":"leiriadetail-api","timestamp":"2026-06-02T15:26:11.889Z"}
{"level":"info","message":"Login efetuado","service":"leiriadetail-api","timestamp":"2026-06-02T15:26:28.166Z","userId":1}
{"duration":"69ms","ip":"::1","level":"info","message":"HTTP Request","method":"POST","service":"leiriadetail-api","status":200,"timestamp":"2026-06-02T15:26:28.169Z","url":"/Authentication/Login"}
{"duration":"5ms","ip":"::1","level":"info","message":"HTTP Request","method":"GET","service":"leiriadetail-api","status":200,"timestamp":"2026-06-02T15:26:28.178Z","url":"/Authentication/Role"}
{"duration":"3ms","ip":"::1","level":"info","message":"HTTP Request","method":"GET","service":"leiriadetail-api","status":304,"timestamp":"2026-06-02T15:26:28.369Z","url":"/Authentication/Role"}
{"duration":"29ms","ip":"::1","level":"info","message":"HTTP Request","method":"GET","service":"leiriadetail-api","status":200,"timestamp":"2026-06-02T15:26:28.469Z","url":"/Dashboard"}
{"duration":"20ms","ip":"::1","level":"info","message":"HTTP Request","method":"GET","service":"leiriadetail-api","status":200,"timestamp":"2026-06-02T15:27:28.412Z","url":"/Dashboard"}
{"duration":"20ms","ip":"::1","level":"info","message":"HTTP Request","method":"GET","service":"leiriadetail-api","status":200,"timestamp":"2026-06-02T15:28:28.411Z","url":"/Dashboard"}
{"duration":"4ms","ip":"::1","level":"info","message":"HTTP Request","method":"GET","service":"leiriadetail-api","status":200,"timestamp":"2026-06-02T15:28:31.992Z","url":"/Profile/"}
{"duration":"54ms","ip":"::1","level":"info","message":"HTTP Request","method":"PUT","service":"leiriadetail-api","status":200,"timestamp":"2026-06-02T15:28:34.260Z","url":"/Profile/Avatar"}
{"duration":"22ms","ip":"::1","level":"info","message":"HTTP Request","method":"GET","service":"leiriadetail-api","status":200,"timestamp":"2026-06-02T15:29:28.415Z","url":"/Dashboard"}
{"duration":"24ms","ip":"::1","level":"info","message":"HTTP Request","method":"GET","service":"leiriadetail-api","status":200,"timestamp":"2026-06-02T15:30:28.415Z","url":"/Dashboard"}
{"level":"info","message":"⏰ Cron de limpeza de pending bookings iniciado (a cada 5 minuto(s))","service":"leiriadetail-api","timestamp":"2026-06-02T15:31:21.547Z"}
{"level":"info","message":"API a correr em development na porta 3001","service":"leiriadetail-api","timestamp":"2026-06-02T15:31:21.550Z"}
{"level":"info","message":"⏰ Cron de limpeza de pending bookings iniciado (a cada 5 minuto(s))","service":"leiriadetail-api","timestamp":"2026-06-02T15:31:23.531Z"}
{"level":"info","message":"API a correr em development na porta 3001","service":"leiriadetail-api","timestamp":"2026-06-02T15:31:23.534Z"}
{"level":"info","message":"⏰ Cron de limpeza de pending bookings iniciado (a cada 5 minuto(s))","service":"leiriadetail-api","timestamp":"2026-06-02T15:31:26.498Z"}
{"level":"info","message":"API a correr em development na porta 3001","service":"leiriadetail-api","timestamp":"2026-06-02T15:31:26.501Z"}
{"duration":"34ms","ip":"::1","level":"info","message":"HTTP Request","method":"GET","service":"leiriadetail-api","status":200,"timestamp":"2026-06-02T15:31:28.430Z","url":"/Dashboard"}
{"level":"info","message":"⏰ Cron de limpeza de pending bookings iniciado (a cada 5 minuto(s))","service":"leiriadetail-api","timestamp":"2026-06-02T15:31:36.093Z"}
{"level":"info","message":"API a correr em development na porta 3001","service":"leiriadetail-api","timestamp":"2026-06-02T15:31:36.096Z"}
{"duration":"40ms","ip":"::1","level":"info","message":"HTTP Request","method":"GET","service":"leiriadetail-api","status":200,"timestamp":"2026-06-02T15:32:29.269Z","url":"/Dashboard"}
{"duration":"20ms","ip":"::1","level":"info","message":"HTTP Request","method":"GET","service":"leiriadetail-api","status":200,"timestamp":"2026-06-02T15:33:39.250Z","url":"/Dashboard"}
{"duration":"21ms","ip":"::1","level":"info","message":"HTTP Request","method":"GET","service":"leiriadetail-api","status":200,"timestamp":"2026-06-02T15:34:40.250Z","url":"/Dashboard"}
{"duration":"24ms","ip":"::1","level":"info","message":"HTTP Request","method":"GET","service":"leiriadetail-api","status":200,"timestamp":"2026-06-02T15:35:41.254Z","url":"/Dashboard"}
{"duration":"14ms","ip":"::1","level":"info","message":"HTTP Request","method":"GET","service":"leiriadetail-api","status":200,"timestamp":"2026-06-02T15:36:42.243Z","url":"/Dashboard"}
{"level":"info","message":"⏰ Cron de limpeza de pending bookings iniciado (a cada 5 minuto(s))","service":"leiriadetail-api","timestamp":"2026-06-02T15:36:47.911Z"}
{"level":"info","message":"API a correr em development na porta 3001","service":"leiriadetail-api","timestamp":"2026-06-02T15:36:47.914Z"}
{"duration":"35ms","ip":"::1","level":"info","message":"HTTP Request","method":"GET","service":"leiriadetail-api","status":200,"timestamp":"2026-06-02T15:37:43.265Z","url":"/Dashboard"}
{"duration":"22ms","ip":"::1","level":"info","message":"HTTP Request","method":"GET","service":"leiriadetail-api","status":200,"timestamp":"2026-06-02T15:38:44.250Z","url":"/Dashboard"}
{"level":"info","message":"⏰ Cron de limpeza de pending bookings iniciado (a cada 5 minuto(s))","service":"leiriadetail-api","timestamp":"2026-06-02T15:39:26.064Z"}
{"level":"info","message":"API a correr em development na porta 3001","service":"leiriadetail-api","timestamp":"2026-06-02T15:39:26.067Z"}
{"duration":"36ms","ip":"::1","level":"info","message":"HTTP Request","method":"GET","service":"leiriadetail-api","status":200,"timestamp":"2026-06-02T15:39:45.268Z","url":"/Dashboard"}
{"level":"info","message":"⏰ Cron de limpeza de pending bookings iniciado (a cada 5 minuto(s))","service":"leiriadetail-api","timestamp":"2026-06-02T15:40:42.731Z"}
{"level":"info","message":"API a correr em development na porta 3001","service":"leiriadetail-api","timestamp":"2026-06-02T15:40:42.734Z"}
{"duration":"29ms","ip":"::1","level":"info","message":"HTTP Request","method":"GET","service":"leiriadetail-api","status":200,"timestamp":"2026-06-02T15:40:46.265Z","url":"/Dashboard"}
{"duration":"33ms","ip":"::1","level":"info","message":"HTTP Request","method":"GET","service":"leiriadetail-api","status":200,"timestamp":"2026-06-02T15:41:33.489Z","url":"/Dashboard"}
{"duration":"8ms","ip":"::1","level":"info","message":"HTTP Request","method":"GET","service":"leiriadetail-api","status":200,"timestamp":"2026-06-02T15:41:35.220Z","url":"/Profile/"}
{"duration":"7ms","ip":"::1","level":"info","message":"HTTP Request","method":"GET","service":"leiriadetail-api","status":304,"timestamp":"2026-06-02T15:41:35.221Z","url":"/Authentication/Role"}
{"duration":"103ms","ip":"::1","level":"info","message":"HTTP Request","method":"PUT","service":"leiriadetail-api","status":200,"timestamp":"2026-06-02T15:41:40.190Z","url":"/Profile/Avatar"}
{"duration":"7ms","ip":"::1","level":"info","message":"HTTP Request","method":"GET","service":"leiriadetail-api","status":200,"timestamp":"2026-06-02T15:41:45.814Z","url":"/Staff/"}
{"duration":"22ms","ip":"::1","level":"info","message":"HTTP Request","method":"GET","service":"leiriadetail-api","status":200,"timestamp":"2026-06-02T15:41:46.467Z","url":"/Profile/"}
{"duration":"3ms","ip":"::1","level":"info","message":"HTTP Request","method":"GET","service":"leiriadetail-api","status":304,"timestamp":"2026-06-02T15:41:56.702Z","url":"/Authentication/Role"}
{"duration":"4ms","ip":"::1","level":"info","message":"HTTP Request","method":"GET","service":"leiriadetail-api","status":200,"timestamp":"2026-06-02T15:42:01.471Z","url":"/Reviews/"}
{"duration":"4ms","ip":"::1","level":"info","message":"HTTP Request","method":"GET","service":"leiriadetail-api","status":200,"timestamp":"2026-06-02T15:42:01.472Z","url":"/Faqs/"}
{"duration":"2ms","ip":"::1","level":"info","message":"HTTP Request","method":"GET","service":"leiriadetail-api","status":200,"timestamp":"2026-06-02T15:42:02.652Z","url":"/Faqs/"}
{"duration":"3ms","ip":"::1","level":"info","message":"HTTP Request","method":"GET","service":"leiriadetail-api","status":200,"timestamp":"2026-06-02T15:42:02.652Z","url":"/Reviews/"}
{"level":"info","message":"Login efetuado","service":"leiriadetail-api","timestamp":"2026-06-02T15:42:11.186Z","userId":1}
{"duration":"52ms","ip":"::1","level":"info","message":"HTTP Request","method":"POST","service":"leiriadetail-api","status":200,"timestamp":"2026-06-02T15:42:11.186Z","url":"/Authentication/Login"}
{"duration":"2ms","ip":"::1","level":"info","message":"HTTP Request","method":"GET","service":"leiriadetail-api","status":304,"timestamp":"2026-06-02T15:42:11.387Z","url":"/Authentication/Role"}
{"duration":"3ms","ip":"::1","level":"info","message":"HTTP Request","method":"GET","service":"leiriadetail-api","status":304,"timestamp":"2026-06-02T15:42:11.519Z","url":"/Authentication/Role"}
{"duration":"14ms","ip":"::1","level":"info","message":"HTTP Request","method":"GET","service":"leiriadetail-api","status":200,"timestamp":"2026-06-02T15:42:11.545Z","url":"/Dashboard"}
{"duration":"3ms","ip":"::1","level":"info","message":"HTTP Request","method":"GET","service":"leiriadetail-api","status":304,"timestamp":"2026-06-02T15:42:14.892Z","url":"/Authentication/Role"}
{"duration":"3ms","ip":"::1","level":"info","message":"HTTP Request","method":"GET","service":"leiriadetail-api","status":304,"timestamp":"2026-06-02T15:42:15.347Z","url":"/Authentication/Role"}
{"duration":"3ms","ip":"::1","level":"info","message":"HTTP Request","method":"GET","service":"leiriadetail-api","status":304,"timestamp":"2026-06-02T15:42:15.710Z","url":"/Authentication/Role"}
{"duration":"2ms","ip":"::1","level":"info","message":"HTTP Request","method":"GET","service":"leiriadetail-api","status":200,"timestamp":"2026-06-02T15:42:19.182Z","url":"/Reviews/"}
{"duration":"3ms","ip":"::1","level":"info","message":"HTTP Request","method":"GET","service":"leiriadetail-api","status":200,"timestamp":"2026-06-02T15:42:19.182Z","url":"/Faqs/"}
{"duration":"3ms","ip":"::1","level":"info","message":"HTTP Request","method":"GET","service":"leiriadetail-api","status":200,"timestamp":"2026-06-02T15:42:20.317Z","url":"/PendingBookings/user?userId=1"}
{"duration":"3ms","ip":"::1","level":"info","message":"HTTP Request","method":"GET","service":"leiriadetail-api","status":304,"timestamp":"2026-06-02T15:42:20.318Z","url":"/Authentication/Role"}
{"duration":"3ms","ip":"::1","level":"info","message":"HTTP Request","method":"GET","service":"leiriadetail-api","status":200,"timestamp":"2026-06-02T15:42:20.329Z","url":"/Bookings?user_id=1"}
{"duration":"3ms","ip":"::1","level":"info","message":"HTTP Request","method":"GET","service":"leiriadetail-api","status":200,"timestamp":"2026-06-02T15:42:20.330Z","url":"/Bookings?user_id=1"}
{"duration":"7ms","ip":"::1","level":"info","message":"HTTP Request","method":"GET","service":"leiriadetail-api","status":200,"timestamp":"2026-06-02T15:42:20.333Z","url":"/Vehicles/List"}
{"duration":"30ms","ip":"::1","level":"info","message":"HTTP Request","method":"GET","service":"leiriadetail-api","status":200,"timestamp":"2026-06-02T15:42:20.345Z","url":"/Profile/"}
{"duration":"3ms","ip":"::1","level":"info","message":"HTTP Request","method":"GET","service":"leiriadetail-api","status":304,"timestamp":"2026-06-02T15:42:21.019Z","url":"/Authentication/Role"}
{"duration":"9ms","ip":"::1","level":"info","message":"HTTP Request","method":"GET","service":"leiriadetail-api","status":200,"timestamp":"2026-06-02T15:42:21.028Z","url":"/Dashboard"}
{"duration":"3ms","ip":"::1","level":"info","message":"HTTP Request","method":"GET","service":"leiriadetail-api","status":200,"timestamp":"2026-06-02T15:42:31.964Z","url":"/CRM"}
{"duration":"8ms","ip":"::1","level":"info","message":"HTTP Request","method":"GET","service":"leiriadetail-api","status":200,"timestamp":"2026-06-02T15:42:31.968Z","url":"/Registos?date=2026-06-02"}
{"duration":"4ms","ip":"::1","level":"info","message":"HTTP Request","method":"GET","service":"leiriadetail-api","status":200,"timestamp":"2026-06-02T15:42:33.079Z","url":"/CRM"}
{"duration":"4ms","ip":"::1","level":"info","message":"HTTP Request","method":"GET","service":"leiriadetail-api","status":200,"timestamp":"2026-06-02T15:42:33.894Z","url":"/Services/"}
{"duration":"5ms","ip":"::1","level":"info","message":"HTTP Request","method":"GET","service":"leiriadetail-api","status":200,"timestamp":"2026-06-02T15:42:44.203Z","url":"/Registos"}
{"duration":"4ms","ip":"::1","level":"info","message":"HTTP Request","method":"GET","service":"leiriadetail-api","status":200,"timestamp":"2026-06-02T15:42:44.203Z","url":"/CRM"}
{"duration":"6ms","ip":"::1","level":"info","message":"HTTP Request","method":"GET","service":"leiriadetail-api","status":200,"timestamp":"2026-06-02T15:42:44.204Z","url":"/Registos/Stats"}
{"duration":"3ms","ip":"::1","level":"info","message":"HTTP Request","method":"GET","service":"leiriadetail-api","status":200,"timestamp":"2026-06-02T15:42:45.035Z","url":"/Portfolio/categories"}
{"duration":"3ms","ip":"::1","level":"info","message":"HTTP Request","method":"GET","service":"leiriadetail-api","status":200,"timestamp":"2026-06-02T15:42:45.036Z","url":"/Services/"}
{"duration":"6ms","ip":"::1","level":"info","message":"HTTP Request","method":"GET","service":"leiriadetail-api","status":200,"timestamp":"2026-06-02T15:42:45.037Z","url":"/Portfolio/"}
{"duration":"5ms","ip":"::1","level":"info","message":"HTTP Request","method":"GET","service":"leiriadetail-api","status":200,"timestamp":"2026-06-02T15:42:46.376Z","url":"/Financial/"}
{"duration":"5ms","ip":"::1","level":"info","message":"HTTP Request","method":"GET","service":"leiriadetail-api","status":200,"timestamp":"2026-06-02T15:42:47.205Z","url":"/Inventory/"}
{"duration":"4ms","ip":"::1","level":"info","message":"HTTP Request","method":"GET","service":"leiriadetail-api","status":200,"timestamp":"2026-06-02T15:42:47.205Z","url":"/Inventory/alerts"}
{"duration":"3ms","ip":"::1","level":"info","message":"HTTP Request","method":"GET","service":"leiriadetail-api","status":200,"timestamp":"2026-06-02T15:42:48.055Z","url":"/Staff/"}
{"duration":"4ms","ip":"::1","level":"info","message":"HTTP Request","method":"GET","service":"leiriadetail-api","status":200,"timestamp":"2026-06-02T15:42:48.919Z","url":"/Audit"}
{"duration":"3ms","ip":"::1","level":"info","message":"HTTP Request","method":"GET","service":"leiriadetail-api","status":200,"timestamp":"2026-06-02T15:42:49.980Z","url":"/Holiday/"}
{"duration":"27ms","ip":"::1","level":"info","message":"HTTP Request","method":"GET","service":"leiriadetail-api","status":200,"timestamp":"2026-06-02T15:43:21.049Z","url":"/Dashboard"}
{"duration":"24ms","ip":"::1","level":"info","message":"HTTP Request","method":"GET","service":"leiriadetail-api","status":200,"timestamp":"2026-06-02T15:44:21.048Z","url":"/Dashboard"}
{"duration":"22ms","ip":"::1","level":"info","message":"HTTP Request","method":"GET","service":"leiriadetail-api","status":200,"timestamp":"2026-06-02T15:45:21.045Z","url":"/Dashboard"}
{"level":"info","message":"⏰ Cron de limpeza de pending bookings iniciado (a cada 5 minuto(s))","service":"leiriadetail-api","timestamp":"2026-06-02T15:45:43.944Z"}
{"level":"info","message":"API a correr em development na porta 3001","service":"leiriadetail-api","timestamp":"2026-06-02T15:45:43.948Z"}
{"duration":"39ms","ip":"::1","level":"info","message":"HTTP Request","method":"GET","service":"leiriadetail-api","status":200,"timestamp":"2026-06-02T15:46:21.065Z","url":"/Dashboard"}
{"level":"info","message":"⏰ Cron de limpeza de pending bookings iniciado (a cada 5 minuto(s))","service":"leiriadetail-api","timestamp":"2026-06-02T15:46:47.371Z"}
{"level":"info","message":"API a correr em development na porta 3001","service":"leiriadetail-api","timestamp":"2026-06-02T15:46:47.374Z"}
{"duration":"11ms","ip":"::1","level":"info","message":"HTTP Request","method":"GET","service":"leiriadetail-api","status":304,"timestamp":"2026-06-02T15:46:52.316Z","url":"/Authentication/Role"}
{"duration":"4ms","ip":"::1","level":"info","message":"HTTP Request","method":"GET","service":"leiriadetail-api","status":304,"timestamp":"2026-06-02T15:46:52.739Z","url":"/Authentication/Role"}
{"duration":"4ms","ip":"::1","level":"info","message":"HTTP Request","method":"GET","service":"leiriadetail-api","status":304,"timestamp":"2026-06-02T15:46:53.023Z","url":"/Authentication/Role"}
{"duration":"5ms","ip":"::1","level":"info","message":"HTTP Request","method":"GET","service":"leiriadetail-api","status":200,"timestamp":"2026-06-02T15:46:56.638Z","url":"/PendingBookings/user?userId=1"}
{"duration":"12ms","ip":"::1","level":"info","message":"HTTP Request","method":"GET","service":"leiriadetail-api","status":200,"timestamp":"2026-06-02T15:46:56.647Z","url":"/Bookings?user_id=1"}
{"duration":"13ms","ip":"::1","level":"info","message":"HTTP Request","method":"GET","service":"leiriadetail-api","status":200,"timestamp":"2026-06-02T15:46:56.649Z","url":"/Vehicles/List"}
{"duration":"13ms","ip":"::1","level":"info","message":"HTTP Request","method":"GET","service":"leiriadetail-api","status":200,"timestamp":"2026-06-02T15:46:56.649Z","url":"/Bookings?user_id=1"}
{"duration":"38ms","ip":"::1","level":"info","message":"HTTP Request","method":"GET","service":"leiriadetail-api","status":200,"timestamp":"2026-06-02T15:46:56.672Z","url":"/Profile/"}
{"duration":"3ms","ip":"::1","level":"info","message":"HTTP Request","method":"GET","service":"leiriadetail-api","status":304,"timestamp":"2026-06-02T15:46:56.903Z","url":"/Authentication/Role"}
{"duration":"3ms","ip":"::1","level":"info","message":"HTTP Request","method":"GET","service":"leiriadetail-api","status":304,"timestamp":"2026-06-02T15:46:59.927Z","url":"/Authentication/Role"}
{"duration":"4ms","ip":"::1","level":"info","message":"HTTP Request","method":"GET","service":"leiriadetail-api","status":200,"timestamp":"2026-06-02T15:46:59.935Z","url":"/PendingBookings/user?userId=1"}
{"duration":"4ms","ip":"::1","level":"info","message":"HTTP Request","method":"GET","service":"leiriadetail-api","status":200,"timestamp":"2026-06-02T15:46:59.935Z","url":"/Bookings?user_id=1"}
{"duration":"4ms","ip":"::1","level":"info","message":"HTTP Request","method":"GET","service":"leiriadetail-api","status":200,"timestamp":"2026-06-02T15:46:59.936Z","url":"/Bookings?user_id=1"}
{"duration":"6ms","ip":"::1","level":"info","message":"HTTP Request","method":"GET","service":"leiriadetail-api","status":200,"timestamp":"2026-06-02T15:46:59.938Z","url":"/Vehicles/List"}
{"duration":"42ms","ip":"::1","level":"info","message":"HTTP Request","method":"GET","service":"leiriadetail-api","status":200,"timestamp":"2026-06-02T15:46:59.973Z","url":"/Profile/"}
{"duration":"4ms","ip":"::1","level":"info","message":"HTTP Request","method":"GET","service":"leiriadetail-api","status":200,"timestamp":"2026-06-02T15:47:02.248Z","url":"/PendingBookings/user?userId=1"}
{"duration":"3ms","ip":"::1","level":"info","message":"HTTP Request","method":"GET","service":"leiriadetail-api","status":200,"timestamp":"2026-06-02T15:47:02.249Z","url":"/Bookings?user_id=1"}
{"duration":"5ms","ip":"::1","level":"info","message":"HTTP Request","method":"GET","service":"leiriadetail-api","status":200,"timestamp":"2026-06-02T15:47:02.252Z","url":"/Authentication/Role"}
{"duration":"3ms","ip":"::1","level":"info","message":"HTTP Request","method":"GET","service":"leiriadetail-api","status":200,"timestamp":"2026-06-02T15:47:02.253Z","url":"/Bookings?user_id=1"}
{"duration":"8ms","ip":"::1","level":"info","message":"HTTP Request","method":"GET","service":"leiriadetail-api","status":200,"timestamp":"2026-06-02T15:47:02.255Z","url":"/Vehicles/List"}
{"duration":"42ms","ip":"::1","level":"info","message":"HTTP Request","method":"GET","service":"leiriadetail-api","status":200,"timestamp":"2026-06-02T15:47:02.287Z","url":"/Profile/"}
{"duration":"2ms","ip":"::1","level":"info","message":"HTTP Request","method":"GET","service":"leiriadetail-api","status":304,"timestamp":"2026-06-02T15:47:04.292Z","url":"/Authentication/Role"}
{"duration":"21ms","ip":"::1","level":"info","message":"HTTP Request","method":"GET","service":"leiriadetail-api","status":200,"timestamp":"2026-06-02T15:47:04.333Z","url":"/Dashboard"}
{"level":"warn","message":"Tentativa de autenticação sem sessionKey","service":"leiriadetail-api","timestamp":"2026-06-02T15:48:00.203Z"}
{"duration":"1ms","ip":"::1","level":"info","message":"HTTP Request","method":"GET","service":"leiriadetail-api","status":401,"timestamp":"2026-06-02T15:48:00.204Z","url":"/Settings/public"}
{"duration":"22ms","ip":"::1","level":"info","message":"HTTP Request","method":"GET","service":"leiriadetail-api","status":200,"timestamp":"2026-06-02T15:48:04.338Z","url":"/Dashboard"}
{"level":"warn","message":"Tentativa de autenticação sem sessionKey","service":"leiriadetail-api","timestamp":"2026-06-02T15:48:08.764Z"}
{"duration":"0ms","ip":"::1","level":"info","message":"HTTP Request","method":"GET","service":"leiriadetail-api","status":401,"timestamp":"2026-06-02T15:48:08.764Z","url":"/Settings/public"}
{"level":"warn","message":"Tentativa de autenticação sem sessionKey","service":"leiriadetail-api","timestamp":"2026-06-02T15:48:42.088Z"}
{"duration":"1ms","ip":"::1","level":"info","message":"HTTP Request","method":"GET","service":"leiriadetail-api","status":401,"timestamp":"2026-06-02T15:48:42.089Z","url":"/Settings/public"}
{"duration":"23ms","ip":"::1","level":"info","message":"HTTP Request","method":"GET","service":"leiriadetail-api","status":200,"timestamp":"2026-06-02T15:49:04.339Z","url":"/Dashboard"}
{"level":"info","message":"⏰ Cron de limpeza de pending bookings iniciado (a cada 5 minuto(s))","service":"leiriadetail-api","timestamp":"2026-06-02T15:49:57.715Z"}
{"level":"info","message":"API a correr em development na porta 3001","service":"leiriadetail-api","timestamp":"2026-06-02T15:49:57.718Z"}
{"duration":"31ms","ip":"::1","level":"info","message":"HTTP Request","method":"GET","service":"leiriadetail-api","status":200,"timestamp":"2026-06-02T15:50:04.391Z","url":"/Dashboard"}
{"level":"info","message":"⏰ Cron de limpeza de pending bookings iniciado (a cada 5 minuto(s))","service":"leiriadetail-api","timestamp":"2026-06-02T15:50:06.003Z"}
{"level":"info","message":"API a correr em development na porta 3001","service":"leiriadetail-api","timestamp":"2026-06-02T15:50:06.006Z"}
{"level":"info","message":"⏰ Cron de limpeza de pending bookings iniciado (a cada 5 minuto(s))","service":"leiriadetail-api","timestamp":"2026-06-02T15:50:11.704Z"}
{"level":"info","message":"API a correr em development na porta 3001","service":"leiriadetail-api","timestamp":"2026-06-02T15:50:11.708Z"}
{"level":"info","message":"⏰ Cron de limpeza de pending bookings iniciado (a cada 5 minuto(s))","service":"leiriadetail-api","timestamp":"2026-06-02T15:50:15.751Z"}
{"level":"info","message":"API a correr em development na porta 3001","service":"leiriadetail-api","timestamp":"2026-06-02T15:50:15.754Z"}
{"duration":"8ms","ip":"::1","level":"info","message":"HTTP Request","method":"GET","service":"leiriadetail-api","status":304,"timestamp":"2026-06-02T15:50:21.643Z","url":"/Authentication/Role"}
{"duration":"5ms","ip":"::1","level":"info","message":"HTTP Request","method":"GET","service":"leiriadetail-api","status":200,"timestamp":"2026-06-02T15:50:24.438Z","url":"/Reviews/"}
{"duration":"10ms","ip":"::1","level":"info","message":"HTTP Request","method":"GET","service":"leiriadetail-api","status":200,"timestamp":"2026-06-02T15:50:24.444Z","url":"/Faqs/"}
{"level":"info","message":"Login efetuado","service":"leiriadetail-api","timestamp":"2026-06-02T15:50:41.961Z","userId":1}
{"duration":"65ms","ip":"::1","level":"info","message":"HTTP Request","method":"POST","service":"leiriadetail-api","status":200,"timestamp":"2026-06-02T15:50:41.962Z","url":"/Authentication/Login"}
{"duration":"4ms","ip":"::1","level":"info","message":"HTTP Request","method":"GET","service":"leiriadetail-api","status":304,"timestamp":"2026-06-02T15:50:41.975Z","url":"/Authentication/Role"}
{"duration":"3ms","ip":"::1","level":"info","message":"HTTP Request","method":"GET","service":"leiriadetail-api","status":304,"timestamp":"2026-06-02T15:50:41.996Z","url":"/Authentication/Role"}
{"duration":"28ms","ip":"::1","level":"info","message":"HTTP Request","method":"GET","service":"leiriadetail-api","status":200,"timestamp":"2026-06-02T15:50:42.038Z","url":"/Dashboard"}
{"duration":"14ms","ip":"::1","level":"info","message":"HTTP Request","method":"GET","service":"leiriadetail-api","status":304,"timestamp":"2026-06-02T15:51:42.496Z","url":"/Authentication/Role"}
{"duration":"16ms","ip":"::1","level":"info","message":"HTTP Request","method":"GET","service":"leiriadetail-api","status":200,"timestamp":"2026-06-02T15:51:42.501Z","url":"/Settings/"}
{"duration":"3ms","ip":"::1","level":"info","message":"HTTP Request","method":"GET","service":"leiriadetail-api","status":304,"timestamp":"2026-06-02T15:51:50.704Z","url":"/Authentication/Role"}
{"duration":"4ms","ip":"::1","level":"info","message":"HTTP Request","method":"GET","service":"leiriadetail-api","status":200,"timestamp":"2026-06-02T15:51:50.706Z","url":"/Settings/"}
{"duration":"3ms","ip":"::1","level":"info","message":"HTTP Request","method":"GET","service":"leiriadetail-api","status":304,"timestamp":"2026-06-02T15:51:52.972Z","url":"/Authentication/Role"}
{"duration":"3ms","ip":"::1","level":"info","message":"HTTP Request","method":"GET","service":"leiriadetail-api","status":200,"timestamp":"2026-06-02T15:51:52.973Z","url":"/Settings/"}
{"duration":"15ms","ip":"::1","level":"info","message":"HTTP Request","method":"GET","service":"leiriadetail-api","status":304,"timestamp":"2026-06-02T15:54:15.848Z","url":"/Authentication/Role"}
{"duration":"15ms","ip":"::1","level":"info","message":"HTTP Request","method":"GET","service":"leiriadetail-api","status":200,"timestamp":"2026-06-02T15:54:15.851Z","url":"/Settings/"}
{"duration":"3ms","ip":"::1","level":"info","message":"HTTP Request","method":"GET","service":"leiriadetail-api","status":200,"timestamp":"2026-06-02T15:54:27.423Z","url":"/Authentication/Role"}
{"duration":"4ms","ip":"::1","level":"info","message":"HTTP Request","method":"GET","service":"leiriadetail-api","status":200,"timestamp":"2026-06-02T15:54:27.427Z","url":"/Settings/"}
{"duration":"9ms","ip":"::1","level":"info","message":"HTTP Request","method":"PUT","service":"leiriadetail-api","status":200,"timestamp":"2026-06-02T15:54:28.706Z","url":"/Settings/"}
{"duration":"10ms","ip":"::1","level":"info","message":"HTTP Request","method":"PUT","service":"leiriadetail-api","status":200,"timestamp":"2026-06-02T15:54:29.530Z","url":"/Settings/"}
{"duration":"10ms","ip":"::1","level":"info","message":"HTTP Request","method":"PUT","service":"leiriadetail-api","status":200,"timestamp":"2026-06-02T15:54:30.257Z","url":"/Settings/"}
{"duration":"8ms","ip":"::1","level":"info","message":"HTTP Request","method":"PUT","service":"leiriadetail-api","status":200,"timestamp":"2026-06-02T15:54:30.932Z","url":"/Settings/"}
{"duration":"35ms","ip":"::1","level":"info","message":"HTTP Request","method":"GET","service":"leiriadetail-api","status":200,"timestamp":"2026-06-02T15:54:52.887Z","url":"/Profile/"}
{"duration":"16ms","ip":"::1","level":"info","message":"HTTP Request","method":"GET","service":"leiriadetail-api","status":304,"timestamp":"2026-06-02T15:57:13.401Z","url":"/Authentication/Role"}
{"duration":"3ms","ip":"::1","level":"info","message":"HTTP Request","method":"GET","service":"leiriadetail-api","status":200,"timestamp":"2026-06-02T15:57:16.530Z","url":"/Reviews/"}
{"duration":"13ms","ip":"::1","level":"info","message":"HTTP Request","method":"GET","service":"leiriadetail-api","status":200,"timestamp":"2026-06-02T15:57:16.541Z","url":"/Faqs/"}
{"duration":"6ms","ip":"::1","level":"info","message":"HTTP Request","method":"GET","service":"leiriadetail-api","status":304,"timestamp":"2026-06-02T15:57:20.634Z","url":"/Authentication/Role"}
{"duration":"29ms","ip":"::1","level":"info","message":"HTTP Request","method":"GET","service":"leiriadetail-api","status":200,"timestamp":"2026-06-02T15:57:20.659Z","url":"/Profile/"}
{"duration":"11ms","ip":"::1","level":"info","message":"HTTP Request","method":"GET","service":"leiriadetail-api","status":200,"timestamp":"2026-06-02T16:08:29.934Z","url":"/Services/"}
{"duration":"4ms","ip":"::1","level":"info","message":"HTTP Request","method":"GET","service":"leiriadetail-api","status":304,"timestamp":"2026-06-02T16:10:41.565Z","url":"/Authentication/Role"}
{"duration":"12ms","ip":"::1","level":"info","message":"HTTP Request","method":"GET","service":"leiriadetail-api","status":200,"timestamp":"2026-06-02T16:10:41.575Z","url":"/Services/"}
{"duration":"5ms","ip":"::1","level":"info","message":"HTTP Request","method":"GET","service":"leiriadetail-api","status":304,"timestamp":"2026-06-02T16:10:45.011Z","url":"/Authentication/Role"}
{"duration":"5ms","ip":"::1","level":"info","message":"HTTP Request","method":"GET","service":"leiriadetail-api","status":200,"timestamp":"2026-06-02T16:10:45.012Z","url":"/Services/"}
{"duration":"14ms","ip":"::1","level":"info","message":"HTTP Request","method":"GET","service":"leiriadetail-api","status":304,"timestamp":"2026-06-02T16:12:29.970Z","url":"/Authentication/Role"}
{"duration":"14ms","ip":"::1","level":"info","message":"HTTP Request","method":"GET","service":"leiriadetail-api","status":304,"timestamp":"2026-06-02T16:13:57.244Z","url":"/Authentication/Role"}
{"duration":"3ms","ip":"::1","level":"info","message":"HTTP Request","method":"GET","service":"leiriadetail-api","status":304,"timestamp":"2026-06-02T16:13:57.648Z","url":"/Authentication/Role"}
{"level":"info","message":"⏰ Cron de limpeza de pending bookings iniciado (a cada 5 minuto(s))","service":"leiriadetail-api","timestamp":"2026-06-02T16:18:26.846Z"}
{"level":"info","message":"API a correr em development na porta 3001","service":"leiriadetail-api","timestamp":"2026-06-02T16:18:26.849Z"}
{"duration":"9ms","ip":"::1","level":"info","message":"HTTP Request","method":"GET","service":"leiriadetail-api","status":200,"timestamp":"2026-06-02T16:18:31.699Z","url":"/Services/"}
{"duration":"5ms","ip":"::1","level":"info","message":"HTTP Request","method":"GET","service":"leiriadetail-api","status":304,"timestamp":"2026-06-02T16:18:31.948Z","url":"/Authentication/Role"}
{"duration":"15ms","ip":"::1","level":"info","message":"HTTP Request","method":"GET","service":"leiriadetail-api","status":200,"timestamp":"2026-06-02T16:20:19.383Z","url":"/Services/"}
{"duration":"20ms","ip":"::1","level":"info","message":"HTTP Request","method":"GET","service":"leiriadetail-api","status":304,"timestamp":"2026-06-02T16:20:19.385Z","url":"/Authentication/Role"}
{"duration":"3ms","ip":"::1","level":"info","message":"HTTP Request","method":"GET","service":"leiriadetail-api","status":200,"timestamp":"2026-06-02T16:20:21.730Z","url":"/Services/"}
{"duration":"4ms","ip":"::1","level":"info","message":"HTTP Request","method":"GET","service":"leiriadetail-api","status":304,"timestamp":"2026-06-02T16:20:21.731Z","url":"/Authentication/Role"}
{"duration":"5ms","ip":"::1","level":"info","message":"HTTP Request","method":"GET","service":"leiriadetail-api","status":304,"timestamp":"2026-06-02T16:20:38.325Z","url":"/Authentication/Role"}
{"duration":"4ms","ip":"::1","level":"info","message":"HTTP Request","method":"GET","service":"leiriadetail-api","status":200,"timestamp":"2026-06-02T16:20:38.326Z","url":"/Services/"}
{"duration":"3ms","ip":"::1","level":"info","message":"HTTP Request","method":"GET","service":"leiriadetail-api","status":304,"timestamp":"2026-06-02T16:20:56.539Z","url":"/Authentication/Role"}
{"duration":"4ms","ip":"::1","level":"info","message":"HTTP Request","method":"GET","service":"leiriadetail-api","status":200,"timestamp":"2026-06-02T16:20:56.541Z","url":"/Services/"}
{"duration":"5ms","ip":"::1","level":"info","message":"HTTP Request","method":"GET","service":"leiriadetail-api","status":304,"timestamp":"2026-06-02T16:20:59.912Z","url":"/Authentication/Role"}
{"duration":"4ms","ip":"::1","level":"info","message":"HTTP Request","method":"GET","service":"leiriadetail-api","status":200,"timestamp":"2026-06-02T16:20:59.914Z","url":"/Services/"}
{"duration":"12ms","ip":"::1","level":"info","message":"HTTP Request","method":"GET","service":"leiriadetail-api","status":200,"timestamp":"2026-06-02T16:22:38.415Z","url":"/Faqs/"}
{"duration":"13ms","ip":"::1","level":"info","message":"HTTP Request","method":"GET","service":"leiriadetail-api","status":200,"timestamp":"2026-06-02T16:22:38.416Z","url":"/Reviews/"}
{"level":"info","message":"⏰ Cron de limpeza de pending bookings iniciado (a cada 5 minuto(s))","service":"leiriadetail-api","timestamp":"2026-06-02T16:25:10.907Z"}
{"level":"info","message":"API a correr em development na porta 3001","service":"leiriadetail-api","timestamp":"2026-06-02T16:25:10.911Z"}
{"level":"info","message":"⏰ Cron de limpeza de pending bookings iniciado (a cada 5 minuto(s))","service":"leiriadetail-api","timestamp":"2026-06-02T16:25:21.044Z"}
{"level":"info","message":"API a correr em development na porta 3001","service":"leiriadetail-api","timestamp":"2026-06-02T16:25:21.049Z"}
{"level":"info","message":"⏰ Cron de limpeza de pending bookings iniciado (a cada 5 minuto(s))","service":"leiriadetail-api","timestamp":"2026-06-02T16:25:24.753Z"}
{"level":"info","message":"API a correr em development na porta 3001","service":"leiriadetail-api","timestamp":"2026-06-02T16:25:24.757Z"}
{"level":"info","message":"⏰ Cron de limpeza de pending bookings iniciado (a cada 5 minuto(s))","service":"leiriadetail-api","timestamp":"2026-06-02T16:26:18.733Z"}
{"level":"info","message":"API a correr em development na porta 3001","service":"leiriadetail-api","timestamp":"2026-06-02T16:26:18.736Z"}
{"level":"info","message":"⏰ Cron de limpeza de pending bookings iniciado (a cada 5 minuto(s))","service":"leiriadetail-api","timestamp":"2026-06-02T16:26:20.276Z"}
{"level":"info","message":"API a correr em development na porta 3001","service":"leiriadetail-api","timestamp":"2026-06-02T16:26:20.280Z"}
{"level":"info","message":"⏰ Cron de limpeza de pending bookings iniciado (a cada 5 minuto(s))","service":"leiriadetail-api","timestamp":"2026-06-02T16:26:22.774Z"}
{"level":"info","message":"API a correr em development na porta 3001","service":"leiriadetail-api","timestamp":"2026-06-02T16:26:22.778Z"}
{"level":"info","message":"⏰ Cron de limpeza de pending bookings iniciado (a cada 5 minuto(s))","service":"leiriadetail-api","timestamp":"2026-06-02T16:26:36.241Z"}
{"level":"info","message":"API a correr em development na porta 3001","service":"leiriadetail-api","timestamp":"2026-06-02T16:26:36.244Z"}
{"level":"info","message":"⏰ Cron de limpeza de pending bookings iniciado (a cada 5 minuto(s))","service":"leiriadetail-api","timestamp":"2026-06-02T16:27:55.500Z"}
{"level":"info","message":"API a correr em development na porta 3001","service":"leiriadetail-api","timestamp":"2026-06-02T16:27:55.503Z"}
{"level":"info","message":"⏰ Cron de limpeza de pending bookings iniciado (a cada 5 minuto(s))","service":"leiriadetail-api","timestamp":"2026-06-02T16:28:31.073Z"}
{"level":"info","message":"API a correr em development na porta 3001","service":"leiriadetail-api","timestamp":"2026-06-02T16:28:31.077Z"}
